pdf_name,listenname,typ,beschreibung,code_raw,code_norm
"DeQS_AmbPT_EJ-2025_QIDB-RR-P_V02_2024-05-16.pdf","GOP_AmbPT_1","GOP","AmbPT – GOP-Kodes für alle psychotherapeutischen Therapieverfahren","35401","35401"
"DeQS_AmbPT_EJ-2025_QIDB-RR-P_V02_2024-05-16.pdf","GOP_AmbPT_1","GOP","AmbPT – GOP-Kodes für alle psychotherapeutischen Therapieverfahren","35402","35402"
"DeQS_AmbPT_EJ-2025_QIDB-RR-P_V02_2024-05-16.pdf","GOP_AmbPT_1","GOP","AmbPT – GOP-Kodes für alle psychotherapeutischen Therapieverfahren","35405","35405"
"DeQS_AmbPT_EJ-2025_QIDB-RR-P_V02_2024-05-16.pdf","GOP_AmbPT_1","GOP","AmbPT – GOP-Kodes für alle psychotherapeutischen Therapieverfahren","35411","35411"
"DeQS_AmbPT_EJ-2025_QIDB-RR-P_V02_2024-05-16.pdf","GOP_AmbPT_1","GOP","AmbPT – GOP-Kodes für alle psychotherapeutischen Therapieverfahren","35412","35412"
"DeQS_AmbPT_EJ-2025_QIDB-RR-P_V02_2024-05-16.pdf","GOP_AmbPT_1","GOP","AmbPT – GOP-Kodes für alle psychotherapeutischen Therapieverfahren","35415","35415"
"DeQS_AmbPT_EJ-2025_QIDB-RR-P_V02_2024-05-16.pdf","GOP_AmbPT_1","GOP","AmbPT – GOP-Kodes für alle psychotherapeutischen Therapieverfahren","35421","35421"
"DeQS_AmbPT_EJ-2025_QIDB-RR-P_V02_2024-05-16.pdf","GOP_AmbPT_1","GOP","AmbPT – GOP-Kodes für alle psychotherapeutischen Therapieverfahren","35422","35422"
"DeQS_AmbPT_EJ-2025_QIDB-RR-P_V02_2024-05-16.pdf","GOP_AmbPT_1","GOP","AmbPT – GOP-Kodes für alle psychotherapeutischen Therapieverfahren","35425","35425"
"DeQS_AmbPT_EJ-2025_QIDB-RR-P_V02_2024-05-16.pdf","GOP_AmbPT_1","GOP","AmbPT – GOP-Kodes für alle psychotherapeutischen Therapieverfahren","35431","35431"
"DeQS_AmbPT_EJ-2025_QIDB-RR-P_V02_2024-05-16.pdf","GOP_AmbPT_1","GOP","AmbPT – GOP-Kodes für alle psychotherapeutischen Therapieverfahren","35432","35432"
"DeQS_AmbPT_EJ-2025_QIDB-RR-P_V02_2024-05-16.pdf","GOP_AmbPT_1","GOP","AmbPT – GOP-Kodes für alle psychotherapeutischen Therapieverfahren","35435","35435"
"DeQS_AmbPT_EJ-2025_QIDB-RR-P_V02_2024-05-16.pdf","GOP_AmbPT_2","GOP","AmbPT – GOP-Kodes für die psychotherapeutischen Therapieverfahren: Tiefenpsychologisch","fundierte Psychotherapie","fundiertePsychotherapie"
"DeQS_AmbPT_EJ-2025_QIDB-RR-P_V02_2024-05-16.pdf","GOP_AmbPT_2","GOP","AmbPT – GOP-Kodes für die psychotherapeutischen Therapieverfahren: Tiefenpsychologisch","Verhaltenstherapie und Systemische Therapie","VerhaltenstherapieundSystemischeTherapie"
"DeQS_AmbPT_EJ-2025_QIDB-RR-P_V02_2024-05-16.pdf","FA_SPCode_AmbPT","FA_SP Code","AmbPT – FA/SP Codes zur Kodierung für Facharztgruppenzugehörigkeit und Facharzt","68","68"
"DeQS_AmbPT_EJ-2025_QIDB-RR-P_V02_2024-05-16.pdf","FA_SPCode_AmbPT","FA_SP Code","AmbPT – FA/SP Codes zur Kodierung für Facharztgruppenzugehörigkeit und Facharzt","51","51"
"DeQS_AmbPT_EJ-2025_QIDB-RR-P_V02_2024-05-16.pdf","FA_SPCode_AmbPT","FA_SP Code","AmbPT – FA/SP Codes zur Kodierung für Facharztgruppenzugehörigkeit und Facharzt","58","58"
"DeQS_AmbPT_EJ-2025_QIDB-RR-P_V02_2024-05-16.pdf","FA_SPCode_AmbPT","FA_SP Code","AmbPT – FA/SP Codes zur Kodierung für Facharztgruppenzugehörigkeit und Facharzt","60","60"
"DeQS_AmbPT_EJ-2025_QIDB-RR-P_V02_2024-05-16.pdf","FA_SPCode_AmbPT","FA_SP Code","AmbPT – FA/SP Codes zur Kodierung für Facharztgruppenzugehörigkeit und Facharzt","61","61"
"DeQS_AmbPT_EJ-2025_QIDB-RR-P_V02_2024-05-16.pdf","ICD_AmbPT","ICD","AmbPT – ICD-Kodes für die eingeschlossenen FDiagnosen","F06.0","F06.0"
"DeQS_AmbPT_EJ-2025_QIDB-RR-P_V02_2024-05-16.pdf","ICD_AmbPT","ICD","AmbPT – ICD-Kodes für die eingeschlossenen FDiagnosen","F06.1","F06.1"
"DeQS_AmbPT_EJ-2025_QIDB-RR-P_V02_2024-05-16.pdf","ICD_AmbPT","ICD","AmbPT – ICD-Kodes für die eingeschlossenen FDiagnosen","F06.2","F06.2"
"DeQS_AmbPT_EJ-2025_QIDB-RR-P_V02_2024-05-16.pdf","ICD_AmbPT","ICD","AmbPT – ICD-Kodes für die eingeschlossenen FDiagnosen","F06.3","F06.3"
"DeQS_AmbPT_EJ-2025_QIDB-RR-P_V02_2024-05-16.pdf","ICD_AmbPT","ICD","AmbPT – ICD-Kodes für die eingeschlossenen FDiagnosen","F06.4","F06.4"
"DeQS_AmbPT_EJ-2025_QIDB-RR-P_V02_2024-05-16.pdf","ICD_AmbPT","ICD","AmbPT – ICD-Kodes für die eingeschlossenen FDiagnosen","F06.5","F06.5"
"DeQS_AmbPT_EJ-2025_QIDB-RR-P_V02_2024-05-16.pdf","ICD_AmbPT","ICD","AmbPT – ICD-Kodes für die eingeschlossenen FDiagnosen","F06.6","F06.6"
"DeQS_AmbPT_EJ-2025_QIDB-RR-P_V02_2024-05-16.pdf","ICD_AmbPT","ICD","AmbPT – ICD-Kodes für die eingeschlossenen FDiagnosen","F06.7","F06.7"
"DeQS_AmbPT_EJ-2025_QIDB-RR-P_V02_2024-05-16.pdf","ICD_AmbPT","ICD","AmbPT – ICD-Kodes für die eingeschlossenen FDiagnosen","F06.8","F06.8"
"DeQS_AmbPT_EJ-2025_QIDB-RR-P_V02_2024-05-16.pdf","ICD_AmbPT","ICD","AmbPT – ICD-Kodes für die eingeschlossenen FDiagnosen","F06.9","F06.9"
"DeQS_AmbPT_EJ-2025_QIDB-RR-P_V02_2024-05-16.pdf","ICD_AmbPT","ICD","AmbPT – ICD-Kodes für die eingeschlossenen FDiagnosen","F07.0","F07.0"
"DeQS_AmbPT_EJ-2025_QIDB-RR-P_V02_2024-05-16.pdf","ICD_AmbPT","ICD","AmbPT – ICD-Kodes für die eingeschlossenen FDiagnosen","F07.1","F07.1"
"DeQS_AmbPT_EJ-2025_QIDB-RR-P_V02_2024-05-16.pdf","ICD_AmbPT","ICD","AmbPT – ICD-Kodes für die eingeschlossenen FDiagnosen","F07.2","F07.2"
"DeQS_AmbPT_EJ-2025_QIDB-RR-P_V02_2024-05-16.pdf","ICD_AmbPT","ICD","AmbPT – ICD-Kodes für die eingeschlossenen FDiagnosen","F07.8","F07.8"
"DeQS_AmbPT_EJ-2025_QIDB-RR-P_V02_2024-05-16.pdf","ICD_AmbPT","ICD","AmbPT – ICD-Kodes für die eingeschlossenen FDiagnosen","F07.9","F07.9"
"DeQS_AmbPT_EJ-2025_QIDB-RR-P_V02_2024-05-16.pdf","ICD_AmbPT","ICD","AmbPT – ICD-Kodes für die eingeschlossenen FDiagnosen","F09","F09"
"DeQS_AmbPT_EJ-2025_QIDB-RR-P_V02_2024-05-16.pdf","ICD_AmbPT","ICD","AmbPT – ICD-Kodes für die eingeschlossenen FDiagnosen","F10.0","F10.0"
"DeQS_AmbPT_EJ-2025_QIDB-RR-P_V02_2024-05-16.pdf","ICD_AmbPT","ICD","AmbPT – ICD-Kodes für die eingeschlossenen FDiagnosen","F10.1","F10.1"
"DeQS_AmbPT_EJ-2025_QIDB-RR-P_V02_2024-05-16.pdf","ICD_AmbPT","ICD","AmbPT – ICD-Kodes für die eingeschlossenen FDiagnosen","F10.2","F10.2"
"DeQS_AmbPT_EJ-2025_QIDB-RR-P_V02_2024-05-16.pdf","ICD_AmbPT","ICD","AmbPT – ICD-Kodes für die eingeschlossenen FDiagnosen","F10.3","F10.3"
"DeQS_AmbPT_EJ-2025_QIDB-RR-P_V02_2024-05-16.pdf","ICD_AmbPT","ICD","AmbPT – ICD-Kodes für die eingeschlossenen FDiagnosen","F10.4","F10.4"
"DeQS_AmbPT_EJ-2025_QIDB-RR-P_V02_2024-05-16.pdf","ICD_AmbPT","ICD","AmbPT – ICD-Kodes für die eingeschlossenen FDiagnosen","F10.5","F10.5"
"DeQS_AmbPT_EJ-2025_QIDB-RR-P_V02_2024-05-16.pdf","ICD_AmbPT","ICD","AmbPT – ICD-Kodes für die eingeschlossenen FDiagnosen","F11.0","F11.0"
"DeQS_AmbPT_EJ-2025_QIDB-RR-P_V02_2024-05-16.pdf","ICD_AmbPT","ICD","AmbPT – ICD-Kodes für die eingeschlossenen FDiagnosen","F11.1","F11.1"
"DeQS_AmbPT_EJ-2025_QIDB-RR-P_V02_2024-05-16.pdf","ICD_AmbPT","ICD","AmbPT – ICD-Kodes für die eingeschlossenen FDiagnosen","F11.2","F11.2"
"DeQS_AmbPT_EJ-2025_QIDB-RR-P_V02_2024-05-16.pdf","ICD_AmbPT","ICD","AmbPT – ICD-Kodes für die eingeschlossenen FDiagnosen","F11.3","F11.3"
"DeQS_AmbPT_EJ-2025_QIDB-RR-P_V02_2024-05-16.pdf","ICD_AmbPT","ICD","AmbPT – ICD-Kodes für die eingeschlossenen FDiagnosen","F11.4","F11.4"
"DeQS_AmbPT_EJ-2025_QIDB-RR-P_V02_2024-05-16.pdf","ICD_AmbPT","ICD","AmbPT – ICD-Kodes für die eingeschlossenen FDiagnosen","F11.5","F11.5"
"DeQS_AmbPT_EJ-2025_QIDB-RR-P_V02_2024-05-16.pdf","ICD_AmbPT","ICD","AmbPT – ICD-Kodes für die eingeschlossenen FDiagnosen","F12.0","F12.0"
"DeQS_AmbPT_EJ-2025_QIDB-RR-P_V02_2024-05-16.pdf","ICD_AmbPT","ICD","AmbPT – ICD-Kodes für die eingeschlossenen FDiagnosen","F12.1","F12.1"
"DeQS_AmbPT_EJ-2025_QIDB-RR-P_V02_2024-05-16.pdf","ICD_AmbPT","ICD","AmbPT – ICD-Kodes für die eingeschlossenen FDiagnosen","F12.2","F12.2"
"DeQS_AmbPT_EJ-2025_QIDB-RR-P_V02_2024-05-16.pdf","ICD_AmbPT","ICD","AmbPT – ICD-Kodes für die eingeschlossenen FDiagnosen","F12.3","F12.3"
"DeQS_AmbPT_EJ-2025_QIDB-RR-P_V02_2024-05-16.pdf","ICD_AmbPT","ICD","AmbPT – ICD-Kodes für die eingeschlossenen FDiagnosen","F12.4","F12.4"
"DeQS_AmbPT_EJ-2025_QIDB-RR-P_V02_2024-05-16.pdf","ICD_AmbPT","ICD","AmbPT – ICD-Kodes für die eingeschlossenen FDiagnosen","F12.5","F12.5"
"DeQS_AmbPT_EJ-2025_QIDB-RR-P_V02_2024-05-16.pdf","ICD_AmbPT","ICD","AmbPT – ICD-Kodes für die eingeschlossenen FDiagnosen","F13.0","F13.0"
"DeQS_AmbPT_EJ-2025_QIDB-RR-P_V02_2024-05-16.pdf","ICD_AmbPT","ICD","AmbPT – ICD-Kodes für die eingeschlossenen FDiagnosen","F13.1","F13.1"
"DeQS_AmbPT_EJ-2025_QIDB-RR-P_V02_2024-05-16.pdf","ICD_AmbPT","ICD","AmbPT – ICD-Kodes für die eingeschlossenen FDiagnosen","F13.2","F13.2"
"DeQS_AmbPT_EJ-2025_QIDB-RR-P_V02_2024-05-16.pdf","ICD_AmbPT","ICD","AmbPT – ICD-Kodes für die eingeschlossenen FDiagnosen","F13.3","F13.3"
"DeQS_AmbPT_EJ-2025_QIDB-RR-P_V02_2024-05-16.pdf","ICD_AmbPT","ICD","AmbPT – ICD-Kodes für die eingeschlossenen FDiagnosen","F13.4","F13.4"
"DeQS_AmbPT_EJ-2025_QIDB-RR-P_V02_2024-05-16.pdf","ICD_AmbPT","ICD","AmbPT – ICD-Kodes für die eingeschlossenen FDiagnosen","F13.5","F13.5"
"DeQS_AmbPT_EJ-2025_QIDB-RR-P_V02_2024-05-16.pdf","ICD_AmbPT","ICD","AmbPT – ICD-Kodes für die eingeschlossenen FDiagnosen","F14.0","F14.0"
"DeQS_AmbPT_EJ-2025_QIDB-RR-P_V02_2024-05-16.pdf","ICD_AmbPT","ICD","AmbPT – ICD-Kodes für die eingeschlossenen FDiagnosen","F14.1","F14.1"
"DeQS_AmbPT_EJ-2025_QIDB-RR-P_V02_2024-05-16.pdf","ICD_AmbPT","ICD","AmbPT – ICD-Kodes für die eingeschlossenen FDiagnosen","F14.2","F14.2"
"DeQS_AmbPT_EJ-2025_QIDB-RR-P_V02_2024-05-16.pdf","ICD_AmbPT","ICD","AmbPT – ICD-Kodes für die eingeschlossenen FDiagnosen","F14.3","F14.3"
"DeQS_AmbPT_EJ-2025_QIDB-RR-P_V02_2024-05-16.pdf","ICD_AmbPT","ICD","AmbPT – ICD-Kodes für die eingeschlossenen FDiagnosen","F14.4","F14.4"
"DeQS_AmbPT_EJ-2025_QIDB-RR-P_V02_2024-05-16.pdf","ICD_AmbPT","ICD","AmbPT – ICD-Kodes für die eingeschlossenen FDiagnosen","F14.5","F14.5"
"DeQS_AmbPT_EJ-2025_QIDB-RR-P_V02_2024-05-16.pdf","ICD_AmbPT","ICD","AmbPT – ICD-Kodes für die eingeschlossenen FDiagnosen","F15.0","F15.0"
"DeQS_AmbPT_EJ-2025_QIDB-RR-P_V02_2024-05-16.pdf","ICD_AmbPT","ICD","AmbPT – ICD-Kodes für die eingeschlossenen FDiagnosen","F15.1","F15.1"
"DeQS_AmbPT_EJ-2025_QIDB-RR-P_V02_2024-05-16.pdf","ICD_AmbPT","ICD","AmbPT – ICD-Kodes für die eingeschlossenen FDiagnosen","F15.2","F15.2"
"DeQS_AmbPT_EJ-2025_QIDB-RR-P_V02_2024-05-16.pdf","ICD_AmbPT","ICD","AmbPT – ICD-Kodes für die eingeschlossenen FDiagnosen","F15.3","F15.3"
"DeQS_AmbPT_EJ-2025_QIDB-RR-P_V02_2024-05-16.pdf","ICD_AmbPT","ICD","AmbPT – ICD-Kodes für die eingeschlossenen FDiagnosen","F15.4","F15.4"
"DeQS_AmbPT_EJ-2025_QIDB-RR-P_V02_2024-05-16.pdf","ICD_AmbPT","ICD","AmbPT – ICD-Kodes für die eingeschlossenen FDiagnosen","F15.5","F15.5"
"DeQS_AmbPT_EJ-2025_QIDB-RR-P_V02_2024-05-16.pdf","ICD_AmbPT","ICD","AmbPT – ICD-Kodes für die eingeschlossenen FDiagnosen","F16.0","F16.0"
"DeQS_AmbPT_EJ-2025_QIDB-RR-P_V02_2024-05-16.pdf","ICD_AmbPT","ICD","AmbPT – ICD-Kodes für die eingeschlossenen FDiagnosen","F16.1","F16.1"
"DeQS_AmbPT_EJ-2025_QIDB-RR-P_V02_2024-05-16.pdf","ICD_AmbPT","ICD","AmbPT – ICD-Kodes für die eingeschlossenen FDiagnosen","F16.2","F16.2"
"DeQS_AmbPT_EJ-2025_QIDB-RR-P_V02_2024-05-16.pdf","ICD_AmbPT","ICD","AmbPT – ICD-Kodes für die eingeschlossenen FDiagnosen","F16.3","F16.3"
"DeQS_AmbPT_EJ-2025_QIDB-RR-P_V02_2024-05-16.pdf","ICD_AmbPT","ICD","AmbPT – ICD-Kodes für die eingeschlossenen FDiagnosen","F16.4","F16.4"
"DeQS_AmbPT_EJ-2025_QIDB-RR-P_V02_2024-05-16.pdf","ICD_AmbPT","ICD","AmbPT – ICD-Kodes für die eingeschlossenen FDiagnosen","F16.5","F16.5"
"DeQS_AmbPT_EJ-2025_QIDB-RR-P_V02_2024-05-16.pdf","ICD_AmbPT","ICD","AmbPT – ICD-Kodes für die eingeschlossenen FDiagnosen","F17.0","F17.0"
"DeQS_AmbPT_EJ-2025_QIDB-RR-P_V02_2024-05-16.pdf","ICD_AmbPT","ICD","AmbPT – ICD-Kodes für die eingeschlossenen FDiagnosen","F17.1","F17.1"
"DeQS_AmbPT_EJ-2025_QIDB-RR-P_V02_2024-05-16.pdf","ICD_AmbPT","ICD","AmbPT – ICD-Kodes für die eingeschlossenen FDiagnosen","F17.2","F17.2"
"DeQS_AmbPT_EJ-2025_QIDB-RR-P_V02_2024-05-16.pdf","ICD_AmbPT","ICD","AmbPT – ICD-Kodes für die eingeschlossenen FDiagnosen","F17.3","F17.3"
"DeQS_AmbPT_EJ-2025_QIDB-RR-P_V02_2024-05-16.pdf","ICD_AmbPT","ICD","AmbPT – ICD-Kodes für die eingeschlossenen FDiagnosen","F17.4","F17.4"
"DeQS_AmbPT_EJ-2025_QIDB-RR-P_V02_2024-05-16.pdf","ICD_AmbPT","ICD","AmbPT – ICD-Kodes für die eingeschlossenen FDiagnosen","F17.5","F17.5"
"DeQS_AmbPT_EJ-2025_QIDB-RR-P_V02_2024-05-16.pdf","ICD_AmbPT","ICD","AmbPT – ICD-Kodes für die eingeschlossenen FDiagnosen","F18.0","F18.0"
"DeQS_AmbPT_EJ-2025_QIDB-RR-P_V02_2024-05-16.pdf","ICD_AmbPT","ICD","AmbPT – ICD-Kodes für die eingeschlossenen FDiagnosen","F18.1","F18.1"
"DeQS_AmbPT_EJ-2025_QIDB-RR-P_V02_2024-05-16.pdf","ICD_AmbPT","ICD","AmbPT – ICD-Kodes für die eingeschlossenen FDiagnosen","F18.2","F18.2"
"DeQS_AmbPT_EJ-2025_QIDB-RR-P_V02_2024-05-16.pdf","ICD_AmbPT","ICD","AmbPT – ICD-Kodes für die eingeschlossenen FDiagnosen","F18.3","F18.3"
"DeQS_AmbPT_EJ-2025_QIDB-RR-P_V02_2024-05-16.pdf","ICD_AmbPT","ICD","AmbPT – ICD-Kodes für die eingeschlossenen FDiagnosen","F18.4","F18.4"
"DeQS_AmbPT_EJ-2025_QIDB-RR-P_V02_2024-05-16.pdf","ICD_AmbPT","ICD","AmbPT – ICD-Kodes für die eingeschlossenen FDiagnosen","F18.5","F18.5"
"DeQS_AmbPT_EJ-2025_QIDB-RR-P_V02_2024-05-16.pdf","ICD_AmbPT","ICD","AmbPT – ICD-Kodes für die eingeschlossenen FDiagnosen","F19.0","F19.0"
"DeQS_AmbPT_EJ-2025_QIDB-RR-P_V02_2024-05-16.pdf","ICD_AmbPT","ICD","AmbPT – ICD-Kodes für die eingeschlossenen FDiagnosen","F19.1","F19.1"
"DeQS_AmbPT_EJ-2025_QIDB-RR-P_V02_2024-05-16.pdf","ICD_AmbPT","ICD","AmbPT – ICD-Kodes für die eingeschlossenen FDiagnosen","F19.2","F19.2"
"DeQS_AmbPT_EJ-2025_QIDB-RR-P_V02_2024-05-16.pdf","ICD_AmbPT","ICD","AmbPT – ICD-Kodes für die eingeschlossenen FDiagnosen","F19.3","F19.3"
"DeQS_AmbPT_EJ-2025_QIDB-RR-P_V02_2024-05-16.pdf","ICD_AmbPT","ICD","AmbPT – ICD-Kodes für die eingeschlossenen FDiagnosen","F19.4","F19.4"
"DeQS_AmbPT_EJ-2025_QIDB-RR-P_V02_2024-05-16.pdf","ICD_AmbPT","ICD","AmbPT – ICD-Kodes für die eingeschlossenen FDiagnosen","F19.5","F19.5"
"DeQS_AmbPT_EJ-2025_QIDB-RR-P_V02_2024-05-16.pdf","ICD_AmbPT","ICD","AmbPT – ICD-Kodes für die eingeschlossenen FDiagnosen","F20.0","F20.0"
"DeQS_AmbPT_EJ-2025_QIDB-RR-P_V02_2024-05-16.pdf","ICD_AmbPT","ICD","AmbPT – ICD-Kodes für die eingeschlossenen FDiagnosen","F20.1","F20.1"
"DeQS_AmbPT_EJ-2025_QIDB-RR-P_V02_2024-05-16.pdf","ICD_AmbPT","ICD","AmbPT – ICD-Kodes für die eingeschlossenen FDiagnosen","F20.2","F20.2"
"DeQS_AmbPT_EJ-2025_QIDB-RR-P_V02_2024-05-16.pdf","ICD_AmbPT","ICD","AmbPT – ICD-Kodes für die eingeschlossenen FDiagnosen","F20.3","F20.3"
"DeQS_AmbPT_EJ-2025_QIDB-RR-P_V02_2024-05-16.pdf","ICD_AmbPT","ICD","AmbPT – ICD-Kodes für die eingeschlossenen FDiagnosen","F20.4","F20.4"
"DeQS_AmbPT_EJ-2025_QIDB-RR-P_V02_2024-05-16.pdf","ICD_AmbPT","ICD","AmbPT – ICD-Kodes für die eingeschlossenen FDiagnosen","F20.5","F20.5"
"DeQS_AmbPT_EJ-2025_QIDB-RR-P_V02_2024-05-16.pdf","ICD_AmbPT","ICD","AmbPT – ICD-Kodes für die eingeschlossenen FDiagnosen","F20.6","F20.6"
"DeQS_AmbPT_EJ-2025_QIDB-RR-P_V02_2024-05-16.pdf","ICD_AmbPT","ICD","AmbPT – ICD-Kodes für die eingeschlossenen FDiagnosen","F20.8","F20.8"
"DeQS_AmbPT_EJ-2025_QIDB-RR-P_V02_2024-05-16.pdf","ICD_AmbPT","ICD","AmbPT – ICD-Kodes für die eingeschlossenen FDiagnosen","F20.9","F20.9"
"DeQS_AmbPT_EJ-2025_QIDB-RR-P_V02_2024-05-16.pdf","ICD_AmbPT","ICD","AmbPT – ICD-Kodes für die eingeschlossenen FDiagnosen","F21","F21"
"DeQS_AmbPT_EJ-2025_QIDB-RR-P_V02_2024-05-16.pdf","ICD_AmbPT","ICD","AmbPT – ICD-Kodes für die eingeschlossenen FDiagnosen","F22.0","F22.0"
"DeQS_AmbPT_EJ-2025_QIDB-RR-P_V02_2024-05-16.pdf","ICD_AmbPT","ICD","AmbPT – ICD-Kodes für die eingeschlossenen FDiagnosen","F22.8","F22.8"
"DeQS_AmbPT_EJ-2025_QIDB-RR-P_V02_2024-05-16.pdf","ICD_AmbPT","ICD","AmbPT – ICD-Kodes für die eingeschlossenen FDiagnosen","F22.9","F22.9"
"DeQS_AmbPT_EJ-2025_QIDB-RR-P_V02_2024-05-16.pdf","ICD_AmbPT","ICD","AmbPT – ICD-Kodes für die eingeschlossenen FDiagnosen","F23.0","F23.0"
"DeQS_AmbPT_EJ-2025_QIDB-RR-P_V02_2024-05-16.pdf","ICD_AmbPT","ICD","AmbPT – ICD-Kodes für die eingeschlossenen FDiagnosen","F23.1","F23.1"
"DeQS_AmbPT_EJ-2025_QIDB-RR-P_V02_2024-05-16.pdf","ICD_AmbPT","ICD","AmbPT – ICD-Kodes für die eingeschlossenen FDiagnosen","F23.2","F23.2"
"DeQS_AmbPT_EJ-2025_QIDB-RR-P_V02_2024-05-16.pdf","ICD_AmbPT","ICD","AmbPT – ICD-Kodes für die eingeschlossenen FDiagnosen","F23.3","F23.3"
"DeQS_AmbPT_EJ-2025_QIDB-RR-P_V02_2024-05-16.pdf","ICD_AmbPT","ICD","AmbPT – ICD-Kodes für die eingeschlossenen FDiagnosen","F23.8","F23.8"
"DeQS_AmbPT_EJ-2025_QIDB-RR-P_V02_2024-05-16.pdf","ICD_AmbPT","ICD","AmbPT – ICD-Kodes für die eingeschlossenen FDiagnosen","F23.9","F23.9"
"DeQS_AmbPT_EJ-2025_QIDB-RR-P_V02_2024-05-16.pdf","ICD_AmbPT","ICD","AmbPT – ICD-Kodes für die eingeschlossenen FDiagnosen","F24","F24"
"DeQS_AmbPT_EJ-2025_QIDB-RR-P_V02_2024-05-16.pdf","ICD_AmbPT","ICD","AmbPT – ICD-Kodes für die eingeschlossenen FDiagnosen","F25.0","F25.0"
"DeQS_AmbPT_EJ-2025_QIDB-RR-P_V02_2024-05-16.pdf","ICD_AmbPT","ICD","AmbPT – ICD-Kodes für die eingeschlossenen FDiagnosen","F25.1","F25.1"
"DeQS_AmbPT_EJ-2025_QIDB-RR-P_V02_2024-05-16.pdf","ICD_AmbPT","ICD","AmbPT – ICD-Kodes für die eingeschlossenen FDiagnosen","F25.2","F25.2"
"DeQS_AmbPT_EJ-2025_QIDB-RR-P_V02_2024-05-16.pdf","ICD_AmbPT","ICD","AmbPT – ICD-Kodes für die eingeschlossenen FDiagnosen","F25.8","F25.8"
"DeQS_AmbPT_EJ-2025_QIDB-RR-P_V02_2024-05-16.pdf","ICD_AmbPT","ICD","AmbPT – ICD-Kodes für die eingeschlossenen FDiagnosen","F25.9","F25.9"
"DeQS_AmbPT_EJ-2025_QIDB-RR-P_V02_2024-05-16.pdf","ICD_AmbPT","ICD","AmbPT – ICD-Kodes für die eingeschlossenen FDiagnosen","F28","F28"
"DeQS_AmbPT_EJ-2025_QIDB-RR-P_V02_2024-05-16.pdf","ICD_AmbPT","ICD","AmbPT – ICD-Kodes für die eingeschlossenen FDiagnosen","F29","F29"
"DeQS_AmbPT_EJ-2025_QIDB-RR-P_V02_2024-05-16.pdf","ICD_AmbPT","ICD","AmbPT – ICD-Kodes für die eingeschlossenen FDiagnosen","F30.0","F30.0"
"DeQS_AmbPT_EJ-2025_QIDB-RR-P_V02_2024-05-16.pdf","ICD_AmbPT","ICD","AmbPT – ICD-Kodes für die eingeschlossenen FDiagnosen","F30.1","F30.1"
"DeQS_AmbPT_EJ-2025_QIDB-RR-P_V02_2024-05-16.pdf","ICD_AmbPT","ICD","AmbPT – ICD-Kodes für die eingeschlossenen FDiagnosen","F30.2","F30.2"
"DeQS_AmbPT_EJ-2025_QIDB-RR-P_V02_2024-05-16.pdf","ICD_AmbPT","ICD","AmbPT – ICD-Kodes für die eingeschlossenen FDiagnosen","F30.8","F30.8"
"DeQS_AmbPT_EJ-2025_QIDB-RR-P_V02_2024-05-16.pdf","ICD_AmbPT","ICD","AmbPT – ICD-Kodes für die eingeschlossenen FDiagnosen","F30.9","F30.9"
"DeQS_AmbPT_EJ-2025_QIDB-RR-P_V02_2024-05-16.pdf","ICD_AmbPT","ICD","AmbPT – ICD-Kodes für die eingeschlossenen FDiagnosen","F31.0","F31.0"
"DeQS_AmbPT_EJ-2025_QIDB-RR-P_V02_2024-05-16.pdf","ICD_AmbPT","ICD","AmbPT – ICD-Kodes für die eingeschlossenen FDiagnosen","F31.1","F31.1"
"DeQS_AmbPT_EJ-2025_QIDB-RR-P_V02_2024-05-16.pdf","ICD_AmbPT","ICD","AmbPT – ICD-Kodes für die eingeschlossenen FDiagnosen","F31.2","F31.2"
"DeQS_AmbPT_EJ-2025_QIDB-RR-P_V02_2024-05-16.pdf","ICD_AmbPT","ICD","AmbPT – ICD-Kodes für die eingeschlossenen FDiagnosen","F31.3","F31.3"
"DeQS_AmbPT_EJ-2025_QIDB-RR-P_V02_2024-05-16.pdf","ICD_AmbPT","ICD","AmbPT – ICD-Kodes für die eingeschlossenen FDiagnosen","F31.4","F31.4"
"DeQS_AmbPT_EJ-2025_QIDB-RR-P_V02_2024-05-16.pdf","ICD_AmbPT","ICD","AmbPT – ICD-Kodes für die eingeschlossenen FDiagnosen","F31.5","F31.5"
"DeQS_AmbPT_EJ-2025_QIDB-RR-P_V02_2024-05-16.pdf","ICD_AmbPT","ICD","AmbPT – ICD-Kodes für die eingeschlossenen FDiagnosen","F31.6","F31.6"
"DeQS_AmbPT_EJ-2025_QIDB-RR-P_V02_2024-05-16.pdf","ICD_AmbPT","ICD","AmbPT – ICD-Kodes für die eingeschlossenen FDiagnosen","F31.7","F31.7"
"DeQS_AmbPT_EJ-2025_QIDB-RR-P_V02_2024-05-16.pdf","ICD_AmbPT","ICD","AmbPT – ICD-Kodes für die eingeschlossenen FDiagnosen","F31.8","F31.8"
"DeQS_AmbPT_EJ-2025_QIDB-RR-P_V02_2024-05-16.pdf","ICD_AmbPT","ICD","AmbPT – ICD-Kodes für die eingeschlossenen FDiagnosen","F31.9","F31.9"
"DeQS_AmbPT_EJ-2025_QIDB-RR-P_V02_2024-05-16.pdf","ICD_AmbPT","ICD","AmbPT – ICD-Kodes für die eingeschlossenen FDiagnosen","F32.0","F32.0"
"DeQS_AmbPT_EJ-2025_QIDB-RR-P_V02_2024-05-16.pdf","ICD_AmbPT","ICD","AmbPT – ICD-Kodes für die eingeschlossenen FDiagnosen","F32.1","F32.1"
"DeQS_AmbPT_EJ-2025_QIDB-RR-P_V02_2024-05-16.pdf","ICD_AmbPT","ICD","AmbPT – ICD-Kodes für die eingeschlossenen FDiagnosen","F32.2","F32.2"
"DeQS_AmbPT_EJ-2025_QIDB-RR-P_V02_2024-05-16.pdf","ICD_AmbPT","ICD","AmbPT – ICD-Kodes für die eingeschlossenen FDiagnosen","F32.3","F32.3"
"DeQS_AmbPT_EJ-2025_QIDB-RR-P_V02_2024-05-16.pdf","ICD_AmbPT","ICD","AmbPT – ICD-Kodes für die eingeschlossenen FDiagnosen","F32.8","F32.8"
"DeQS_AmbPT_EJ-2025_QIDB-RR-P_V02_2024-05-16.pdf","ICD_AmbPT","ICD","AmbPT – ICD-Kodes für die eingeschlossenen FDiagnosen","F32.9","F32.9"
"DeQS_AmbPT_EJ-2025_QIDB-RR-P_V02_2024-05-16.pdf","ICD_AmbPT","ICD","AmbPT – ICD-Kodes für die eingeschlossenen FDiagnosen","F33.0","F33.0"
"DeQS_AmbPT_EJ-2025_QIDB-RR-P_V02_2024-05-16.pdf","ICD_AmbPT","ICD","AmbPT – ICD-Kodes für die eingeschlossenen FDiagnosen","F33.1","F33.1"
"DeQS_AmbPT_EJ-2025_QIDB-RR-P_V02_2024-05-16.pdf","ICD_AmbPT","ICD","AmbPT – ICD-Kodes für die eingeschlossenen FDiagnosen","F33.2","F33.2"
"DeQS_AmbPT_EJ-2025_QIDB-RR-P_V02_2024-05-16.pdf","ICD_AmbPT","ICD","AmbPT – ICD-Kodes für die eingeschlossenen FDiagnosen","F33.3","F33.3"
"DeQS_AmbPT_EJ-2025_QIDB-RR-P_V02_2024-05-16.pdf","ICD_AmbPT","ICD","AmbPT – ICD-Kodes für die eingeschlossenen FDiagnosen","F33.4","F33.4"
"DeQS_AmbPT_EJ-2025_QIDB-RR-P_V02_2024-05-16.pdf","ICD_AmbPT","ICD","AmbPT – ICD-Kodes für die eingeschlossenen FDiagnosen","F33.8","F33.8"
"DeQS_AmbPT_EJ-2025_QIDB-RR-P_V02_2024-05-16.pdf","ICD_AmbPT","ICD","AmbPT – ICD-Kodes für die eingeschlossenen FDiagnosen","F33.9","F33.9"
"DeQS_AmbPT_EJ-2025_QIDB-RR-P_V02_2024-05-16.pdf","ICD_AmbPT","ICD","AmbPT – ICD-Kodes für die eingeschlossenen FDiagnosen","F34.0","F34.0"
"DeQS_AmbPT_EJ-2025_QIDB-RR-P_V02_2024-05-16.pdf","ICD_AmbPT","ICD","AmbPT – ICD-Kodes für die eingeschlossenen FDiagnosen","F34.1","F34.1"
"DeQS_AmbPT_EJ-2025_QIDB-RR-P_V02_2024-05-16.pdf","ICD_AmbPT","ICD","AmbPT – ICD-Kodes für die eingeschlossenen FDiagnosen","F34.8","F34.8"
"DeQS_AmbPT_EJ-2025_QIDB-RR-P_V02_2024-05-16.pdf","ICD_AmbPT","ICD","AmbPT – ICD-Kodes für die eingeschlossenen FDiagnosen","F34.9","F34.9"
"DeQS_AmbPT_EJ-2025_QIDB-RR-P_V02_2024-05-16.pdf","ICD_AmbPT","ICD","AmbPT – ICD-Kodes für die eingeschlossenen FDiagnosen","F38.0","F38.0"
"DeQS_AmbPT_EJ-2025_QIDB-RR-P_V02_2024-05-16.pdf","ICD_AmbPT","ICD","AmbPT – ICD-Kodes für die eingeschlossenen FDiagnosen","F38.1","F38.1"
"DeQS_AmbPT_EJ-2025_QIDB-RR-P_V02_2024-05-16.pdf","ICD_AmbPT","ICD","AmbPT – ICD-Kodes für die eingeschlossenen FDiagnosen","F38.8","F38.8"
"DeQS_AmbPT_EJ-2025_QIDB-RR-P_V02_2024-05-16.pdf","ICD_AmbPT","ICD","AmbPT – ICD-Kodes für die eingeschlossenen FDiagnosen","F39","F39"
"DeQS_AmbPT_EJ-2025_QIDB-RR-P_V02_2024-05-16.pdf","ICD_AmbPT","ICD","AmbPT – ICD-Kodes für die eingeschlossenen FDiagnosen","F40.00","F40.00"
"DeQS_AmbPT_EJ-2025_QIDB-RR-P_V02_2024-05-16.pdf","ICD_AmbPT","ICD","AmbPT – ICD-Kodes für die eingeschlossenen FDiagnosen","F40.01","F40.01"
"DeQS_AmbPT_EJ-2025_QIDB-RR-P_V02_2024-05-16.pdf","ICD_AmbPT","ICD","AmbPT – ICD-Kodes für die eingeschlossenen FDiagnosen","F40.1","F40.1"
"DeQS_AmbPT_EJ-2025_QIDB-RR-P_V02_2024-05-16.pdf","ICD_AmbPT","ICD","AmbPT – ICD-Kodes für die eingeschlossenen FDiagnosen","F40.2","F40.2"
"DeQS_AmbPT_EJ-2025_QIDB-RR-P_V02_2024-05-16.pdf","ICD_AmbPT","ICD","AmbPT – ICD-Kodes für die eingeschlossenen FDiagnosen","F40.8","F40.8"
"DeQS_AmbPT_EJ-2025_QIDB-RR-P_V02_2024-05-16.pdf","ICD_AmbPT","ICD","AmbPT – ICD-Kodes für die eingeschlossenen FDiagnosen","F40.9","F40.9"
"DeQS_AmbPT_EJ-2025_QIDB-RR-P_V02_2024-05-16.pdf","ICD_AmbPT","ICD","AmbPT – ICD-Kodes für die eingeschlossenen FDiagnosen","F41.0","F41.0"
"DeQS_AmbPT_EJ-2025_QIDB-RR-P_V02_2024-05-16.pdf","ICD_AmbPT","ICD","AmbPT – ICD-Kodes für die eingeschlossenen FDiagnosen","F41.1","F41.1"
"DeQS_AmbPT_EJ-2025_QIDB-RR-P_V02_2024-05-16.pdf","ICD_AmbPT","ICD","AmbPT – ICD-Kodes für die eingeschlossenen FDiagnosen","F41.2","F41.2"
"DeQS_AmbPT_EJ-2025_QIDB-RR-P_V02_2024-05-16.pdf","ICD_AmbPT","ICD","AmbPT – ICD-Kodes für die eingeschlossenen FDiagnosen","F41.3","F41.3"
"DeQS_AmbPT_EJ-2025_QIDB-RR-P_V02_2024-05-16.pdf","ICD_AmbPT","ICD","AmbPT – ICD-Kodes für die eingeschlossenen FDiagnosen","F41.8","F41.8"
"DeQS_AmbPT_EJ-2025_QIDB-RR-P_V02_2024-05-16.pdf","ICD_AmbPT","ICD","AmbPT – ICD-Kodes für die eingeschlossenen FDiagnosen","F41.9","F41.9"
"DeQS_AmbPT_EJ-2025_QIDB-RR-P_V02_2024-05-16.pdf","ICD_AmbPT","ICD","AmbPT – ICD-Kodes für die eingeschlossenen FDiagnosen","F42.0","F42.0"
"DeQS_AmbPT_EJ-2025_QIDB-RR-P_V02_2024-05-16.pdf","ICD_AmbPT","ICD","AmbPT – ICD-Kodes für die eingeschlossenen FDiagnosen","F42.1","F42.1"
"DeQS_AmbPT_EJ-2025_QIDB-RR-P_V02_2024-05-16.pdf","ICD_AmbPT","ICD","AmbPT – ICD-Kodes für die eingeschlossenen FDiagnosen","F42.2","F42.2"
"DeQS_AmbPT_EJ-2025_QIDB-RR-P_V02_2024-05-16.pdf","ICD_AmbPT","ICD","AmbPT – ICD-Kodes für die eingeschlossenen FDiagnosen","F42.8","F42.8"
"DeQS_AmbPT_EJ-2025_QIDB-RR-P_V02_2024-05-16.pdf","ICD_AmbPT","ICD","AmbPT – ICD-Kodes für die eingeschlossenen FDiagnosen","F42.9","F42.9"
"DeQS_AmbPT_EJ-2025_QIDB-RR-P_V02_2024-05-16.pdf","ICD_AmbPT","ICD","AmbPT – ICD-Kodes für die eingeschlossenen FDiagnosen","F43.0","F43.0"
"DeQS_AmbPT_EJ-2025_QIDB-RR-P_V02_2024-05-16.pdf","ICD_AmbPT","ICD","AmbPT – ICD-Kodes für die eingeschlossenen FDiagnosen","F43.1","F43.1"
"DeQS_AmbPT_EJ-2025_QIDB-RR-P_V02_2024-05-16.pdf","ICD_AmbPT","ICD","AmbPT – ICD-Kodes für die eingeschlossenen FDiagnosen","F43.2","F43.2"
"DeQS_AmbPT_EJ-2025_QIDB-RR-P_V02_2024-05-16.pdf","ICD_AmbPT","ICD","AmbPT – ICD-Kodes für die eingeschlossenen FDiagnosen","F43.8","F43.8"
"DeQS_AmbPT_EJ-2025_QIDB-RR-P_V02_2024-05-16.pdf","ICD_AmbPT","ICD","AmbPT – ICD-Kodes für die eingeschlossenen FDiagnosen","F43.9","F43.9"
"DeQS_AmbPT_EJ-2025_QIDB-RR-P_V02_2024-05-16.pdf","ICD_AmbPT","ICD","AmbPT – ICD-Kodes für die eingeschlossenen FDiagnosen","F44.0","F44.0"
"DeQS_AmbPT_EJ-2025_QIDB-RR-P_V02_2024-05-16.pdf","ICD_AmbPT","ICD","AmbPT – ICD-Kodes für die eingeschlossenen FDiagnosen","F44.1","F44.1"
"DeQS_AmbPT_EJ-2025_QIDB-RR-P_V02_2024-05-16.pdf","ICD_AmbPT","ICD","AmbPT – ICD-Kodes für die eingeschlossenen FDiagnosen","F44.2","F44.2"
"DeQS_AmbPT_EJ-2025_QIDB-RR-P_V02_2024-05-16.pdf","ICD_AmbPT","ICD","AmbPT – ICD-Kodes für die eingeschlossenen FDiagnosen","F44.3","F44.3"
"DeQS_AmbPT_EJ-2025_QIDB-RR-P_V02_2024-05-16.pdf","ICD_AmbPT","ICD","AmbPT – ICD-Kodes für die eingeschlossenen FDiagnosen","F44.4","F44.4"
"DeQS_AmbPT_EJ-2025_QIDB-RR-P_V02_2024-05-16.pdf","ICD_AmbPT","ICD","AmbPT – ICD-Kodes für die eingeschlossenen FDiagnosen","F44.5","F44.5"
"DeQS_AmbPT_EJ-2025_QIDB-RR-P_V02_2024-05-16.pdf","ICD_AmbPT","ICD","AmbPT – ICD-Kodes für die eingeschlossenen FDiagnosen","F44.6","F44.6"
"DeQS_AmbPT_EJ-2025_QIDB-RR-P_V02_2024-05-16.pdf","ICD_AmbPT","ICD","AmbPT – ICD-Kodes für die eingeschlossenen FDiagnosen","F44.7","F44.7"
"DeQS_AmbPT_EJ-2025_QIDB-RR-P_V02_2024-05-16.pdf","ICD_AmbPT","ICD","AmbPT – ICD-Kodes für die eingeschlossenen FDiagnosen","F44.80","F44.80"
"DeQS_AmbPT_EJ-2025_QIDB-RR-P_V02_2024-05-16.pdf","ICD_AmbPT","ICD","AmbPT – ICD-Kodes für die eingeschlossenen FDiagnosen","F44.81","F44.81"
"DeQS_AmbPT_EJ-2025_QIDB-RR-P_V02_2024-05-16.pdf","ICD_AmbPT","ICD","AmbPT – ICD-Kodes für die eingeschlossenen FDiagnosen","F44.82","F44.82"
"DeQS_AmbPT_EJ-2025_QIDB-RR-P_V02_2024-05-16.pdf","ICD_AmbPT","ICD","AmbPT – ICD-Kodes für die eingeschlossenen FDiagnosen","F44.88","F44.88"
"DeQS_AmbPT_EJ-2025_QIDB-RR-P_V02_2024-05-16.pdf","ICD_AmbPT","ICD","AmbPT – ICD-Kodes für die eingeschlossenen FDiagnosen","F44.9","F44.9"
"DeQS_AmbPT_EJ-2025_QIDB-RR-P_V02_2024-05-16.pdf","ICD_AmbPT","ICD","AmbPT – ICD-Kodes für die eingeschlossenen FDiagnosen","F45.0","F45.0"
"DeQS_AmbPT_EJ-2025_QIDB-RR-P_V02_2024-05-16.pdf","ICD_AmbPT","ICD","AmbPT – ICD-Kodes für die eingeschlossenen FDiagnosen","F45.1","F45.1"
"DeQS_AmbPT_EJ-2025_QIDB-RR-P_V02_2024-05-16.pdf","ICD_AmbPT","ICD","AmbPT – ICD-Kodes für die eingeschlossenen FDiagnosen","F45.2","F45.2"
"DeQS_AmbPT_EJ-2025_QIDB-RR-P_V02_2024-05-16.pdf","ICD_AmbPT","ICD","AmbPT – ICD-Kodes für die eingeschlossenen FDiagnosen","F45.30","F45.30"
"DeQS_AmbPT_EJ-2025_QIDB-RR-P_V02_2024-05-16.pdf","ICD_AmbPT","ICD","AmbPT – ICD-Kodes für die eingeschlossenen FDiagnosen","F45.31","F45.31"
"DeQS_AmbPT_EJ-2025_QIDB-RR-P_V02_2024-05-16.pdf","ICD_AmbPT","ICD","AmbPT – ICD-Kodes für die eingeschlossenen FDiagnosen","F45.32","F45.32"
"DeQS_AmbPT_EJ-2025_QIDB-RR-P_V02_2024-05-16.pdf","ICD_AmbPT","ICD","AmbPT – ICD-Kodes für die eingeschlossenen FDiagnosen","F45.33","F45.33"
"DeQS_AmbPT_EJ-2025_QIDB-RR-P_V02_2024-05-16.pdf","ICD_AmbPT","ICD","AmbPT – ICD-Kodes für die eingeschlossenen FDiagnosen","F45.34","F45.34"
"DeQS_AmbPT_EJ-2025_QIDB-RR-P_V02_2024-05-16.pdf","ICD_AmbPT","ICD","AmbPT – ICD-Kodes für die eingeschlossenen FDiagnosen","F45.37","F45.37"
"DeQS_AmbPT_EJ-2025_QIDB-RR-P_V02_2024-05-16.pdf","ICD_AmbPT","ICD","AmbPT – ICD-Kodes für die eingeschlossenen FDiagnosen","F45.38","F45.38"
"DeQS_AmbPT_EJ-2025_QIDB-RR-P_V02_2024-05-16.pdf","ICD_AmbPT","ICD","AmbPT – ICD-Kodes für die eingeschlossenen FDiagnosen","F45.39","F45.39"
"DeQS_AmbPT_EJ-2025_QIDB-RR-P_V02_2024-05-16.pdf","ICD_AmbPT","ICD","AmbPT – ICD-Kodes für die eingeschlossenen FDiagnosen","F45.40","F45.40"
"DeQS_AmbPT_EJ-2025_QIDB-RR-P_V02_2024-05-16.pdf","ICD_AmbPT","ICD","AmbPT – ICD-Kodes für die eingeschlossenen FDiagnosen","F45.41","F45.41"
"DeQS_AmbPT_EJ-2025_QIDB-RR-P_V02_2024-05-16.pdf","ICD_AmbPT","ICD","AmbPT – ICD-Kodes für die eingeschlossenen FDiagnosen","F45.8","F45.8"
"DeQS_AmbPT_EJ-2025_QIDB-RR-P_V02_2024-05-16.pdf","ICD_AmbPT","ICD","AmbPT – ICD-Kodes für die eingeschlossenen FDiagnosen","F45.9","F45.9"
"DeQS_AmbPT_EJ-2025_QIDB-RR-P_V02_2024-05-16.pdf","ICD_AmbPT","ICD","AmbPT – ICD-Kodes für die eingeschlossenen FDiagnosen","F48.0","F48.0"
"DeQS_CHE_EJ-2025_QIDB-RR-P_V01_2024-02-23.pdf","ICD_CHE_AkutAnaemie","ICD","Akute Blutungsanämie","D62%","D62%"
"DeQS_CHE_EJ-2025_QIDB-RR-P_V01_2024-02-23.pdf","ICD_CHE_AkutPeritonitis","ICD","akute Peritonitis","K65.0%","K65.0%"
"DeQS_CHE_EJ-2025_QIDB-RR-P_V01_2024-02-23.pdf","ICD_CHE_FistelGallengang","ICD","Fistel des Gallenganges","K83.3%","K83.3%"
"DeQS_CHE_EJ-2025_QIDB-RR-P_V01_2024-02-23.pdf","ICD_CHE_Hernie","ICD","","Narbenhernie mit/ohne Einklemmung","Narbenherniemit/ohneEinklemmung"
"DeQS_CHE_EJ-2025_QIDB-RR-P_V01_2024-02-23.pdf","ICD_CHE_Hernie","ICD","","mit/ohne Gangrän","mit/ohneGangrän"
"DeQS_CHE_EJ-2025_QIDB-RR-P_V01_2024-02-23.pdf","ICD_CHE_Leberabszess","ICD","Leberabszess","K75.0%","K75.0%"
"DeQS_CHE_EJ-2025_QIDB-RR-P_V01_2024-02-23.pdf","ICD_CHE_Reintervention","ICD","Diagnosen bei Reinterventionen aufgrund von Komplikationen nach einer Cholezystektomie","K76.2%","K76.2%"
"DeQS_CHE_EJ-2025_QIDB-RR-P_V01_2024-02-23.pdf","ICD_CHE_Reintervention","ICD","Diagnosen bei Reinterventionen aufgrund von Komplikationen nach einer Cholezystektomie","K76.3%","K76.3%"
"DeQS_CHE_EJ-2025_QIDB-RR-P_V01_2024-02-23.pdf","ICD_CHE_SonstBlutungen","ICD","Diagnosen nach interventionsbedürftiger intra- oder postoperativer Blutung bei Cholezystektomie ohne akute Blutungsanämie","T81.1%","T81.1%"
"DeQS_CHE_EJ-2025_QIDB-RR-P_V01_2024-02-23.pdf","ICD_CHE_SonstGallenwegskomplikationen","ICD","Operationsbedingte Gallenwegskomplikationen ohne Perforation des Gallengangs und ohne Fistel des Gallengangs","K83.1%","K83.1%"
"DeQS_CHE_EJ-2025_QIDB-RR-P_V01_2024-02-23.pdf","ICD_CHE_SonstGallenwegskomplikationen","ICD","Operationsbedingte Gallenwegskomplikationen ohne Perforation des Gallengangs und ohne Fistel des Gallengangs","K83.8%","K83.8%"
"DeQS_CHE_EJ-2025_QIDB-RR-P_V01_2024-02-23.pdf","ICD_CHE_SonstGallenwegskomplikationen","ICD","Operationsbedingte Gallenwegskomplikationen ohne Perforation des Gallengangs und ohne Fistel des Gallengangs","K83.9%","K83.9%"
"DeQS_CHE_EJ-2025_QIDB-RR-P_V01_2024-02-23.pdf","ICD_CHE_SonstGallenwegskomplikationen","ICD","Operationsbedingte Gallenwegskomplikationen ohne Perforation des Gallengangs und ohne Fistel des Gallengangs","K91.81%","K91.81%"
"DeQS_CHE_EJ-2025_QIDB-RR-P_V01_2024-02-23.pdf","ICD_CHE_SonstGallenwegskomplikationen","ICD","Operationsbedingte Gallenwegskomplikationen ohne Perforation des Gallengangs und ohne Fistel des Gallengangs","K91.84%","K91.84%"
"DeQS_CHE_EJ-2025_QIDB-RR-P_V01_2024-02-23.pdf","ICD_CHE_SonstGallenwegskomplikationen","ICD","Operationsbedingte Gallenwegskomplikationen ohne Perforation des Gallengangs und ohne Fistel des Gallengangs","K91.88%","K91.88%"
"DeQS_CHE_EJ-2025_QIDB-RR-P_V01_2024-02-23.pdf","ICD_CHE_SonstGallenwegskomplikationen","ICD","Operationsbedingte Gallenwegskomplikationen ohne Perforation des Gallengangs und ohne Fistel des Gallengangs","S36.18%","S36.18%"
"DeQS_CHE_EJ-2025_QIDB-RR-P_V01_2024-02-23.pdf","ICD_CHE_SonstGallenwegskomplikationen","ICD","Operationsbedingte Gallenwegskomplikationen ohne Perforation des Gallengangs und ohne Fistel des Gallengangs","T81.2%","T81.2%"
"DeQS_CHE_EJ-2025_QIDB-RR-P_V01_2024-02-23.pdf","ICD_CHE_SonstInfektionen","ICD","","Infektionen nach Cholezystektomie ohne Streptokokkensepsis","InfektionennachCholezystektomieohneStreptokokkensepsis"
"DeQS_CHE_EJ-2025_QIDB-RR-P_V01_2024-02-23.pdf","ICD_CHE_SonstInfektionen","ICD","","sonstige Sepsis","sonstigeSepsis"
"DeQS_CHE_EJ-2025_QIDB-RR-P_V01_2024-02-23.pdf","ICD_CHE_SonstInfektionen","ICD","","akute Peritonitis","akutePeritonitis"
"DeQS_CHE_EJ-2025_QIDB-RR-P_V01_2024-02-23.pdf","ICD_CHE_SonstInfektionen","ICD","","sonstige Peritonitis und Cholangitis","sonstigePeritonitisundCholangitis"
"DeQS_CHE_EJ-2025_QIDB-RR-P_V01_2024-02-23.pdf","ICD_CHE_SonstPeritonitis","ICD","sonstige Peritonitis","K65.8%","K65.8%"
"DeQS_CHE_EJ-2025_QIDB-RR-P_V01_2024-02-23.pdf","ICD_CHE_SonstPeritonitis","ICD","sonstige Peritonitis","K65.9%","K65.9%"
"DeQS_CHE_EJ-2025_QIDB-RR-P_V01_2024-02-23.pdf","ICD_CHE_SonstSepsis","ICD","Sonstige Sepsis","A41%","A41%"
"DeQS_CHE_EJ-2025_QIDB-RR-P_V01_2024-02-23.pdf","ICD_CHE_StrepSepsis","ICD","Streptokokkensepsis","A40%","A40%"
"DeQS_CHE_EJ-2025_QIDB-RR-P_V01_2024-02-23.pdf","OPS_CHE_Blutung","OPS","Prozeduren nach interventionsbedürftiger intraoder postoperativer Blutung bei Cholezystektomie","8800%","8800%"
"DeQS_CHE_EJ-2025_QIDB-RR-P_V01_2024-02-23.pdf","OPS_CHE_Gallenwegskomplikationen","OPS","Eingriffe nach operationsbedingten Gallenwegskomplikationen","5512%","5512%"
"DeQS_CHE_EJ-2025_QIDB-RR-P_V01_2024-02-23.pdf","OPS_CHE_Gallenwegskomplikationen","OPS","Eingriffe nach operationsbedingten Gallenwegskomplikationen","5513%","5513%"
"DeQS_CHE_EJ-2025_QIDB-RR-P_V01_2024-02-23.pdf","OPS_CHE_Gallenwegskomplikationen","OPS","Eingriffe nach operationsbedingten Gallenwegskomplikationen","5514%","5514%"
"DeQS_CHE_EJ-2025_QIDB-RR-P_V01_2024-02-23.pdf","OPS_CHE_Gallenwegskomplikationen","OPS","Eingriffe nach operationsbedingten Gallenwegskomplikationen","5515%","5515%"
"DeQS_CHE_EJ-2025_QIDB-RR-P_V01_2024-02-23.pdf","OPS_CHE_Gallenwegskomplikationen","OPS","Eingriffe nach operationsbedingten Gallenwegskomplikationen","5516%","5516%"
"DeQS_CHE_EJ-2025_QIDB-RR-P_V01_2024-02-23.pdf","OPS_CHE_Infektionen","OPS","Prozeduren nach eingriffsspezifischen intra- und postoperativen Infektionen bei Cholezystektomie","5541.4%","5541.4%"
"DeQS_CHE_EJ-2025_QIDB-RR-P_V01_2024-02-23.pdf","OPS_CHE_Infektionen","OPS","Prozeduren nach eingriffsspezifischen intra- und postoperativen Infektionen bei Cholezystektomie","5894.0b%","5894.0b%"
"DeQS_CHE_EJ-2025_QIDB-RR-P_V01_2024-02-23.pdf","OPS_CHE_Infektionen","OPS","Prozeduren nach eingriffsspezifischen intra- und postoperativen Infektionen bei Cholezystektomie","5894.1b%","5894.1b%"
"DeQS_CHE_EJ-2025_QIDB-RR-P_V01_2024-02-23.pdf","OPS_CHE_Infektionen","OPS","Prozeduren nach eingriffsspezifischen intra- und postoperativen Infektionen bei Cholezystektomie","5894.3b%","5894.3b%"
"DeQS_CHE_EJ-2025_QIDB-RR-P_V01_2024-02-23.pdf","OPS_CHE_Infektionen","OPS","Prozeduren nach eingriffsspezifischen intra- und postoperativen Infektionen bei Cholezystektomie","5896.0b%","5896.0b%"
"DeQS_CHE_EJ-2025_QIDB-RR-P_V01_2024-02-23.pdf","OPS_CHE_Infektionen","OPS","Prozeduren nach eingriffsspezifischen intra- und postoperativen Infektionen bei Cholezystektomie","5896.1b%","5896.1b%"
"DeQS_CHE_EJ-2025_QIDB-RR-P_V01_2024-02-23.pdf","OPS_CHE_Infektionen","OPS","Prozeduren nach eingriffsspezifischen intra- und postoperativen Infektionen bei Cholezystektomie","5896.2b%","5896.2b%"
"DeQS_CHE_EJ-2025_QIDB-RR-P_V01_2024-02-23.pdf","OPS_CHE_Infektionen","OPS","Prozeduren nach eingriffsspezifischen intra- und postoperativen Infektionen bei Cholezystektomie","5900.1b%","5900.1b%"
"DeQS_CHE_EJ-2025_QIDB-RR-P_V01_2024-02-23.pdf","OPS_CHE_Infektionen","OPS","Prozeduren nach eingriffsspezifischen intra- und postoperativen Infektionen bei Cholezystektomie","5916.a0%","5916.a0%"
"DeQS_CHE_EJ-2025_QIDB-RR-P_V01_2024-02-23.pdf","OPS_CHE_Infektionen","OPS","Prozeduren nach eingriffsspezifischen intra- und postoperativen Infektionen bei Cholezystektomie","5916.a3%","5916.a3%"
"DeQS_CHE_EJ-2025_QIDB-RR-P_V01_2024-02-23.pdf","OPS_CHE_Infektionen","OPS","Prozeduren nach eingriffsspezifischen intra- und postoperativen Infektionen bei Cholezystektomie","5916.a5%","5916.a5%"
"DeQS_CHE_EJ-2025_QIDB-RR-P_V01_2024-02-23.pdf","OPS_CHE_Infektionen","OPS","Prozeduren nach eingriffsspezifischen intra- und postoperativen Infektionen bei Cholezystektomie","8176.0%","8176.0%"
"DeQS_CHE_EJ-2025_QIDB-RR-P_V01_2024-02-23.pdf","OPS_CHE_Infektionen","OPS","Prozeduren nach eingriffsspezifischen intra- und postoperativen Infektionen bei Cholezystektomie","8176.1%","8176.1%"
"DeQS_CHE_EJ-2025_QIDB-RR-P_V01_2024-02-23.pdf","OPS_CHE_Infektionen","OPS","Prozeduren nach eingriffsspezifischen intra- und postoperativen Infektionen bei Cholezystektomie","8176.2%","8176.2%"
"DeQS_CHE_EJ-2025_QIDB-RR-P_V01_2024-02-23.pdf","OPS_CHE_Infektionen","OPS","Prozeduren nach eingriffsspezifischen intra- und postoperativen Infektionen bei Cholezystektomie","8176.x%","8176.x%"
"DeQS_CHE_EJ-2025_QIDB-RR-P_V01_2024-02-23.pdf","OPS_CHE_Infektionen","OPS","Prozeduren nach eingriffsspezifischen intra- und postoperativen Infektionen bei Cholezystektomie","8176.y%","8176.y%"
"DeQS_CHE_EJ-2025_QIDB-RR-P_V01_2024-02-23.pdf","OPS_CHE_Infektionen","OPS","Prozeduren nach eingriffsspezifischen intra- und postoperativen Infektionen bei Cholezystektomie","8192.1b%","8192.1b%"
"DeQS_CHE_EJ-2025_QIDB-RR-P_V01_2024-02-23.pdf","OPS_CHE_Infektionen","OPS","Prozeduren nach eingriffsspezifischen intra- und postoperativen Infektionen bei Cholezystektomie","8192.2b%","8192.2b%"
"DeQS_CHE_EJ-2025_QIDB-RR-P_V01_2024-02-23.pdf","OPS_CHE_Infektionen","OPS","Prozeduren nach eingriffsspezifischen intra- und postoperativen Infektionen bei Cholezystektomie","8192.3b%","8192.3b%"
"DeQS_CHE_EJ-2025_QIDB-RR-P_V01_2024-02-23.pdf","OPS_CHE_Reintervention","OPS","Reinterventionen aufgrund von Komplikationen nach einer Cholezystektomie","5380.6%","5380.6%"
"DeQS_CHE_EJ-2025_QIDB-RR-P_V01_2024-02-23.pdf","OPS_CHE_Reintervention","OPS","Reinterventionen aufgrund von Komplikationen nach einer Cholezystektomie","5382.60%","5382.60%"
"DeQS_CHE_EJ-2025_QIDB-RR-P_V01_2024-02-23.pdf","OPS_CHE_Reintervention","OPS","Reinterventionen aufgrund von Komplikationen nach einer Cholezystektomie","5383.60%","5383.60%"
"DeQS_CHE_EJ-2025_QIDB-RR-P_V01_2024-02-23.pdf","OPS_CHE_Reintervention","OPS","Reinterventionen aufgrund von Komplikationen nach einer Cholezystektomie","5383.97%","5383.97%"
"DeQS_CHE_EJ-2025_QIDB-RR-P_V01_2024-02-23.pdf","OPS_CHE_Reintervention","OPS","Reinterventionen aufgrund von Komplikationen nach einer Cholezystektomie","5383.98%","5383.98%"
"DeQS_CHE_EJ-2025_QIDB-RR-P_V01_2024-02-23.pdf","OPS_CHE_Reintervention","OPS","Reinterventionen aufgrund von Komplikationen nach einer Cholezystektomie","5383.9d%","5383.9d%"
"DeQS_CHE_EJ-2025_QIDB-RR-P_V01_2024-02-23.pdf","OPS_CHE_Reintervention","OPS","Reinterventionen aufgrund von Komplikationen nach einer Cholezystektomie","5383.9k%","5383.9k%"
"DeQS_CHE_EJ-2025_QIDB-RR-P_V01_2024-02-23.pdf","OPS_CHE_Reintervention","OPS","Reinterventionen aufgrund von Komplikationen nach einer Cholezystektomie","5389.97%","5389.97%"
"DeQS_CHE_EJ-2025_QIDB-RR-P_V01_2024-02-23.pdf","OPS_CHE_Reintervention","OPS","Reinterventionen aufgrund von Komplikationen nach einer Cholezystektomie","5389.98%","5389.98%"
"DeQS_CHE_EJ-2025_QIDB-RR-P_V01_2024-02-23.pdf","OPS_CHE_Reintervention","OPS","Reinterventionen aufgrund von Komplikationen nach einer Cholezystektomie","5389.9d%","5389.9d%"
"DeQS_CHE_EJ-2025_QIDB-RR-P_V01_2024-02-23.pdf","OPS_CHE_Reintervention","OPS","Reinterventionen aufgrund von Komplikationen nach einer Cholezystektomie","5389.9k%","5389.9k%"
"DeQS_CHE_EJ-2025_QIDB-RR-P_V01_2024-02-23.pdf","OPS_CHE_Reintervention","OPS","Reinterventionen aufgrund von Komplikationen nach einer Cholezystektomie","5449%","5449%"
"DeQS_CHE_EJ-2025_QIDB-RR-P_V01_2024-02-23.pdf","OPS_CHE_Reintervention","OPS","Reinterventionen aufgrund von Komplikationen nach einer Cholezystektomie","5467.0%","5467.0%"
"DeQS_CHE_EJ-2025_QIDB-RR-P_V01_2024-02-23.pdf","OPS_CHE_Reintervention","OPS","Reinterventionen aufgrund von Komplikationen nach einer Cholezystektomie","5469.7%","5469.7%"
"DeQS_CHE_EJ-2025_QIDB-RR-P_V01_2024-02-23.pdf","OPS_CHE_Reintervention","OPS","Reinterventionen aufgrund von Komplikationen nach einer Cholezystektomie","5501.00%","5501.00%"
"DeQS_CHE_EJ-2025_QIDB-RR-P_V01_2024-02-23.pdf","OPS_CHE_Reintervention","OPS","Reinterventionen aufgrund von Komplikationen nach einer Cholezystektomie","5501.01%","5501.01%"
"DeQS_CHE_EJ-2025_QIDB-RR-P_V01_2024-02-23.pdf","OPS_CHE_Reintervention","OPS","Reinterventionen aufgrund von Komplikationen nach einer Cholezystektomie","5501.02%","5501.02%"
"DeQS_CHE_EJ-2025_QIDB-RR-P_V01_2024-02-23.pdf","OPS_CHE_Reintervention","OPS","Reinterventionen aufgrund von Komplikationen nach einer Cholezystektomie","5501.0x%","5501.0x%"
"DeQS_CHE_EJ-2025_QIDB-RR-P_V01_2024-02-23.pdf","OPS_CHE_Reintervention","OPS","Reinterventionen aufgrund von Komplikationen nach einer Cholezystektomie","5501.2%","5501.2%"
"DeQS_CHE_EJ-2025_QIDB-RR-P_V01_2024-02-23.pdf","OPS_CHE_Reintervention","OPS","Reinterventionen aufgrund von Komplikationen nach einer Cholezystektomie","5501.x1%","5501.x1%"
"DeQS_CHE_EJ-2025_QIDB-RR-P_V01_2024-02-23.pdf","OPS_CHE_Reintervention","OPS","Reinterventionen aufgrund von Komplikationen nach einer Cholezystektomie","5501.x2%","5501.x2%"
"DeQS_CHE_EJ-2025_QIDB-RR-P_V01_2024-02-23.pdf","OPS_CHE_Reintervention","OPS","Reinterventionen aufgrund von Komplikationen nach einer Cholezystektomie","5501.xx%","5501.xx%"
"DeQS_CHE_EJ-2025_QIDB-RR-P_V01_2024-02-23.pdf","OPS_CHE_Reintervention","OPS","Reinterventionen aufgrund von Komplikationen nach einer Cholezystektomie","5501.y%","5501.y%"
"DeQS_CHE_EJ-2025_QIDB-RR-P_V01_2024-02-23.pdf","OPS_CHE_Reintervention","OPS","Reinterventionen aufgrund von Komplikationen nach einer Cholezystektomie","5502.0%","5502.0%"
"DeQS_CHE_EJ-2025_QIDB-RR-P_V01_2024-02-23.pdf","OPS_CHE_Reintervention","OPS","Reinterventionen aufgrund von Komplikationen nach einer Cholezystektomie","5502.2%","5502.2%"
"DeQS_CHE_EJ-2025_QIDB-RR-P_V01_2024-02-23.pdf","OPS_CHE_Reintervention","OPS","Reinterventionen aufgrund von Komplikationen nach einer Cholezystektomie","5502.3%","5502.3%"
"DeQS_CHE_EJ-2025_QIDB-RR-P_V01_2024-02-23.pdf","OPS_CHE_Reintervention","OPS","Reinterventionen aufgrund von Komplikationen nach einer Cholezystektomie","5502.5%","5502.5%"
"DeQS_CHE_EJ-2025_QIDB-RR-P_V01_2024-02-23.pdf","OPS_CHE_Reintervention","OPS","Reinterventionen aufgrund von Komplikationen nach einer Cholezystektomie","5505%","5505%"
"DeQS_CHE_EJ-2025_QIDB-RR-P_V01_2024-02-23.pdf","OPS_CHE_Reintervention","OPS","Reinterventionen aufgrund von Komplikationen nach einer Cholezystektomie","5541.0%","5541.0%"
"DeQS_CHE_EJ-2025_QIDB-RR-P_V01_2024-02-23.pdf","OPS_CHE_Reintervention","OPS","Reinterventionen aufgrund von Komplikationen nach einer Cholezystektomie","5541.1%","5541.1%"
"DeQS_CHE_EJ-2025_QIDB-RR-P_V01_2024-02-23.pdf","OPS_CHE_Reintervention","OPS","Reinterventionen aufgrund von Komplikationen nach einer Cholezystektomie","5541.2%","5541.2%"
"DeQS_CHE_EJ-2025_QIDB-RR-P_V01_2024-02-23.pdf","OPS_CHE_Reintervention","OPS","Reinterventionen aufgrund von Komplikationen nach einer Cholezystektomie","5545%","5545%"
"DeQS_CHE_EJ-2025_QIDB-RR-P_V01_2024-02-23.pdf","OPS_CHE_Reintervention","OPS","Reinterventionen aufgrund von Komplikationen nach einer Cholezystektomie","5549.5%","5549.5%"
"DeQS_CHE_EJ-2025_QIDB-RR-P_V01_2024-02-23.pdf","OPS_CHE_Reintervention","OPS","Reinterventionen aufgrund von Komplikationen nach einer Cholezystektomie","8153%","8153%"
"DeQS_CHE_EJ-2025_QIDB-RR-P_V01_2024-02-23.pdf","OPS_CHE_Reintervention","OPS","Reinterventionen aufgrund von Komplikationen nach einer Cholezystektomie","8154.1%","8154.1%"
"DeQS_CHE_EJ-2025_QIDB-RR-P_V01_2024-02-23.pdf","OPS_CHE_Reintervention","OPS","Reinterventionen aufgrund von Komplikationen nach einer Cholezystektomie","8146.0%","8146.0%"
"DeQS_CHE_EJ-2025_QIDB-RR-P_V01_2024-02-23.pdf","OPS_CHE_Reintervention_Index","OPS","Reoperation nach einer Cholezystektomie","5983%","5983%"
"DeQS_CHE_EJ-2025_QIDB-RR-P_V01_2024-02-23.pdf","OPS_CHE_SonstDarmOP","OPS","Andere Operationen am Darm (Bridenlösung und Adhäsiolyse)","5469.1%","5469.1%"
"DeQS_CHE_EJ-2025_QIDB-RR-P_V01_2024-02-23.pdf","OPS_CHE_SonstDarmOP","OPS","Andere Operationen am Darm (Bridenlösung und Adhäsiolyse)","5469.2%","5469.2%"
"DeQS_CHE_EJ-2025_QIDB-RR-P_V01_2024-02-23.pdf","OPS_CHE_VerschlussHernie","OPS","Verschluss einer Narbenhernie","5536%","5536%"
"DeQS_CHE_EJ-2025_QIDB-RR-P_V01_2024-02-23.pdf","QSF_CHE_OPS","OPS","Einschlussprozeduren des QS-Filters","5511.01%","5511.01%"
"DeQS_CHE_EJ-2025_QIDB-RR-P_V01_2024-02-23.pdf","QSF_CHE_OPS","OPS","Einschlussprozeduren des QS-Filters","5511.02%","5511.02%"
"DeQS_CHE_EJ-2025_QIDB-RR-P_V01_2024-02-23.pdf","QSF_CHE_OPS","OPS","Einschlussprozeduren des QS-Filters","5511.11%","5511.11%"
"DeQS_CHE_EJ-2025_QIDB-RR-P_V01_2024-02-23.pdf","QSF_CHE_OPS","OPS","Einschlussprozeduren des QS-Filters","5511.12%","5511.12%"
"DeQS_CHE_EJ-2025_QIDB-RR-P_V01_2024-02-23.pdf","QSF_CHE_OPS","OPS","Einschlussprozeduren des QS-Filters","5511.21%","5511.21%"
"DeQS_CHE_EJ-2025_QIDB-RR-P_V01_2024-02-23.pdf","QSF_CHE_OPS","OPS","Einschlussprozeduren des QS-Filters","5511.22%","5511.22%"
"DeQS_CHE_EJ-2025_QIDB-RR-P_V01_2024-02-23.pdf","QSF_CHE_OPS","OPS","Einschlussprozeduren des QS-Filters","5511.3%","5511.3%"
"DeQS_CHE_EJ-2025_QIDB-RR-P_V01_2024-02-23.pdf","QSF_CHE_OPS","OPS","Einschlussprozeduren des QS-Filters","5511.x%","5511.x%"
"DeQS_CHE_EJ-2025_QIDB-RR-P_V01_2024-02-23.pdf","QSF_CHE_OPS","OPS","Einschlussprozeduren des QS-Filters","5511.y%","5511.y%"
"DeQS_DEK_EJ-2025_QIDB-RR-P_V01_2024-02-23.pdf","ICD_DekStadium_2","ICD","","Dekubitalulcus","Dekubitalulcus"
"DeQS_DEK_EJ-2025_QIDB-RR-P_V01_2024-02-23.pdf","ICD_DekStadium_2","ICD","","Stadium/Kategorie 2","Stadium/Kategorie2"
"DeQS_DEK_EJ-2025_QIDB-RR-P_V01_2024-02-23.pdf","ICD_DekStadium_3","ICD","","Dekubitalulcus","Dekubitalulcus"
"DeQS_DEK_EJ-2025_QIDB-RR-P_V01_2024-02-23.pdf","ICD_DekStadium_3","ICD","","Stadium/Kategorie 3","Stadium/Kategorie3"
"DeQS_DEK_EJ-2025_QIDB-RR-P_V01_2024-02-23.pdf","ICD_DekStadium_4","ICD","","Dekubitalulcus","Dekubitalulcus"
"DeQS_DEK_EJ-2025_QIDB-RR-P_V01_2024-02-23.pdf","ICD_DekStadium_4","ICD","","Stadium/Kategorie 4","Stadium/Kategorie4"
"DeQS_DEK_EJ-2025_QIDB-RR-P_V01_2024-02-23.pdf","ICD_DekStadium_nnb","ICD","","Dekubitalulcus","Dekubitalulcus"
"DeQS_DEK_EJ-2025_QIDB-RR-P_V01_2024-02-23.pdf","ICD_DekStadium_nnb","ICD","","Stadium/Kategorie nicht näher","Stadium/Kategorienichtnäher"
"DeQS_GYN-OP_EJ-2025_QIDB-RR-P_V01_2024-02-23.pdf","ICD_GynCAOvar","ICD","Bösartige Neubildungen der Brustdrüse (Mammakarzinom)","C50%","C50%"
"DeQS_GYN-OP_EJ-2025_QIDB-RR-P_V01_2024-02-23.pdf","ICD_GynCARisiko","ICD","Risikofaktoren für Bösartige Neubildungen","Z40.00%","Z40.00%"
"DeQS_GYN-OP_EJ-2025_QIDB-RR-P_V01_2024-02-23.pdf","ICD_GynCARisiko","ICD","Risikofaktoren für Bösartige Neubildungen","Z40.01%","Z40.01%"
"DeQS_GYN-OP_EJ-2025_QIDB-RR-P_V01_2024-02-23.pdf","ICD_GynCARisiko","ICD","Risikofaktoren für Bösartige Neubildungen","Z85.3%","Z85.3%"
"DeQS_GYN-OP_EJ-2025_QIDB-RR-P_V01_2024-02-23.pdf","ICD_GynKomplettierungOP","ICD","","Bösartige Neubildungen","BösartigeNeubildungen"
"DeQS_GYN-OP_EJ-2025_QIDB-RR-P_V01_2024-02-23.pdf","ICD_GynKomplettierungOP","ICD","","bei denen eine leitliniengerechte Komplettierungsoperation indiziert ist","beideneneineleitliniengerechteKomplettierungsoperationindiziertist"
"DeQS_GYN-OP_EJ-2025_QIDB-RR-P_V01_2024-02-23.pdf","ICD_GynNeubildungen","ICD","Bösartige Neubildungen der weiblichen Genitalorgane","C51%","C51%"
"DeQS_GYN-OP_EJ-2025_QIDB-RR-P_V01_2024-02-23.pdf","ICD_GynNeubildungen","ICD","Bösartige Neubildungen der weiblichen Genitalorgane","C52%","C52%"
"DeQS_GYN-OP_EJ-2025_QIDB-RR-P_V01_2024-02-23.pdf","ICD_GynNeubildungen","ICD","Bösartige Neubildungen der weiblichen Genitalorgane","C53%","C53%"
"DeQS_GYN-OP_EJ-2025_QIDB-RR-P_V01_2024-02-23.pdf","ICD_GynNeubildungen","ICD","Bösartige Neubildungen der weiblichen Genitalorgane","C54%","C54%"
"DeQS_GYN-OP_EJ-2025_QIDB-RR-P_V01_2024-02-23.pdf","ICD_GynNeubildungen","ICD","Bösartige Neubildungen der weiblichen Genitalorgane","C55%","C55%"
"DeQS_GYN-OP_EJ-2025_QIDB-RR-P_V01_2024-02-23.pdf","ICD_GynNeubildungen","ICD","Bösartige Neubildungen der weiblichen Genitalorgane","C56%","C56%"
"DeQS_GYN-OP_EJ-2025_QIDB-RR-P_V01_2024-02-23.pdf","ICD_GynNeubildungen","ICD","Bösartige Neubildungen der weiblichen Genitalorgane","C57%","C57%"
"DeQS_GYN-OP_EJ-2025_QIDB-RR-P_V01_2024-02-23.pdf","ICD_GynNeubildungen","ICD","Bösartige Neubildungen der weiblichen Genitalorgane","C58%","C58%"
"DeQS_GYN-OP_EJ-2025_QIDB-RR-P_V01_2024-02-23.pdf","ICD_GynTranssex","ICD","Diagnose Transsexualismus","F64.0%","F64.0%"
"DeQS_GYN-OP_EJ-2025_QIDB-RR-P_V01_2024-02-23.pdf","OPS_GynHysterektomieExenteration","OPS","Hysterektomie/Exenteration des kleinen Beckens","5682%","5682%"
"DeQS_GYN-OP_EJ-2025_QIDB-RR-P_V01_2024-02-23.pdf","OPS_GynHysterektomieExenteration","OPS","Hysterektomie/Exenteration des kleinen Beckens","5683%","5683%"
"DeQS_GYN-OP_EJ-2025_QIDB-RR-P_V01_2024-02-23.pdf","OPS_GynHysterektomieExenteration","OPS","Hysterektomie/Exenteration des kleinen Beckens","5684%","5684%"
"DeQS_GYN-OP_EJ-2025_QIDB-RR-P_V01_2024-02-23.pdf","OPS_GynHysterektomieExenteration","OPS","Hysterektomie/Exenteration des kleinen Beckens","5685%","5685%"
"DeQS_GYN-OP_EJ-2025_QIDB-RR-P_V01_2024-02-23.pdf","OPS_GynHysterektomieExenteration","OPS","Hysterektomie/Exenteration des kleinen Beckens","5686%","5686%"
"DeQS_GYN-OP_EJ-2025_QIDB-RR-P_V01_2024-02-23.pdf","OPS_GynHysterektomieExenteration","OPS","Hysterektomie/Exenteration des kleinen Beckens","5687%","5687%"
"DeQS_GYN-OP_EJ-2025_QIDB-RR-P_V01_2024-02-23.pdf","OPS_GynIsoliertAblativBeidseitigOvarOP","OPS","Isolierte ablative Operation am Ovar","5652.40:B","5652.40:B"
"DeQS_GYN-OP_EJ-2025_QIDB-RR-P_V01_2024-02-23.pdf","OPS_GynIsoliertAblativBeidseitigOvarOP","OPS","Isolierte ablative Operation am Ovar","5652.41:B","5652.41:B"
"DeQS_GYN-OP_EJ-2025_QIDB-RR-P_V01_2024-02-23.pdf","OPS_GynIsoliertAblativBeidseitigOvarOP","OPS","Isolierte ablative Operation am Ovar","5652.42:B","5652.42:B"
"DeQS_GYN-OP_EJ-2025_QIDB-RR-P_V01_2024-02-23.pdf","OPS_GynIsoliertAblativBeidseitigOvarOP","OPS","Isolierte ablative Operation am Ovar","5652.43:B","5652.43:B"
"DeQS_GYN-OP_EJ-2025_QIDB-RR-P_V01_2024-02-23.pdf","OPS_GynIsoliertAblativBeidseitigOvarOP","OPS","Isolierte ablative Operation am Ovar","5652.44:B","5652.44:B"
"DeQS_GYN-OP_EJ-2025_QIDB-RR-P_V01_2024-02-23.pdf","OPS_GynIsoliertAblativBeidseitigOvarOP","OPS","Isolierte ablative Operation am Ovar","5652.45:B","5652.45:B"
"DeQS_GYN-OP_EJ-2025_QIDB-RR-P_V01_2024-02-23.pdf","OPS_GynIsoliertAblativBeidseitigOvarOP","OPS","Isolierte ablative Operation am Ovar","5652.4x:B","5652.4x:B"
"DeQS_GYN-OP_EJ-2025_QIDB-RR-P_V01_2024-02-23.pdf","OPS_GynIsoliertAblativBeidseitigOvarOP","OPS","Isolierte ablative Operation am Ovar","5652.60:B","5652.60:B"
"DeQS_GYN-OP_EJ-2025_QIDB-RR-P_V01_2024-02-23.pdf","OPS_GynIsoliertAblativBeidseitigOvarOP","OPS","Isolierte ablative Operation am Ovar","5652.61:B","5652.61:B"
"DeQS_GYN-OP_EJ-2025_QIDB-RR-P_V01_2024-02-23.pdf","OPS_GynIsoliertAblativBeidseitigOvarOP","OPS","Isolierte ablative Operation am Ovar","5652.62:B","5652.62:B"
"DeQS_GYN-OP_EJ-2025_QIDB-RR-P_V01_2024-02-23.pdf","OPS_GynIsoliertAblativBeidseitigOvarOP","OPS","Isolierte ablative Operation am Ovar","5652.63:B","5652.63:B"
"DeQS_GYN-OP_EJ-2025_QIDB-RR-P_V01_2024-02-23.pdf","OPS_GynIsoliertAblativBeidseitigOvarOP","OPS","Isolierte ablative Operation am Ovar","5652.64:B","5652.64:B"
"DeQS_GYN-OP_EJ-2025_QIDB-RR-P_V01_2024-02-23.pdf","OPS_GynIsoliertAblativBeidseitigOvarOP","OPS","Isolierte ablative Operation am Ovar","5652.65:B","5652.65:B"
"DeQS_GYN-OP_EJ-2025_QIDB-RR-P_V01_2024-02-23.pdf","OPS_GynIsoliertAblativBeidseitigOvarOP","OPS","Isolierte ablative Operation am Ovar","5652.6x:B","5652.6x:B"
"DeQS_GYN-OP_EJ-2025_QIDB-RR-P_V01_2024-02-23.pdf","OPS_GynIsoliertAblativBeidseitigOvarOP","OPS","Isolierte ablative Operation am Ovar","5652.y:B","5652.y:B"
"DeQS_GYN-OP_EJ-2025_QIDB-RR-P_V01_2024-02-23.pdf","OPS_GynIsoliertAblativBeidseitigOvarOP","OPS","Isolierte ablative Operation am Ovar","5653.30:B","5653.30:B"
"DeQS_GYN-OP_EJ-2025_QIDB-RR-P_V01_2024-02-23.pdf","OPS_GynIsoliertAblativBeidseitigOvarOP","OPS","Isolierte ablative Operation am Ovar","5653.31:B","5653.31:B"
"DeQS_GYN-OP_EJ-2025_QIDB-RR-P_V01_2024-02-23.pdf","OPS_GynIsoliertAblativBeidseitigOvarOP","OPS","Isolierte ablative Operation am Ovar","5653.32:B","5653.32:B"
"DeQS_GYN-OP_EJ-2025_QIDB-RR-P_V01_2024-02-23.pdf","OPS_GynIsoliertAblativBeidseitigOvarOP","OPS","Isolierte ablative Operation am Ovar","5653.33:B","5653.33:B"
"DeQS_GYN-OP_EJ-2025_QIDB-RR-P_V01_2024-02-23.pdf","OPS_GynIsoliertAblativBeidseitigOvarOP","OPS","Isolierte ablative Operation am Ovar","5653.34:B","5653.34:B"
"DeQS_GYN-OP_EJ-2025_QIDB-RR-P_V01_2024-02-23.pdf","OPS_GynIsoliertAblativBeidseitigOvarOP","OPS","Isolierte ablative Operation am Ovar","5653.35:B","5653.35:B"
"DeQS_GYN-OP_EJ-2025_QIDB-RR-P_V01_2024-02-23.pdf","OPS_GynIsoliertAblativBeidseitigOvarOP","OPS","Isolierte ablative Operation am Ovar","5653.3x:B","5653.3x:B"
"DeQS_GYN-OP_EJ-2025_QIDB-RR-P_V01_2024-02-23.pdf","OPS_GynIsoliertAblativBeidseitigOvarOP","OPS","Isolierte ablative Operation am Ovar","5653.y:B","5653.y:B"
"DeQS_GYN-OP_EJ-2025_QIDB-RR-P_V01_2024-02-23.pdf","OPS_GynIsoliertAblativLinksOvarOP","OPS","Isolierte ablative Operation am Ovar links","5652.40:L","5652.40:L"
"DeQS_GYN-OP_EJ-2025_QIDB-RR-P_V01_2024-02-23.pdf","OPS_GynIsoliertAblativLinksOvarOP","OPS","Isolierte ablative Operation am Ovar links","5652.41:L","5652.41:L"
"DeQS_GYN-OP_EJ-2025_QIDB-RR-P_V01_2024-02-23.pdf","OPS_GynIsoliertAblativLinksOvarOP","OPS","Isolierte ablative Operation am Ovar links","5652.42:L","5652.42:L"
"DeQS_GYN-OP_EJ-2025_QIDB-RR-P_V01_2024-02-23.pdf","OPS_GynIsoliertAblativLinksOvarOP","OPS","Isolierte ablative Operation am Ovar links","5652.43:L","5652.43:L"
"DeQS_GYN-OP_EJ-2025_QIDB-RR-P_V01_2024-02-23.pdf","OPS_GynIsoliertAblativLinksOvarOP","OPS","Isolierte ablative Operation am Ovar links","5652.44:L","5652.44:L"
"DeQS_GYN-OP_EJ-2025_QIDB-RR-P_V01_2024-02-23.pdf","OPS_GynIsoliertAblativLinksOvarOP","OPS","Isolierte ablative Operation am Ovar links","5652.45:L","5652.45:L"
"DeQS_GYN-OP_EJ-2025_QIDB-RR-P_V01_2024-02-23.pdf","OPS_GynIsoliertAblativLinksOvarOP","OPS","Isolierte ablative Operation am Ovar links","5652.4x:L","5652.4x:L"
"DeQS_GYN-OP_EJ-2025_QIDB-RR-P_V01_2024-02-23.pdf","OPS_GynIsoliertAblativLinksOvarOP","OPS","Isolierte ablative Operation am Ovar links","5652.60:L","5652.60:L"
"DeQS_GYN-OP_EJ-2025_QIDB-RR-P_V01_2024-02-23.pdf","OPS_GynIsoliertAblativLinksOvarOP","OPS","Isolierte ablative Operation am Ovar links","5652.61:L","5652.61:L"
"DeQS_GYN-OP_EJ-2025_QIDB-RR-P_V01_2024-02-23.pdf","OPS_GynIsoliertAblativLinksOvarOP","OPS","Isolierte ablative Operation am Ovar links","5652.62:L","5652.62:L"
"DeQS_GYN-OP_EJ-2025_QIDB-RR-P_V01_2024-02-23.pdf","OPS_GynIsoliertAblativLinksOvarOP","OPS","Isolierte ablative Operation am Ovar links","5652.63:L","5652.63:L"
"DeQS_GYN-OP_EJ-2025_QIDB-RR-P_V01_2024-02-23.pdf","OPS_GynIsoliertAblativLinksOvarOP","OPS","Isolierte ablative Operation am Ovar links","5652.64:L","5652.64:L"
"DeQS_GYN-OP_EJ-2025_QIDB-RR-P_V01_2024-02-23.pdf","OPS_GynIsoliertAblativLinksOvarOP","OPS","Isolierte ablative Operation am Ovar links","5652.65:L","5652.65:L"
"DeQS_GYN-OP_EJ-2025_QIDB-RR-P_V01_2024-02-23.pdf","OPS_GynIsoliertAblativLinksOvarOP","OPS","Isolierte ablative Operation am Ovar links","5652.6x:L","5652.6x:L"
"DeQS_GYN-OP_EJ-2025_QIDB-RR-P_V01_2024-02-23.pdf","OPS_GynIsoliertAblativLinksOvarOP","OPS","Isolierte ablative Operation am Ovar links","5652.y:L","5652.y:L"
"DeQS_GYN-OP_EJ-2025_QIDB-RR-P_V01_2024-02-23.pdf","OPS_GynIsoliertAblativLinksOvarOP","OPS","Isolierte ablative Operation am Ovar links","5653.30:L","5653.30:L"
"DeQS_GYN-OP_EJ-2025_QIDB-RR-P_V01_2024-02-23.pdf","OPS_GynIsoliertAblativLinksOvarOP","OPS","Isolierte ablative Operation am Ovar links","5653.31:L","5653.31:L"
"DeQS_GYN-OP_EJ-2025_QIDB-RR-P_V01_2024-02-23.pdf","OPS_GynIsoliertAblativLinksOvarOP","OPS","Isolierte ablative Operation am Ovar links","5653.32:L","5653.32:L"
"DeQS_GYN-OP_EJ-2025_QIDB-RR-P_V01_2024-02-23.pdf","OPS_GynIsoliertAblativLinksOvarOP","OPS","Isolierte ablative Operation am Ovar links","5653.33:L","5653.33:L"
"DeQS_GYN-OP_EJ-2025_QIDB-RR-P_V01_2024-02-23.pdf","OPS_GynIsoliertAblativLinksOvarOP","OPS","Isolierte ablative Operation am Ovar links","5653.34:L","5653.34:L"
"DeQS_GYN-OP_EJ-2025_QIDB-RR-P_V01_2024-02-23.pdf","OPS_GynIsoliertAblativLinksOvarOP","OPS","Isolierte ablative Operation am Ovar links","5653.35:L","5653.35:L"
"DeQS_GYN-OP_EJ-2025_QIDB-RR-P_V01_2024-02-23.pdf","OPS_GynIsoliertAblativLinksOvarOP","OPS","Isolierte ablative Operation am Ovar links","5653.3x:L","5653.3x:L"
"DeQS_GYN-OP_EJ-2025_QIDB-RR-P_V01_2024-02-23.pdf","OPS_GynIsoliertAblativLinksOvarOP","OPS","Isolierte ablative Operation am Ovar links","5653.y:L","5653.y:L"
"DeQS_GYN-OP_EJ-2025_QIDB-RR-P_V01_2024-02-23.pdf","OPS_GynIsoliertAblativRechtsOvarOP","OPS","Isolierte ablative Operation am Ovar rechts","5652.40:R","5652.40:R"
"DeQS_GYN-OP_EJ-2025_QIDB-RR-P_V01_2024-02-23.pdf","OPS_GynIsoliertAblativRechtsOvarOP","OPS","Isolierte ablative Operation am Ovar rechts","5652.41:R","5652.41:R"
"DeQS_GYN-OP_EJ-2025_QIDB-RR-P_V01_2024-02-23.pdf","OPS_GynIsoliertAblativRechtsOvarOP","OPS","Isolierte ablative Operation am Ovar rechts","5652.42:R","5652.42:R"
"DeQS_GYN-OP_EJ-2025_QIDB-RR-P_V01_2024-02-23.pdf","OPS_GynIsoliertAblativRechtsOvarOP","OPS","Isolierte ablative Operation am Ovar rechts","5652.43:R","5652.43:R"
"DeQS_GYN-OP_EJ-2025_QIDB-RR-P_V01_2024-02-23.pdf","OPS_GynIsoliertAblativRechtsOvarOP","OPS","Isolierte ablative Operation am Ovar rechts","5652.44:R","5652.44:R"
"DeQS_GYN-OP_EJ-2025_QIDB-RR-P_V01_2024-02-23.pdf","OPS_GynIsoliertAblativRechtsOvarOP","OPS","Isolierte ablative Operation am Ovar rechts","5652.45:R","5652.45:R"
"DeQS_GYN-OP_EJ-2025_QIDB-RR-P_V01_2024-02-23.pdf","OPS_GynIsoliertAblativRechtsOvarOP","OPS","Isolierte ablative Operation am Ovar rechts","5652.4x:R","5652.4x:R"
"DeQS_GYN-OP_EJ-2025_QIDB-RR-P_V01_2024-02-23.pdf","OPS_GynIsoliertAblativRechtsOvarOP","OPS","Isolierte ablative Operation am Ovar rechts","5652.60:R","5652.60:R"
"DeQS_GYN-OP_EJ-2025_QIDB-RR-P_V01_2024-02-23.pdf","OPS_GynIsoliertAblativRechtsOvarOP","OPS","Isolierte ablative Operation am Ovar rechts","5652.61:R","5652.61:R"
"DeQS_GYN-OP_EJ-2025_QIDB-RR-P_V01_2024-02-23.pdf","OPS_GynIsoliertAblativRechtsOvarOP","OPS","Isolierte ablative Operation am Ovar rechts","5652.62:R","5652.62:R"
"DeQS_GYN-OP_EJ-2025_QIDB-RR-P_V01_2024-02-23.pdf","OPS_GynIsoliertAblativRechtsOvarOP","OPS","Isolierte ablative Operation am Ovar rechts","5652.63:R","5652.63:R"
"DeQS_GYN-OP_EJ-2025_QIDB-RR-P_V01_2024-02-23.pdf","OPS_GynIsoliertAblativRechtsOvarOP","OPS","Isolierte ablative Operation am Ovar rechts","5652.64:R","5652.64:R"
"DeQS_GYN-OP_EJ-2025_QIDB-RR-P_V01_2024-02-23.pdf","OPS_GynIsoliertAblativRechtsOvarOP","OPS","Isolierte ablative Operation am Ovar rechts","5652.65:R","5652.65:R"
"DeQS_GYN-OP_EJ-2025_QIDB-RR-P_V01_2024-02-23.pdf","OPS_GynIsoliertAblativRechtsOvarOP","OPS","Isolierte ablative Operation am Ovar rechts","5652.6x:R","5652.6x:R"
"DeQS_GYN-OP_EJ-2025_QIDB-RR-P_V01_2024-02-23.pdf","OPS_GynIsoliertAblativRechtsOvarOP","OPS","Isolierte ablative Operation am Ovar rechts","5652.y:R","5652.y:R"
"DeQS_GYN-OP_EJ-2025_QIDB-RR-P_V01_2024-02-23.pdf","OPS_GynLapOP","OPS","Gynäkologische Operationen mit laparoskopischem oder laparoskopischem und abdominalem Zugang","5650.4%","5650.4%"
"DeQS_GYN-OP_EJ-2025_QIDB-RR-P_V01_2024-02-23.pdf","OPS_GynLapOP","OPS","Gynäkologische Operationen mit laparoskopischem oder laparoskopischem und abdominalem Zugang","5650.5%","5650.5%"
"DeQS_GYN-OP_EJ-2025_QIDB-RR-P_V01_2024-02-23.pdf","OPS_GynLapOP","OPS","Gynäkologische Operationen mit laparoskopischem oder laparoskopischem und abdominalem Zugang","5651.82%","5651.82%"
"DeQS_GYN-OP_EJ-2025_QIDB-RR-P_V01_2024-02-23.pdf","OPS_GynLapOP","OPS","Gynäkologische Operationen mit laparoskopischem oder laparoskopischem und abdominalem Zugang","5651.83%","5651.83%"
"DeQS_GYN-OP_EJ-2025_QIDB-RR-P_V01_2024-02-23.pdf","OPS_GynLapOP","OPS","Gynäkologische Operationen mit laparoskopischem oder laparoskopischem und abdominalem Zugang","5651.92%","5651.92%"
"DeQS_GYN-OP_EJ-2025_QIDB-RR-P_V01_2024-02-23.pdf","OPS_GynLapOP","OPS","Gynäkologische Operationen mit laparoskopischem oder laparoskopischem und abdominalem Zugang","5651.93%","5651.93%"
"DeQS_GYN-OP_EJ-2025_QIDB-RR-P_V01_2024-02-23.pdf","OPS_GynLapOP","OPS","Gynäkologische Operationen mit laparoskopischem oder laparoskopischem und abdominalem Zugang","5651.a2%","5651.a2%"
"DeQS_GYN-OP_EJ-2025_QIDB-RR-P_V01_2024-02-23.pdf","OPS_GynLapOP","OPS","Gynäkologische Operationen mit laparoskopischem oder laparoskopischem und abdominalem Zugang","5651.a3%","5651.a3%"
"DeQS_GYN-OP_EJ-2025_QIDB-RR-P_V01_2024-02-23.pdf","OPS_GynLapOP","OPS","Gynäkologische Operationen mit laparoskopischem oder laparoskopischem und abdominalem Zugang","5651.b2%","5651.b2%"
"DeQS_GYN-OP_EJ-2025_QIDB-RR-P_V01_2024-02-23.pdf","OPS_GynLapOP","OPS","Gynäkologische Operationen mit laparoskopischem oder laparoskopischem und abdominalem Zugang","5651.b3%","5651.b3%"
"DeQS_GYN-OP_EJ-2025_QIDB-RR-P_V01_2024-02-23.pdf","OPS_GynLapOP","OPS","Gynäkologische Operationen mit laparoskopischem oder laparoskopischem und abdominalem Zugang","5651.x2%","5651.x2%"
"DeQS_GYN-OP_EJ-2025_QIDB-RR-P_V01_2024-02-23.pdf","OPS_GynLapOP","OPS","Gynäkologische Operationen mit laparoskopischem oder laparoskopischem und abdominalem Zugang","5651.x3%","5651.x3%"
"DeQS_GYN-OP_EJ-2025_QIDB-RR-P_V01_2024-02-23.pdf","OPS_GynLapOP","OPS","Gynäkologische Operationen mit laparoskopischem oder laparoskopischem und abdominalem Zugang","5652.42%","5652.42%"
"DeQS_GYN-OP_EJ-2025_QIDB-RR-P_V01_2024-02-23.pdf","OPS_GynLapOP","OPS","Gynäkologische Operationen mit laparoskopischem oder laparoskopischem und abdominalem Zugang","5652.43%","5652.43%"
"DeQS_GYN-OP_EJ-2025_QIDB-RR-P_V01_2024-02-23.pdf","OPS_GynLapOP","OPS","Gynäkologische Operationen mit laparoskopischem oder laparoskopischem und abdominalem Zugang","5652.52%","5652.52%"
"DeQS_GYN-OP_EJ-2025_QIDB-RR-P_V01_2024-02-23.pdf","OPS_GynLapOP","OPS","Gynäkologische Operationen mit laparoskopischem oder laparoskopischem und abdominalem Zugang","5652.53%","5652.53%"
"DeQS_GYN-OP_EJ-2025_QIDB-RR-P_V01_2024-02-23.pdf","OPS_GynLapOP","OPS","Gynäkologische Operationen mit laparoskopischem oder laparoskopischem und abdominalem Zugang","5652.62%","5652.62%"
"DeQS_GYN-OP_EJ-2025_QIDB-RR-P_V01_2024-02-23.pdf","OPS_GynLapOP","OPS","Gynäkologische Operationen mit laparoskopischem oder laparoskopischem und abdominalem Zugang","5652.63%","5652.63%"
"DeQS_GYN-OP_EJ-2025_QIDB-RR-P_V01_2024-02-23.pdf","OPS_GynLapOP","OPS","Gynäkologische Operationen mit laparoskopischem oder laparoskopischem und abdominalem Zugang","5653.22%","5653.22%"
"DeQS_GYN-OP_EJ-2025_QIDB-RR-P_V01_2024-02-23.pdf","OPS_GynLapOP","OPS","Gynäkologische Operationen mit laparoskopischem oder laparoskopischem und abdominalem Zugang","5653.23%","5653.23%"
"DeQS_GYN-OP_EJ-2025_QIDB-RR-P_V01_2024-02-23.pdf","OPS_GynLapOP","OPS","Gynäkologische Operationen mit laparoskopischem oder laparoskopischem und abdominalem Zugang","5653.32%","5653.32%"
"DeQS_GYN-OP_EJ-2025_QIDB-RR-P_V01_2024-02-23.pdf","OPS_GynLapOP","OPS","Gynäkologische Operationen mit laparoskopischem oder laparoskopischem und abdominalem Zugang","5653.33%","5653.33%"
"DeQS_GYN-OP_EJ-2025_QIDB-RR-P_V01_2024-02-23.pdf","OPS_GynLapOP","OPS","Gynäkologische Operationen mit laparoskopischem oder laparoskopischem und abdominalem Zugang","5656.82%","5656.82%"
"DeQS_GYN-OP_EJ-2025_QIDB-RR-P_V01_2024-02-23.pdf","OPS_GynLapOP","OPS","Gynäkologische Operationen mit laparoskopischem oder laparoskopischem und abdominalem Zugang","5656.83%","5656.83%"
"DeQS_GYN-OP_EJ-2025_QIDB-RR-P_V01_2024-02-23.pdf","OPS_GynLapOP","OPS","Gynäkologische Operationen mit laparoskopischem oder laparoskopischem und abdominalem Zugang","5656.92%","5656.92%"
"DeQS_GYN-OP_EJ-2025_QIDB-RR-P_V01_2024-02-23.pdf","OPS_GynLapOP","OPS","Gynäkologische Operationen mit laparoskopischem oder laparoskopischem und abdominalem Zugang","5656.93%","5656.93%"
"DeQS_GYN-OP_EJ-2025_QIDB-RR-P_V01_2024-02-23.pdf","OPS_GynLapOP","OPS","Gynäkologische Operationen mit laparoskopischem oder laparoskopischem und abdominalem Zugang","5656.a2%","5656.a2%"
"DeQS_GYN-OP_EJ-2025_QIDB-RR-P_V01_2024-02-23.pdf","OPS_GynLapOP","OPS","Gynäkologische Operationen mit laparoskopischem oder laparoskopischem und abdominalem Zugang","5656.a3%","5656.a3%"
"DeQS_GYN-OP_EJ-2025_QIDB-RR-P_V01_2024-02-23.pdf","OPS_GynLapOP","OPS","Gynäkologische Operationen mit laparoskopischem oder laparoskopischem und abdominalem Zugang","5656.b2%","5656.b2%"
"DeQS_GYN-OP_EJ-2025_QIDB-RR-P_V01_2024-02-23.pdf","OPS_GynLapOP","OPS","Gynäkologische Operationen mit laparoskopischem oder laparoskopischem und abdominalem Zugang","5656.b3%","5656.b3%"
"DeQS_GYN-OP_EJ-2025_QIDB-RR-P_V01_2024-02-23.pdf","OPS_GynLapOP","OPS","Gynäkologische Operationen mit laparoskopischem oder laparoskopischem und abdominalem Zugang","5656.x2%","5656.x2%"
"DeQS_GYN-OP_EJ-2025_QIDB-RR-P_V01_2024-02-23.pdf","OPS_GynLapOP","OPS","Gynäkologische Operationen mit laparoskopischem oder laparoskopischem und abdominalem Zugang","5656.x3%","5656.x3%"
"DeQS_GYN-OP_EJ-2025_QIDB-RR-P_V01_2024-02-23.pdf","OPS_GynLapOP","OPS","Gynäkologische Operationen mit laparoskopischem oder laparoskopischem und abdominalem Zugang","5657.62%","5657.62%"
"DeQS_GYN-OP_EJ-2025_QIDB-RR-P_V01_2024-02-23.pdf","OPS_GynLapOP","OPS","Gynäkologische Operationen mit laparoskopischem oder laparoskopischem und abdominalem Zugang","5657.63%","5657.63%"
"DeQS_GYN-OP_EJ-2025_QIDB-RR-P_V01_2024-02-23.pdf","OPS_GynLapOP","OPS","Gynäkologische Operationen mit laparoskopischem oder laparoskopischem und abdominalem Zugang","5657.72%","5657.72%"
"DeQS_GYN-OP_EJ-2025_QIDB-RR-P_V01_2024-02-23.pdf","OPS_GynLapOP","OPS","Gynäkologische Operationen mit laparoskopischem oder laparoskopischem und abdominalem Zugang","5657.73%","5657.73%"
"DeQS_GYN-OP_EJ-2025_QIDB-RR-P_V01_2024-02-23.pdf","OPS_GynLapOP","OPS","Gynäkologische Operationen mit laparoskopischem oder laparoskopischem und abdominalem Zugang","5657.82%","5657.82%"
"DeQS_GYN-OP_EJ-2025_QIDB-RR-P_V01_2024-02-23.pdf","OPS_GynLapOP","OPS","Gynäkologische Operationen mit laparoskopischem oder laparoskopischem und abdominalem Zugang","5657.83%","5657.83%"
"DeQS_GYN-OP_EJ-2025_QIDB-RR-P_V01_2024-02-23.pdf","OPS_GynLapOP","OPS","Gynäkologische Operationen mit laparoskopischem oder laparoskopischem und abdominalem Zugang","5657.92%","5657.92%"
"DeQS_GYN-OP_EJ-2025_QIDB-RR-P_V01_2024-02-23.pdf","OPS_GynLapOP","OPS","Gynäkologische Operationen mit laparoskopischem oder laparoskopischem und abdominalem Zugang","5657.93%","5657.93%"
"DeQS_GYN-OP_EJ-2025_QIDB-RR-P_V01_2024-02-23.pdf","OPS_GynLapOP","OPS","Gynäkologische Operationen mit laparoskopischem oder laparoskopischem und abdominalem Zugang","5657.x2%","5657.x2%"
"DeQS_GYN-OP_EJ-2025_QIDB-RR-P_V01_2024-02-23.pdf","OPS_GynLapOP","OPS","Gynäkologische Operationen mit laparoskopischem oder laparoskopischem und abdominalem Zugang","5657.x3%","5657.x3%"
"DeQS_GYN-OP_EJ-2025_QIDB-RR-P_V01_2024-02-23.pdf","OPS_GynLapOP","OPS","Gynäkologische Operationen mit laparoskopischem oder laparoskopischem und abdominalem Zugang","5659.22%","5659.22%"
"DeQS_GYN-OP_EJ-2025_QIDB-RR-P_V01_2024-02-23.pdf","OPS_GynLapOP","OPS","Gynäkologische Operationen mit laparoskopischem oder laparoskopischem und abdominalem Zugang","5659.23%","5659.23%"
"DeQS_GYN-OP_EJ-2025_QIDB-RR-P_V01_2024-02-23.pdf","OPS_GynLapOP","OPS","Gynäkologische Operationen mit laparoskopischem oder laparoskopischem und abdominalem Zugang","5659.x2%","5659.x2%"
"DeQS_GYN-OP_EJ-2025_QIDB-RR-P_V01_2024-02-23.pdf","OPS_GynLapOP","OPS","Gynäkologische Operationen mit laparoskopischem oder laparoskopischem und abdominalem Zugang","5659.x3%","5659.x3%"
"DeQS_GYN-OP_EJ-2025_QIDB-RR-P_V01_2024-02-23.pdf","OPS_GynLapOP","OPS","Gynäkologische Operationen mit laparoskopischem oder laparoskopischem und abdominalem Zugang","5660.4%","5660.4%"
"DeQS_GYN-OP_EJ-2025_QIDB-RR-P_V01_2024-02-23.pdf","OPS_GynLapOP","OPS","Gynäkologische Operationen mit laparoskopischem oder laparoskopischem und abdominalem Zugang","5660.5%","5660.5%"
"DeQS_GYN-OP_EJ-2025_QIDB-RR-P_V01_2024-02-23.pdf","OPS_GynLapOP","OPS","Gynäkologische Operationen mit laparoskopischem oder laparoskopischem und abdominalem Zugang","5661.42%","5661.42%"
"DeQS_GYN-OP_EJ-2025_QIDB-RR-P_V01_2024-02-23.pdf","OPS_GynLapOP","OPS","Gynäkologische Operationen mit laparoskopischem oder laparoskopischem und abdominalem Zugang","5661.43%","5661.43%"
"DeQS_GYN-OP_EJ-2025_QIDB-RR-P_V01_2024-02-23.pdf","OPS_GynLapOP","OPS","Gynäkologische Operationen mit laparoskopischem oder laparoskopischem und abdominalem Zugang","5661.52%","5661.52%"
"DeQS_GYN-OP_EJ-2025_QIDB-RR-P_V01_2024-02-23.pdf","OPS_GynLapOP","OPS","Gynäkologische Operationen mit laparoskopischem oder laparoskopischem und abdominalem Zugang","5661.53%","5661.53%"
"DeQS_GYN-OP_EJ-2025_QIDB-RR-P_V01_2024-02-23.pdf","OPS_GynLapOP","OPS","Gynäkologische Operationen mit laparoskopischem oder laparoskopischem und abdominalem Zugang","5661.62%","5661.62%"
"DeQS_GYN-OP_EJ-2025_QIDB-RR-P_V01_2024-02-23.pdf","OPS_GynLapOP","OPS","Gynäkologische Operationen mit laparoskopischem oder laparoskopischem und abdominalem Zugang","5661.63%","5661.63%"
"DeQS_GYN-OP_EJ-2025_QIDB-RR-P_V01_2024-02-23.pdf","OPS_GynLapOP","OPS","Gynäkologische Operationen mit laparoskopischem oder laparoskopischem und abdominalem Zugang","5663.02%","5663.02%"
"DeQS_GYN-OP_EJ-2025_QIDB-RR-P_V01_2024-02-23.pdf","OPS_GynLapOP","OPS","Gynäkologische Operationen mit laparoskopischem oder laparoskopischem und abdominalem Zugang","5663.03%","5663.03%"
"DeQS_GYN-OP_EJ-2025_QIDB-RR-P_V01_2024-02-23.pdf","OPS_GynLapOP","OPS","Gynäkologische Operationen mit laparoskopischem oder laparoskopischem und abdominalem Zugang","5663.12%","5663.12%"
"DeQS_GYN-OP_EJ-2025_QIDB-RR-P_V01_2024-02-23.pdf","OPS_GynLapOP","OPS","Gynäkologische Operationen mit laparoskopischem oder laparoskopischem und abdominalem Zugang","5663.13%","5663.13%"
"DeQS_GYN-OP_EJ-2025_QIDB-RR-P_V01_2024-02-23.pdf","OPS_GynLapOP","OPS","Gynäkologische Operationen mit laparoskopischem oder laparoskopischem und abdominalem Zugang","5663.22%","5663.22%"
"DeQS_GYN-OP_EJ-2025_QIDB-RR-P_V01_2024-02-23.pdf","OPS_GynLapOP","OPS","Gynäkologische Operationen mit laparoskopischem oder laparoskopischem und abdominalem Zugang","5663.23%","5663.23%"
"DeQS_GYN-OP_EJ-2025_QIDB-RR-P_V01_2024-02-23.pdf","OPS_GynLapOP","OPS","Gynäkologische Operationen mit laparoskopischem oder laparoskopischem und abdominalem Zugang","5663.32%","5663.32%"
"DeQS_GYN-OP_EJ-2025_QIDB-RR-P_V01_2024-02-23.pdf","OPS_GynLapOP","OPS","Gynäkologische Operationen mit laparoskopischem oder laparoskopischem und abdominalem Zugang","5663.33%","5663.33%"
"DeQS_GYN-OP_EJ-2025_QIDB-RR-P_V01_2024-02-23.pdf","OPS_GynLapOP","OPS","Gynäkologische Operationen mit laparoskopischem oder laparoskopischem und abdominalem Zugang","5663.42%","5663.42%"
"DeQS_GYN-OP_EJ-2025_QIDB-RR-P_V01_2024-02-23.pdf","OPS_GynLapOP","OPS","Gynäkologische Operationen mit laparoskopischem oder laparoskopischem und abdominalem Zugang","5663.43%","5663.43%"
"DeQS_GYN-OP_EJ-2025_QIDB-RR-P_V01_2024-02-23.pdf","OPS_GynLapOP","OPS","Gynäkologische Operationen mit laparoskopischem oder laparoskopischem und abdominalem Zugang","5663.52%","5663.52%"
"DeQS_GYN-OP_EJ-2025_QIDB-RR-P_V01_2024-02-23.pdf","OPS_GynLapOP","OPS","Gynäkologische Operationen mit laparoskopischem oder laparoskopischem und abdominalem Zugang","5663.53%","5663.53%"
"DeQS_GYN-OP_EJ-2025_QIDB-RR-P_V01_2024-02-23.pdf","OPS_GynLapOP","OPS","Gynäkologische Operationen mit laparoskopischem oder laparoskopischem und abdominalem Zugang","5663.x2%","5663.x2%"
"DeQS_GYN-OP_EJ-2025_QIDB-RR-P_V01_2024-02-23.pdf","OPS_GynLapOP","OPS","Gynäkologische Operationen mit laparoskopischem oder laparoskopischem und abdominalem Zugang","5663.x3%","5663.x3%"
"DeQS_GYN-OP_EJ-2025_QIDB-RR-P_V01_2024-02-23.pdf","OPS_GynLapOP","OPS","Gynäkologische Operationen mit laparoskopischem oder laparoskopischem und abdominalem Zugang","5665.42%","5665.42%"
"DeQS_GYN-OP_EJ-2025_QIDB-RR-P_V01_2024-02-23.pdf","OPS_GynLapOP","OPS","Gynäkologische Operationen mit laparoskopischem oder laparoskopischem und abdominalem Zugang","5665.43%","5665.43%"
"DeQS_GYN-OP_EJ-2025_QIDB-RR-P_V01_2024-02-23.pdf","OPS_GynLapOP","OPS","Gynäkologische Operationen mit laparoskopischem oder laparoskopischem und abdominalem Zugang","5665.52%","5665.52%"
"DeQS_GYN-OP_EJ-2025_QIDB-RR-P_V01_2024-02-23.pdf","OPS_GynLapOP","OPS","Gynäkologische Operationen mit laparoskopischem oder laparoskopischem und abdominalem Zugang","5665.53%","5665.53%"
"DeQS_GYN-OP_EJ-2025_QIDB-RR-P_V01_2024-02-23.pdf","OPS_GynLapOP","OPS","Gynäkologische Operationen mit laparoskopischem oder laparoskopischem und abdominalem Zugang","5665.x2%","5665.x2%"
"DeQS_GYN-OP_EJ-2025_QIDB-RR-P_V01_2024-02-23.pdf","OPS_GynLapOP","OPS","Gynäkologische Operationen mit laparoskopischem oder laparoskopischem und abdominalem Zugang","5665.x3%","5665.x3%"
"DeQS_GYN-OP_EJ-2025_QIDB-RR-P_V01_2024-02-23.pdf","OPS_GynLapOP","OPS","Gynäkologische Operationen mit laparoskopischem oder laparoskopischem und abdominalem Zugang","5666.82%","5666.82%"
"DeQS_GYN-OP_EJ-2025_QIDB-RR-P_V01_2024-02-23.pdf","OPS_GynLapOP","OPS","Gynäkologische Operationen mit laparoskopischem oder laparoskopischem und abdominalem Zugang","5666.83%","5666.83%"
"DeQS_GYN-OP_EJ-2025_QIDB-RR-P_V01_2024-02-23.pdf","OPS_GynLapOP","OPS","Gynäkologische Operationen mit laparoskopischem oder laparoskopischem und abdominalem Zugang","5666.92%","5666.92%"
"DeQS_GYN-OP_EJ-2025_QIDB-RR-P_V01_2024-02-23.pdf","OPS_GynLapOP","OPS","Gynäkologische Operationen mit laparoskopischem oder laparoskopischem und abdominalem Zugang","5666.93%","5666.93%"
"DeQS_GYN-OP_EJ-2025_QIDB-RR-P_V01_2024-02-23.pdf","OPS_GynLapOP","OPS","Gynäkologische Operationen mit laparoskopischem oder laparoskopischem und abdominalem Zugang","5666.a2%","5666.a2%"
"DeQS_GYN-OP_EJ-2025_QIDB-RR-P_V01_2024-02-23.pdf","OPS_GynLapOP","OPS","Gynäkologische Operationen mit laparoskopischem oder laparoskopischem und abdominalem Zugang","5666.a3%","5666.a3%"
"DeQS_GYN-OP_EJ-2025_QIDB-RR-P_V01_2024-02-23.pdf","OPS_GynLapOP","OPS","Gynäkologische Operationen mit laparoskopischem oder laparoskopischem und abdominalem Zugang","5666.b2%","5666.b2%"
"DeQS_GYN-OP_EJ-2025_QIDB-RR-P_V01_2024-02-23.pdf","OPS_GynLapOP","OPS","Gynäkologische Operationen mit laparoskopischem oder laparoskopischem und abdominalem Zugang","5666.b3%","5666.b3%"
"DeQS_GYN-OP_EJ-2025_QIDB-RR-P_V01_2024-02-23.pdf","OPS_GynLapOP","OPS","Gynäkologische Operationen mit laparoskopischem oder laparoskopischem und abdominalem Zugang","5666.x2%","5666.x2%"
"DeQS_GYN-OP_EJ-2025_QIDB-RR-P_V01_2024-02-23.pdf","OPS_GynLapOP","OPS","Gynäkologische Operationen mit laparoskopischem oder laparoskopischem und abdominalem Zugang","5666.x3%","5666.x3%"
"DeQS_GYN-OP_EJ-2025_QIDB-RR-P_V01_2024-02-23.pdf","OPS_GynLapOP","OPS","Gynäkologische Operationen mit laparoskopischem oder laparoskopischem und abdominalem Zugang","5683.13%","5683.13%"
"DeQS_GYN-OP_EJ-2025_QIDB-RR-P_V01_2024-02-23.pdf","OPS_GynLapOP","OPS","Gynäkologische Operationen mit laparoskopischem oder laparoskopischem und abdominalem Zugang","5683.14%","5683.14%"
"DeQS_GYN-OP_EJ-2025_QIDB-RR-P_V01_2024-02-23.pdf","OPS_GynLapOP","OPS","Gynäkologische Operationen mit laparoskopischem oder laparoskopischem und abdominalem Zugang","5683.23%","5683.23%"
"DeQS_GYN-OP_EJ-2025_QIDB-RR-P_V01_2024-02-23.pdf","OPS_GynLapOP","OPS","Gynäkologische Operationen mit laparoskopischem oder laparoskopischem und abdominalem Zugang","5683.24%","5683.24%"
"DeQS_GYN-OP_EJ-2025_QIDB-RR-P_V01_2024-02-23.pdf","OPS_GynLapOP","OPS","Gynäkologische Operationen mit laparoskopischem oder laparoskopischem und abdominalem Zugang","5744.02%","5744.02%"
"DeQS_GYN-OP_EJ-2025_QIDB-RR-P_V01_2024-02-23.pdf","OPS_GynLapOP","OPS","Gynäkologische Operationen mit laparoskopischem oder laparoskopischem und abdominalem Zugang","5744.03%","5744.03%"
"DeQS_GYN-OP_EJ-2025_QIDB-RR-P_V01_2024-02-23.pdf","OPS_GynLapOP","OPS","Gynäkologische Operationen mit laparoskopischem oder laparoskopischem und abdominalem Zugang","5744.12%","5744.12%"
"DeQS_GYN-OP_EJ-2025_QIDB-RR-P_V01_2024-02-23.pdf","OPS_GynLapOP","OPS","Gynäkologische Operationen mit laparoskopischem oder laparoskopischem und abdominalem Zugang","5744.13%","5744.13%"
"DeQS_GYN-OP_EJ-2025_QIDB-RR-P_V01_2024-02-23.pdf","OPS_GynLapOP","OPS","Gynäkologische Operationen mit laparoskopischem oder laparoskopischem und abdominalem Zugang","5744.22%","5744.22%"
"DeQS_GYN-OP_EJ-2025_QIDB-RR-P_V01_2024-02-23.pdf","OPS_GynLapOP","OPS","Gynäkologische Operationen mit laparoskopischem oder laparoskopischem und abdominalem Zugang","5744.23%","5744.23%"
"DeQS_GYN-OP_EJ-2025_QIDB-RR-P_V01_2024-02-23.pdf","OPS_GynLapOP","OPS","Gynäkologische Operationen mit laparoskopischem oder laparoskopischem und abdominalem Zugang","5744.32%","5744.32%"
"DeQS_GYN-OP_EJ-2025_QIDB-RR-P_V01_2024-02-23.pdf","OPS_GynLapOP","OPS","Gynäkologische Operationen mit laparoskopischem oder laparoskopischem und abdominalem Zugang","5744.33%","5744.33%"
"DeQS_GYN-OP_EJ-2025_QIDB-RR-P_V01_2024-02-23.pdf","OPS_GynLapOP","OPS","Gynäkologische Operationen mit laparoskopischem oder laparoskopischem und abdominalem Zugang","5744.42%","5744.42%"
"DeQS_GYN-OP_EJ-2025_QIDB-RR-P_V01_2024-02-23.pdf","OPS_GynLapOP","OPS","Gynäkologische Operationen mit laparoskopischem oder laparoskopischem und abdominalem Zugang","5744.43%","5744.43%"
"DeQS_GYN-OP_EJ-2025_QIDB-RR-P_V01_2024-02-23.pdf","OPS_GynLapOP_EX","OPS","Ausschlusskriterien zur Definition von Operationen mit laparoskopischem oder laparoskopischem und abdominalem Zugang","5650.2%","5650.2%"
"DeQS_GYN-OP_EJ-2025_QIDB-RR-P_V01_2024-02-23.pdf","OPS_GynLapOP_EX","OPS","Ausschlusskriterien zur Definition von Operationen mit laparoskopischem oder laparoskopischem und abdominalem Zugang","5650.3%","5650.3%"
"DeQS_GYN-OP_EJ-2025_QIDB-RR-P_V01_2024-02-23.pdf","OPS_GynLapOP_EX","OPS","Ausschlusskriterien zur Definition von Operationen mit laparoskopischem oder laparoskopischem und abdominalem Zugang","5650.6%","5650.6%"
"DeQS_GYN-OP_EJ-2025_QIDB-RR-P_V01_2024-02-23.pdf","OPS_GynLapOP_EX","OPS","Ausschlusskriterien zur Definition von Operationen mit laparoskopischem oder laparoskopischem und abdominalem Zugang","5650.7%","5650.7%"
"DeQS_GYN-OP_EJ-2025_QIDB-RR-P_V01_2024-02-23.pdf","OPS_GynLapOP_EX","OPS","Ausschlusskriterien zur Definition von Operationen mit laparoskopischem oder laparoskopischem und abdominalem Zugang","5650.x%","5650.x%"
"DeQS_GYN-OP_EJ-2025_QIDB-RR-P_V01_2024-02-23.pdf","OPS_GynLapOP_EX","OPS","Ausschlusskriterien zur Definition von Operationen mit laparoskopischem oder laparoskopischem und abdominalem Zugang","5650.y%","5650.y%"
"DeQS_GYN-OP_EJ-2025_QIDB-RR-P_V01_2024-02-23.pdf","OPS_GynLapOP_EX","OPS","Ausschlusskriterien zur Definition von Operationen mit laparoskopischem oder laparoskopischem und abdominalem Zugang","5651.80%","5651.80%"
"DeQS_GYN-OP_EJ-2025_QIDB-RR-P_V01_2024-02-23.pdf","OPS_GynLapOP_EX","OPS","Ausschlusskriterien zur Definition von Operationen mit laparoskopischem oder laparoskopischem und abdominalem Zugang","5651.81%","5651.81%"
"DeQS_GYN-OP_EJ-2025_QIDB-RR-P_V01_2024-02-23.pdf","OPS_GynLapOP_EX","OPS","Ausschlusskriterien zur Definition von Operationen mit laparoskopischem oder laparoskopischem und abdominalem Zugang","5651.84%","5651.84%"
"DeQS_GYN-OP_EJ-2025_QIDB-RR-P_V01_2024-02-23.pdf","OPS_GynLapOP_EX","OPS","Ausschlusskriterien zur Definition von Operationen mit laparoskopischem oder laparoskopischem und abdominalem Zugang","5651.85%","5651.85%"
"DeQS_GYN-OP_EJ-2025_QIDB-RR-P_V01_2024-02-23.pdf","OPS_GynLapOP_EX","OPS","Ausschlusskriterien zur Definition von Operationen mit laparoskopischem oder laparoskopischem und abdominalem Zugang","5651.8x%","5651.8x%"
"DeQS_GYN-OP_EJ-2025_QIDB-RR-P_V01_2024-02-23.pdf","OPS_GynLapOP_EX","OPS","Ausschlusskriterien zur Definition von Operationen mit laparoskopischem oder laparoskopischem und abdominalem Zugang","5651.90%","5651.90%"
"DeQS_GYN-OP_EJ-2025_QIDB-RR-P_V01_2024-02-23.pdf","OPS_GynLapOP_EX","OPS","Ausschlusskriterien zur Definition von Operationen mit laparoskopischem oder laparoskopischem und abdominalem Zugang","5651.91%","5651.91%"
"DeQS_GYN-OP_EJ-2025_QIDB-RR-P_V01_2024-02-23.pdf","OPS_GynLapOP_EX","OPS","Ausschlusskriterien zur Definition von Operationen mit laparoskopischem oder laparoskopischem und abdominalem Zugang","5651.94%","5651.94%"
"DeQS_GYN-OP_EJ-2025_QIDB-RR-P_V01_2024-02-23.pdf","OPS_GynLapOP_EX","OPS","Ausschlusskriterien zur Definition von Operationen mit laparoskopischem oder laparoskopischem und abdominalem Zugang","5651.95%","5651.95%"
"DeQS_GYN-OP_EJ-2025_QIDB-RR-P_V01_2024-02-23.pdf","OPS_GynLapOP_EX","OPS","Ausschlusskriterien zur Definition von Operationen mit laparoskopischem oder laparoskopischem und abdominalem Zugang","5651.9x%","5651.9x%"
"DeQS_GYN-OP_EJ-2025_QIDB-RR-P_V01_2024-02-23.pdf","OPS_GynLapOP_EX","OPS","Ausschlusskriterien zur Definition von Operationen mit laparoskopischem oder laparoskopischem und abdominalem Zugang","5651.a0%","5651.a0%"
"DeQS_GYN-OP_EJ-2025_QIDB-RR-P_V01_2024-02-23.pdf","OPS_GynLapOP_EX","OPS","Ausschlusskriterien zur Definition von Operationen mit laparoskopischem oder laparoskopischem und abdominalem Zugang","5651.a1%","5651.a1%"
"DeQS_GYN-OP_EJ-2025_QIDB-RR-P_V01_2024-02-23.pdf","OPS_GynLapOP_EX","OPS","Ausschlusskriterien zur Definition von Operationen mit laparoskopischem oder laparoskopischem und abdominalem Zugang","5651.a4%","5651.a4%"
"DeQS_GYN-OP_EJ-2025_QIDB-RR-P_V01_2024-02-23.pdf","OPS_GynLapOP_EX","OPS","Ausschlusskriterien zur Definition von Operationen mit laparoskopischem oder laparoskopischem und abdominalem Zugang","5651.a5%","5651.a5%"
"DeQS_GYN-OP_EJ-2025_QIDB-RR-P_V01_2024-02-23.pdf","OPS_GynLapOP_EX","OPS","Ausschlusskriterien zur Definition von Operationen mit laparoskopischem oder laparoskopischem und abdominalem Zugang","5651.ax%","5651.ax%"
"DeQS_GYN-OP_EJ-2025_QIDB-RR-P_V01_2024-02-23.pdf","OPS_GynLapOP_EX","OPS","Ausschlusskriterien zur Definition von Operationen mit laparoskopischem oder laparoskopischem und abdominalem Zugang","5651.b0%","5651.b0%"
"DeQS_GYN-OP_EJ-2025_QIDB-RR-P_V01_2024-02-23.pdf","OPS_GynLapOP_EX","OPS","Ausschlusskriterien zur Definition von Operationen mit laparoskopischem oder laparoskopischem und abdominalem Zugang","5651.b1%","5651.b1%"
"DeQS_GYN-OP_EJ-2025_QIDB-RR-P_V01_2024-02-23.pdf","OPS_GynLapOP_EX","OPS","Ausschlusskriterien zur Definition von Operationen mit laparoskopischem oder laparoskopischem und abdominalem Zugang","5651.b4%","5651.b4%"
"DeQS_GYN-OP_EJ-2025_QIDB-RR-P_V01_2024-02-23.pdf","OPS_GynLapOP_EX","OPS","Ausschlusskriterien zur Definition von Operationen mit laparoskopischem oder laparoskopischem und abdominalem Zugang","5651.b5%","5651.b5%"
"DeQS_GYN-OP_EJ-2025_QIDB-RR-P_V01_2024-02-23.pdf","OPS_GynLapOP_EX","OPS","Ausschlusskriterien zur Definition von Operationen mit laparoskopischem oder laparoskopischem und abdominalem Zugang","5651.bx%","5651.bx%"
"DeQS_GYN-OP_EJ-2025_QIDB-RR-P_V01_2024-02-23.pdf","OPS_GynLapOP_EX","OPS","Ausschlusskriterien zur Definition von Operationen mit laparoskopischem oder laparoskopischem und abdominalem Zugang","5651.x0%","5651.x0%"
"DeQS_GYN-OP_EJ-2025_QIDB-RR-P_V01_2024-02-23.pdf","OPS_GynLapOP_EX","OPS","Ausschlusskriterien zur Definition von Operationen mit laparoskopischem oder laparoskopischem und abdominalem Zugang","5651.x1%","5651.x1%"
"DeQS_GYN-OP_EJ-2025_QIDB-RR-P_V01_2024-02-23.pdf","OPS_GynLapOP_EX","OPS","Ausschlusskriterien zur Definition von Operationen mit laparoskopischem oder laparoskopischem und abdominalem Zugang","5651.x4%","5651.x4%"
"DeQS_GYN-OP_EJ-2025_QIDB-RR-P_V01_2024-02-23.pdf","OPS_GynLapOP_EX","OPS","Ausschlusskriterien zur Definition von Operationen mit laparoskopischem oder laparoskopischem und abdominalem Zugang","5651.x5%","5651.x5%"
"DeQS_GYN-OP_EJ-2025_QIDB-RR-P_V01_2024-02-23.pdf","OPS_GynLapOP_EX","OPS","Ausschlusskriterien zur Definition von Operationen mit laparoskopischem oder laparoskopischem und abdominalem Zugang","5651.xx%","5651.xx%"
"DeQS_GYN-OP_EJ-2025_QIDB-RR-P_V01_2024-02-23.pdf","OPS_GynLapOP_EX","OPS","Ausschlusskriterien zur Definition von Operationen mit laparoskopischem oder laparoskopischem und abdominalem Zugang","5651.y%","5651.y%"
"DeQS_GYN-OP_EJ-2025_QIDB-RR-P_V01_2024-02-23.pdf","OPS_GynLapOP_EX","OPS","Ausschlusskriterien zur Definition von Operationen mit laparoskopischem oder laparoskopischem und abdominalem Zugang","5652.40%","5652.40%"
"DeQS_GYN-OP_EJ-2025_QIDB-RR-P_V01_2024-02-23.pdf","OPS_GynLapOP_EX","OPS","Ausschlusskriterien zur Definition von Operationen mit laparoskopischem oder laparoskopischem und abdominalem Zugang","5652.41%","5652.41%"
"DeQS_GYN-OP_EJ-2025_QIDB-RR-P_V01_2024-02-23.pdf","OPS_GynLapOP_EX","OPS","Ausschlusskriterien zur Definition von Operationen mit laparoskopischem oder laparoskopischem und abdominalem Zugang","5652.44%","5652.44%"
"DeQS_GYN-OP_EJ-2025_QIDB-RR-P_V01_2024-02-23.pdf","OPS_GynLapOP_EX","OPS","Ausschlusskriterien zur Definition von Operationen mit laparoskopischem oder laparoskopischem und abdominalem Zugang","5652.45%","5652.45%"
"DeQS_GYN-OP_EJ-2025_QIDB-RR-P_V01_2024-02-23.pdf","OPS_GynLapOP_EX","OPS","Ausschlusskriterien zur Definition von Operationen mit laparoskopischem oder laparoskopischem und abdominalem Zugang","5652.4x%","5652.4x%"
"DeQS_GYN-OP_EJ-2025_QIDB-RR-P_V01_2024-02-23.pdf","OPS_GynLapOP_EX","OPS","Ausschlusskriterien zur Definition von Operationen mit laparoskopischem oder laparoskopischem und abdominalem Zugang","5652.50%","5652.50%"
"DeQS_GYN-OP_EJ-2025_QIDB-RR-P_V01_2024-02-23.pdf","OPS_GynLapOP_EX","OPS","Ausschlusskriterien zur Definition von Operationen mit laparoskopischem oder laparoskopischem und abdominalem Zugang","5652.51%","5652.51%"
"DeQS_GYN-OP_EJ-2025_QIDB-RR-P_V01_2024-02-23.pdf","OPS_GynLapOP_EX","OPS","Ausschlusskriterien zur Definition von Operationen mit laparoskopischem oder laparoskopischem und abdominalem Zugang","5652.54%","5652.54%"
"DeQS_GYN-OP_EJ-2025_QIDB-RR-P_V01_2024-02-23.pdf","OPS_GynLapOP_EX","OPS","Ausschlusskriterien zur Definition von Operationen mit laparoskopischem oder laparoskopischem und abdominalem Zugang","5652.55%","5652.55%"
"DeQS_GYN-OP_EJ-2025_QIDB-RR-P_V01_2024-02-23.pdf","OPS_GynLapOP_EX","OPS","Ausschlusskriterien zur Definition von Operationen mit laparoskopischem oder laparoskopischem und abdominalem Zugang","5652.5x%","5652.5x%"
"DeQS_GYN-OP_EJ-2025_QIDB-RR-P_V01_2024-02-23.pdf","OPS_GynLapOP_EX","OPS","Ausschlusskriterien zur Definition von Operationen mit laparoskopischem oder laparoskopischem und abdominalem Zugang","5652.60%","5652.60%"
"DeQS_GYN-OP_EJ-2025_QIDB-RR-P_V01_2024-02-23.pdf","OPS_GynLapOP_EX","OPS","Ausschlusskriterien zur Definition von Operationen mit laparoskopischem oder laparoskopischem und abdominalem Zugang","5652.61%","5652.61%"
"DeQS_GYN-OP_EJ-2025_QIDB-RR-P_V01_2024-02-23.pdf","OPS_GynLapOP_EX","OPS","Ausschlusskriterien zur Definition von Operationen mit laparoskopischem oder laparoskopischem und abdominalem Zugang","5652.64%","5652.64%"
"DeQS_GYN-OP_EJ-2025_QIDB-RR-P_V01_2024-02-23.pdf","OPS_GynLapOP_EX","OPS","Ausschlusskriterien zur Definition von Operationen mit laparoskopischem oder laparoskopischem und abdominalem Zugang","5652.65%","5652.65%"
"DeQS_GYN-OP_EJ-2025_QIDB-RR-P_V01_2024-02-23.pdf","OPS_GynLapOP_EX","OPS","Ausschlusskriterien zur Definition von Operationen mit laparoskopischem oder laparoskopischem und abdominalem Zugang","5652.6x%","5652.6x%"
"DeQS_GYN-OP_EJ-2025_QIDB-RR-P_V01_2024-02-23.pdf","OPS_GynLapOP_EX","OPS","Ausschlusskriterien zur Definition von Operationen mit laparoskopischem oder laparoskopischem und abdominalem Zugang","5652.y%","5652.y%"
"DeQS_GYN-OP_EJ-2025_QIDB-RR-P_V01_2024-02-23.pdf","OPS_GynLapOP_EX","OPS","Ausschlusskriterien zur Definition von Operationen mit laparoskopischem oder laparoskopischem und abdominalem Zugang","5653.20%","5653.20%"
"DeQS_GYN-OP_EJ-2025_QIDB-RR-P_V01_2024-02-23.pdf","OPS_GynLapOP_EX","OPS","Ausschlusskriterien zur Definition von Operationen mit laparoskopischem oder laparoskopischem und abdominalem Zugang","5653.21%","5653.21%"
"DeQS_GYN-OP_EJ-2025_QIDB-RR-P_V01_2024-02-23.pdf","OPS_GynLapOP_EX","OPS","Ausschlusskriterien zur Definition von Operationen mit laparoskopischem oder laparoskopischem und abdominalem Zugang","5653.24%","5653.24%"
"DeQS_GYN-OP_EJ-2025_QIDB-RR-P_V01_2024-02-23.pdf","OPS_GynLapOP_EX","OPS","Ausschlusskriterien zur Definition von Operationen mit laparoskopischem oder laparoskopischem und abdominalem Zugang","5653.25%","5653.25%"
"DeQS_GYN-OP_EJ-2025_QIDB-RR-P_V01_2024-02-23.pdf","OPS_GynOvarOP","OPS","Geweberesezierende Operation am Ovar","5651.8%","5651.8%"
"DeQS_GYN-OP_EJ-2025_QIDB-RR-P_V01_2024-02-23.pdf","OPS_GynOvarOP","OPS","Geweberesezierende Operation am Ovar","5651.9%","5651.9%"
"DeQS_GYN-OP_EJ-2025_QIDB-RR-P_V01_2024-02-23.pdf","OPS_GynOvarOP","OPS","Geweberesezierende Operation am Ovar","5652%","5652%"
"DeQS_GYN-OP_EJ-2025_QIDB-RR-P_V01_2024-02-23.pdf","OPS_GynOvarOP","OPS","Geweberesezierende Operation am Ovar","5653%","5653%"
"DeQS_GYN-OP_EJ-2025_QIDB-RR-P_V01_2024-02-23.pdf","OPS_GynOvarOP","OPS","Geweberesezierende Operation am Ovar","5659.2%","5659.2%"
"DeQS_GYN-OP_EJ-2025_QIDB-RR-P_V01_2024-02-23.pdf","OPS_GynOvarOP_EX","OPS","Ausschluss Ovariektomie und Salpingoovariektomie","5652%","5652%"
"DeQS_GYN-OP_EJ-2025_QIDB-RR-P_V01_2024-02-23.pdf","OPS_GynOvarOP_EX","OPS","Ausschluss Ovariektomie und Salpingoovariektomie","5653%","5653%"
"DeQS_GYN-OP_EJ-2025_QIDB-RR-P_V01_2024-02-23.pdf","OPS_GynOvarOPAblativ","OPS","Isolierte ablative Operation am Ovar","5652.4%","5652.4%"
"DeQS_GYN-OP_EJ-2025_QIDB-RR-P_V01_2024-02-23.pdf","OPS_GynOvarOPAblativ","OPS","Isolierte ablative Operation am Ovar","5652.6%","5652.6%"
"DeQS_GYN-OP_EJ-2025_QIDB-RR-P_V01_2024-02-23.pdf","OPS_GynOvarOPAblativ","OPS","Isolierte ablative Operation am Ovar","5652.y%","5652.y%"
"DeQS_GYN-OP_EJ-2025_QIDB-RR-P_V01_2024-02-23.pdf","OPS_GynOvarOPAblativ","OPS","Isolierte ablative Operation am Ovar","5653%","5653%"
"DeQS_GYN-OP_EJ-2025_QIDB-RR-P_V01_2024-02-23.pdf","OPS_GynOvarOPAblativZusatz","OPS","Zusätzlich zu der isolierten ablativen Operation","am Ovar erlaubte Kodes","amOvarerlaubteKodes"
"DeQS_GYN-OP_EJ-2025_QIDB-RR-P_V01_2024-02-23.pdf","OPS_GynOvarOPAblativZusatz","OPS","Zusätzlich zu der isolierten ablativen Operation","die keinen Ausschluss aus der Betrachtung des Indikators zur Folge haben.","diekeinenAusschlussausderBetrachtungdesIndikatorszurFolgehaben."
"DeQS_GYN-OP_EJ-2025_QIDB-RR-P_V01_2024-02-23.pdf","OPS_GynOvarOPGesamt","OPS","Operationen am Ovar (ohne Einschränkungen)","565%","565%"
"DeQS_GYN-OP_EJ-2025_QIDB-RR-P_V01_2024-02-23.pdf","OPS_GynOvarOPZusatz","OPS","Zusätzlich zu der geweberesezierenden Operation","am Ovar oder Tuba uterina erlaubte Kodes","amOvaroderTubauterinaerlaubteKodes"
"DeQS_GYN-OP_EJ-2025_QIDB-RR-P_V01_2024-02-23.pdf","OPS_GynOvarOPZusatz","OPS","Zusätzlich zu der geweberesezierenden Operation","die keinen Ausschluss aus der Betrachtung des Indikators zur Folge haben.","diekeinenAusschlussausderBetrachtungdesIndikatorszurFolgehaben."
"DeQS_GYN-OP_EJ-2025_QIDB-RR-P_V01_2024-02-23.pdf","OPS_GynPlastiken","OPS","Plastiken oder inkontinenzchirurgische Operationen","5592%","5592%"
"DeQS_GYN-OP_EJ-2025_QIDB-RR-P_V01_2024-02-23.pdf","OPS_GynPlastiken","OPS","Plastiken oder inkontinenzchirurgische Operationen","5593%","5593%"
"DeQS_GYN-OP_EJ-2025_QIDB-RR-P_V01_2024-02-23.pdf","OPS_GynPlastiken","OPS","Plastiken oder inkontinenzchirurgische Operationen","5594%","5594%"
"DeQS_GYN-OP_EJ-2025_QIDB-RR-P_V01_2024-02-23.pdf","OPS_GynPlastiken","OPS","Plastiken oder inkontinenzchirurgische Operationen","5595%","5595%"
"DeQS_GYN-OP_EJ-2025_QIDB-RR-P_V01_2024-02-23.pdf","OPS_GynPlastiken","OPS","Plastiken oder inkontinenzchirurgische Operationen","5596%","5596%"
"DeQS_GYN-OP_EJ-2025_QIDB-RR-P_V01_2024-02-23.pdf","OPS_GynPlastiken","OPS","Plastiken oder inkontinenzchirurgische Operationen","5704%","5704%"
"DeQS_GYN-OP_EJ-2025_QIDB-RR-P_V01_2024-02-23.pdf","OPS_GynTubauterinaOPGesamt","OPS","Operationen an der Tuba uterina (Operationen am Eileiter) (ohne Einschränkungen)","566%","566%"
"DeQS_GYN-OP_EJ-2025_QIDB-RR-P_V01_2024-02-23.pdf","OPS_OPHarnblase","OPS","Operationen an der Harnblase (ohne Einschränkungen)","557%","557%"
"DeQS_HGV-HEP_EJ-2025_QIDB-RR-P_V01_2024-02-23.pdf","ICD_HEP_ANDERE_FF_QI54003","ICD","","Subtrochantäre Fraktur","SubtrochantäreFraktur"
"DeQS_HGV-HEP_EJ-2025_QIDB-RR-P_V01_2024-02-23.pdf","ICD_HEP_ANDERE_FF_QI54003","ICD","","Fraktur des Femurschaftes","FrakturdesFemurschaftes"
"DeQS_HGV-HEP_EJ-2025_QIDB-RR-P_V01_2024-02-23.pdf","ICD_HEP_ANDERE_FF_QI54003","ICD","","Distale Fraktur des Femurs und Multiple Frakturen des Femurs","DistaleFrakturdesFemursundMultipleFrakturendesFemurs"
"DeQS_HGV-HEP_EJ-2025_QIDB-RR-P_V01_2024-02-23.pdf","ICD_HEP_Knochennekrose_Trauma","ICD","Knochennekrose durch vorangegangenes Trauma: Beckenregion und Oberschenkel","M87.25%","M87.25%"
"DeQS_HGV-HEP_EJ-2025_QIDB-RR-P_V01_2024-02-23.pdf","ICD_HEP_SH_PF_QI54003","ICD","","Schenkelhalsfraktur","Schenkelhalsfraktur"
"DeQS_HGV-HEP_EJ-2025_QIDB-RR-P_V01_2024-02-23.pdf","ICD_HEP_SH_PF_QI54003","ICD","","Pertrochantäre Fraktur","PertrochantäreFraktur"
"DeQS_HGV-HEP_EJ-2025_QIDB-RR-P_V01_2024-02-23.pdf","OPS_HEP_Modulareprothese","OPS","Zusatzkode für modulare Prothesen","5829.k%","5829.k%"
"DeQS_HGV-OSFRAK_EJ-2025_QIDB-RR-P_V01_2024-02-23.pdf","ICD_17n1_Komplikation_durch_Osteosythese","ICD","Mechanische Komplikation durch eine interne Osteosynthesevorrichtung an Extremitätenknochen (Beckenregion und Oberschenkel)","T84.14%","T84.14%"
"DeQS_HGV-OSFRAK_EJ-2025_QIDB-RR-P_V01_2024-02-23.pdf","ICD_17n1_Vorhandensein_Hueftgelenkprothese","ICD","Vorhandensein einer Hüftgelenkprothese","Z96.64%","Z96.64%"
"DeQS_HSMDEF-DEFI-IMPL_EJ-2025_QIDB-RR-P_V01_2024-02-23.pdf","OPS_HSMDEF_ImplantationCRT","OPS","Neuimplantationen eines CRT-D-Systems","5377.70%","5377.70%"
"DeQS_HSMDEF-DEFI-IMPL_EJ-2025_QIDB-RR-P_V01_2024-02-23.pdf","OPS_HSMDEF_ImplantationCRT","OPS","Neuimplantationen eines CRT-D-Systems","5377.71%","5377.71%"
"DeQS_HSMDEF-DEFI-IMPL_EJ-2025_QIDB-RR-P_V01_2024-02-23.pdf","OPS_HSMDEF_SystemumstellungSMzuCRT","OPS","Systemumstellungen von Herzschrittmacher auf CRT-D-System","5378.bb%","5378.bb%"
"DeQS_HSMDEF-DEFI-IMPL_EJ-2025_QIDB-RR-P_V01_2024-02-23.pdf","OPS_HSMDEF_SystemumstellungSMzuCRT","OPS","Systemumstellungen von Herzschrittmacher auf CRT-D-System","5378.bc%","5378.bc%"
"DeQS_HSMDEF-DEFI-IMPL_EJ-2025_QIDB-RR-P_V01_2024-02-23.pdf","OPS_HSMDEF_SystemumstellungSMzuCRT","OPS","Systemumstellungen von Herzschrittmacher auf CRT-D-System","5378.d7%","5378.d7%"
"DeQS_HSMDEF-DEFI-IMPL_EJ-2025_QIDB-RR-P_V01_2024-02-23.pdf","OPS_HSMDEF_SystemumstellungSMzuCRT","OPS","Systemumstellungen von Herzschrittmacher auf CRT-D-System","5378.d8%","5378.d8%"
"DeQS_HSMDEF-DEFI-IMPL_EJ-2025_QIDB-RR-P_V01_2024-02-23.pdf","OPS_HSMDEF_SystemumstellungSMzuICD","OPS","Systemumstellungen von Herzschrittmacher auf Defibrillator","5378.b8%","5378.b8%"
"DeQS_HSMDEF-DEFI-IMPL_EJ-2025_QIDB-RR-P_V01_2024-02-23.pdf","OPS_HSMDEF_SystemumstellungSMzuICD","OPS","Systemumstellungen von Herzschrittmacher auf Defibrillator","5378.b9%","5378.b9%"
"DeQS_HSMDEF-DEFI-IMPL_EJ-2025_QIDB-RR-P_V01_2024-02-23.pdf","OPS_HSMDEF_SystemumstellungSMzuICD","OPS","Systemumstellungen von Herzschrittmacher auf Defibrillator","5378.ba%","5378.ba%"
"DeQS_HSMDEF-DEFI-IMPL_EJ-2025_QIDB-RR-P_V01_2024-02-23.pdf","OPS_HSMDEF_SystemumstellungSMzuICD","OPS","Systemumstellungen von Herzschrittmacher auf Defibrillator","5378.bb%","5378.bb%"
"DeQS_HSMDEF-DEFI-IMPL_EJ-2025_QIDB-RR-P_V01_2024-02-23.pdf","OPS_HSMDEF_SystemumstellungSMzuICD","OPS","Systemumstellungen von Herzschrittmacher auf Defibrillator","5378.bc%","5378.bc%"
"DeQS_HSMDEF-DEFI-IMPL_EJ-2025_QIDB-RR-P_V01_2024-02-23.pdf","OPS_HSMDEF_SystemumstellungSMzuICD","OPS","Systemumstellungen von Herzschrittmacher auf Defibrillator","5378.bd%","5378.bd%"
"DeQS_HSMDEF-DEFI-IMPL_EJ-2025_QIDB-RR-P_V01_2024-02-23.pdf","OPS_HSMDEF_SystemumstellungSMzuICD","OPS","Systemumstellungen von Herzschrittmacher auf Defibrillator","5378.d4%","5378.d4%"
"DeQS_HSMDEF-DEFI-IMPL_EJ-2025_QIDB-RR-P_V01_2024-02-23.pdf","OPS_HSMDEF_SystemumstellungSMzuICD","OPS","Systemumstellungen von Herzschrittmacher auf Defibrillator","5378.d5%","5378.d5%"
"DeQS_HSMDEF-DEFI-IMPL_EJ-2025_QIDB-RR-P_V01_2024-02-23.pdf","OPS_HSMDEF_SystemumstellungSMzuICD","OPS","Systemumstellungen von Herzschrittmacher auf Defibrillator","5378.d6%","5378.d6%"
"DeQS_HSMDEF-DEFI-IMPL_EJ-2025_QIDB-RR-P_V01_2024-02-23.pdf","OPS_HSMDEF_SystemumstellungSMzuICD","OPS","Systemumstellungen von Herzschrittmacher auf Defibrillator","5378.d7%","5378.d7%"
"DeQS_HSMDEF-DEFI-IMPL_EJ-2025_QIDB-RR-P_V01_2024-02-23.pdf","OPS_HSMDEF_SystemumstellungSMzuICD","OPS","Systemumstellungen von Herzschrittmacher auf Defibrillator","5378.d8%","5378.d8%"
"DeQS_HSMDEF-DEFI-IMPL_EJ-2025_QIDB-RR-P_V01_2024-02-23.pdf","OPS_HSMDEF_SystemumstellungSMzuICD","OPS","Systemumstellungen von Herzschrittmacher auf Defibrillator","5378.d9%","5378.d9%"
"DeQS_HSMDEF-HSM-IMPL_EJ-2025_QIDB-RR-P_V01_2024-02-23.pdf","OPS_HSMDEF_Systemumstellung_ICDzuSM","OPS","Systemumstellungen von Defibrillator auf Herzschrittmacher (Ein- oder Zweikammersystem)","5378.ca%","5378.ca%"
"DeQS_HSMDEF-HSM-IMPL_EJ-2025_QIDB-RR-P_V01_2024-02-23.pdf","OPS_HSMDEF_Systemumstellung_ICDzuSM","OPS","Systemumstellungen von Defibrillator auf Herzschrittmacher (Ein- oder Zweikammersystem)","5378.cb%","5378.cb%"
"DeQS_HSMDEF-HSM-IMPL_EJ-2025_QIDB-RR-P_V01_2024-02-23.pdf","OPS_HSMDEF_Systemumstellung_ICDzuSM","OPS","Systemumstellungen von Defibrillator auf Herzschrittmacher (Ein- oder Zweikammersystem)","5378.cm%","5378.cm%"
"DeQS_HSMDEF-HSM-IMPL_EJ-2025_QIDB-RR-P_V01_2024-02-23.pdf","OPS_HSMDEF_Systemumstellung_SMzuCRTP","OPS","Systemumstellungen von Herzschrittmacher auf CRT-P-System","5378.b1%","5378.b1%"
"DeQS_HSMDEF-HSM-IMPL_EJ-2025_QIDB-RR-P_V01_2024-02-23.pdf","OPS_HSMDEF_Systemumstellung_SMzuCRTP","OPS","Systemumstellungen von Herzschrittmacher auf CRT-P-System","5378.b2%","5378.b2%"
"DeQS_HSMDEF-HSM-IMPL_EJ-2025_QIDB-RR-P_V01_2024-02-23.pdf","OPS_HSMDEF_Systemumstellung_SMzuCRTP","OPS","Systemumstellungen von Herzschrittmacher auf CRT-P-System","5378.b4%","5378.b4%"
"DeQS_HSMDEF-HSM-IMPL_EJ-2025_QIDB-RR-P_V01_2024-02-23.pdf","OPS_HSMDEF_Systemumstellung_SMzuCRTP","OPS","Systemumstellungen von Herzschrittmacher auf CRT-P-System","5378.b5%","5378.b5%"
"DeQS_KCHK-AK-CHIR_EJ-2025_QIDB-RR-P_V01_2024-02-23.pdf","ICD_HCH_Schlaganfall","ICD","ICD-Einschlusskodes für einen Schlaganfall","I61.0%","I61.0%"
"DeQS_KCHK-AK-CHIR_EJ-2025_QIDB-RR-P_V01_2024-02-23.pdf","ICD_HCH_Schlaganfall","ICD","ICD-Einschlusskodes für einen Schlaganfall","I61.1%","I61.1%"
"DeQS_KCHK-AK-CHIR_EJ-2025_QIDB-RR-P_V01_2024-02-23.pdf","ICD_HCH_Schlaganfall","ICD","ICD-Einschlusskodes für einen Schlaganfall","I61.2%","I61.2%"
"DeQS_KCHK-AK-CHIR_EJ-2025_QIDB-RR-P_V01_2024-02-23.pdf","ICD_HCH_Schlaganfall","ICD","ICD-Einschlusskodes für einen Schlaganfall","I61.3%","I61.3%"
"DeQS_KCHK-AK-CHIR_EJ-2025_QIDB-RR-P_V01_2024-02-23.pdf","ICD_HCH_Schlaganfall","ICD","ICD-Einschlusskodes für einen Schlaganfall","I61.4%","I61.4%"
"DeQS_KCHK-AK-CHIR_EJ-2025_QIDB-RR-P_V01_2024-02-23.pdf","ICD_HCH_Schlaganfall","ICD","ICD-Einschlusskodes für einen Schlaganfall","I61.5%","I61.5%"
"DeQS_KCHK-AK-CHIR_EJ-2025_QIDB-RR-P_V01_2024-02-23.pdf","ICD_HCH_Schlaganfall","ICD","ICD-Einschlusskodes für einen Schlaganfall","I61.6%","I61.6%"
"DeQS_KCHK-AK-CHIR_EJ-2025_QIDB-RR-P_V01_2024-02-23.pdf","ICD_HCH_Schlaganfall","ICD","ICD-Einschlusskodes für einen Schlaganfall","I61.8%","I61.8%"
"DeQS_KCHK-AK-CHIR_EJ-2025_QIDB-RR-P_V01_2024-02-23.pdf","ICD_HCH_Schlaganfall","ICD","ICD-Einschlusskodes für einen Schlaganfall","I61.9%","I61.9%"
"DeQS_KCHK-AK-CHIR_EJ-2025_QIDB-RR-P_V01_2024-02-23.pdf","ICD_HCH_Schlaganfall","ICD","ICD-Einschlusskodes für einen Schlaganfall","I62.00%","I62.00%"
"DeQS_KCHK-AK-CHIR_EJ-2025_QIDB-RR-P_V01_2024-02-23.pdf","ICD_HCH_Schlaganfall","ICD","ICD-Einschlusskodes für einen Schlaganfall","I62.01%","I62.01%"
"DeQS_KCHK-AK-CHIR_EJ-2025_QIDB-RR-P_V01_2024-02-23.pdf","ICD_HCH_Schlaganfall","ICD","ICD-Einschlusskodes für einen Schlaganfall","I62.1%","I62.1%"
"DeQS_KCHK-AK-CHIR_EJ-2025_QIDB-RR-P_V01_2024-02-23.pdf","ICD_HCH_Schlaganfall","ICD","ICD-Einschlusskodes für einen Schlaganfall","I62.9%","I62.9%"
"DeQS_KCHK-AK-CHIR_EJ-2025_QIDB-RR-P_V01_2024-02-23.pdf","ICD_HCH_Schlaganfall","ICD","ICD-Einschlusskodes für einen Schlaganfall","I63.0%","I63.0%"
"DeQS_KCHK-AK-CHIR_EJ-2025_QIDB-RR-P_V01_2024-02-23.pdf","ICD_HCH_Schlaganfall","ICD","ICD-Einschlusskodes für einen Schlaganfall","I63.1%","I63.1%"
"DeQS_KCHK-AK-CHIR_EJ-2025_QIDB-RR-P_V01_2024-02-23.pdf","ICD_HCH_Schlaganfall","ICD","ICD-Einschlusskodes für einen Schlaganfall","I63.2%","I63.2%"
"DeQS_KCHK-AK-CHIR_EJ-2025_QIDB-RR-P_V01_2024-02-23.pdf","ICD_HCH_Schlaganfall","ICD","ICD-Einschlusskodes für einen Schlaganfall","I63.3%","I63.3%"
"DeQS_KCHK-AK-CHIR_EJ-2025_QIDB-RR-P_V01_2024-02-23.pdf","ICD_HCH_Schlaganfall","ICD","ICD-Einschlusskodes für einen Schlaganfall","I63.4%","I63.4%"
"DeQS_KCHK-AK-CHIR_EJ-2025_QIDB-RR-P_V01_2024-02-23.pdf","ICD_HCH_Schlaganfall","ICD","ICD-Einschlusskodes für einen Schlaganfall","I63.5%","I63.5%"
"DeQS_KCHK-AK-CHIR_EJ-2025_QIDB-RR-P_V01_2024-02-23.pdf","ICD_HCH_Schlaganfall","ICD","ICD-Einschlusskodes für einen Schlaganfall","I63.6%","I63.6%"
"DeQS_KCHK-AK-CHIR_EJ-2025_QIDB-RR-P_V01_2024-02-23.pdf","ICD_HCH_Schlaganfall","ICD","ICD-Einschlusskodes für einen Schlaganfall","I63.8%","I63.8%"
"DeQS_KCHK-AK-CHIR_EJ-2025_QIDB-RR-P_V01_2024-02-23.pdf","ICD_HCH_Schlaganfall","ICD","ICD-Einschlusskodes für einen Schlaganfall","I63.9%","I63.9%"
"DeQS_KCHK-AK-CHIR_EJ-2025_QIDB-RR-P_V01_2024-02-23.pdf","ICD_HCH_Schlaganfall","ICD","ICD-Einschlusskodes für einen Schlaganfall","I64%","I64%"
"DeQS_KCHK-AK-CHIR_EJ-2025_QIDB-RR-P_V01_2024-02-23.pdf","ICD_HCH_Schlaganfall_Ausschluss","ICD","ICD-Ausschlusskodes für einen Schlaganfall","C70.0%","C70.0%"
"DeQS_KCHK-AK-CHIR_EJ-2025_QIDB-RR-P_V01_2024-02-23.pdf","ICD_HCH_Schlaganfall_Ausschluss","ICD","ICD-Ausschlusskodes für einen Schlaganfall","C70.1%","C70.1%"
"DeQS_KCHK-AK-CHIR_EJ-2025_QIDB-RR-P_V01_2024-02-23.pdf","ICD_HCH_Schlaganfall_Ausschluss","ICD","ICD-Ausschlusskodes für einen Schlaganfall","C70.9%","C70.9%"
"DeQS_KCHK-AK-CHIR_EJ-2025_QIDB-RR-P_V01_2024-02-23.pdf","ICD_HCH_Schlaganfall_Ausschluss","ICD","ICD-Ausschlusskodes für einen Schlaganfall","C71%","C71%"
"DeQS_KCHK-AK-CHIR_EJ-2025_QIDB-RR-P_V01_2024-02-23.pdf","ICD_HCH_Schlaganfall_Ausschluss","ICD","ICD-Ausschlusskodes für einen Schlaganfall","C71.0%","C71.0%"
"DeQS_KCHK-AK-CHIR_EJ-2025_QIDB-RR-P_V01_2024-02-23.pdf","ICD_HCH_Schlaganfall_Ausschluss","ICD","ICD-Ausschlusskodes für einen Schlaganfall","C71.1%","C71.1%"
"DeQS_KCHK-AK-CHIR_EJ-2025_QIDB-RR-P_V01_2024-02-23.pdf","ICD_HCH_Schlaganfall_Ausschluss","ICD","ICD-Ausschlusskodes für einen Schlaganfall","C71.2%","C71.2%"
"DeQS_KCHK-AK-CHIR_EJ-2025_QIDB-RR-P_V01_2024-02-23.pdf","ICD_HCH_Schlaganfall_Ausschluss","ICD","ICD-Ausschlusskodes für einen Schlaganfall","C71.3%","C71.3%"
"DeQS_KCHK-AK-CHIR_EJ-2025_QIDB-RR-P_V01_2024-02-23.pdf","ICD_HCH_Schlaganfall_Ausschluss","ICD","ICD-Ausschlusskodes für einen Schlaganfall","C71.4%","C71.4%"
"DeQS_KCHK-AK-CHIR_EJ-2025_QIDB-RR-P_V01_2024-02-23.pdf","ICD_HCH_Schlaganfall_Ausschluss","ICD","ICD-Ausschlusskodes für einen Schlaganfall","C71.5%","C71.5%"
"DeQS_KCHK-AK-CHIR_EJ-2025_QIDB-RR-P_V01_2024-02-23.pdf","ICD_HCH_Schlaganfall_Ausschluss","ICD","ICD-Ausschlusskodes für einen Schlaganfall","C71.6%","C71.6%"
"DeQS_KCHK-AK-CHIR_EJ-2025_QIDB-RR-P_V01_2024-02-23.pdf","ICD_HCH_Schlaganfall_Ausschluss","ICD","ICD-Ausschlusskodes für einen Schlaganfall","C71.7%","C71.7%"
"DeQS_KCHK-AK-CHIR_EJ-2025_QIDB-RR-P_V01_2024-02-23.pdf","ICD_HCH_Schlaganfall_Ausschluss","ICD","ICD-Ausschlusskodes für einen Schlaganfall","C71.8%","C71.8%"
"DeQS_KCHK-AK-CHIR_EJ-2025_QIDB-RR-P_V01_2024-02-23.pdf","ICD_HCH_Schlaganfall_Ausschluss","ICD","ICD-Ausschlusskodes für einen Schlaganfall","C71.9%","C71.9%"
"DeQS_KCHK-AK-CHIR_EJ-2025_QIDB-RR-P_V01_2024-02-23.pdf","ICD_HCH_Schlaganfall_Ausschluss","ICD","ICD-Ausschlusskodes für einen Schlaganfall","C72.0%","C72.0%"
"DeQS_KCHK-AK-CHIR_EJ-2025_QIDB-RR-P_V01_2024-02-23.pdf","ICD_HCH_Schlaganfall_Ausschluss","ICD","ICD-Ausschlusskodes für einen Schlaganfall","C72.1%","C72.1%"
"DeQS_KCHK-AK-CHIR_EJ-2025_QIDB-RR-P_V01_2024-02-23.pdf","ICD_HCH_Schlaganfall_Ausschluss","ICD","ICD-Ausschlusskodes für einen Schlaganfall","C72.2%","C72.2%"
"DeQS_KCHK-AK-CHIR_EJ-2025_QIDB-RR-P_V01_2024-02-23.pdf","ICD_HCH_Schlaganfall_Ausschluss","ICD","ICD-Ausschlusskodes für einen Schlaganfall","C72.3%","C72.3%"
"DeQS_KCHK-AK-CHIR_EJ-2025_QIDB-RR-P_V01_2024-02-23.pdf","ICD_HCH_Schlaganfall_Ausschluss","ICD","ICD-Ausschlusskodes für einen Schlaganfall","C72.4%","C72.4%"
"DeQS_KCHK-AK-CHIR_EJ-2025_QIDB-RR-P_V01_2024-02-23.pdf","ICD_HCH_Schlaganfall_Ausschluss","ICD","ICD-Ausschlusskodes für einen Schlaganfall","C72.5%","C72.5%"
"DeQS_KCHK-AK-CHIR_EJ-2025_QIDB-RR-P_V01_2024-02-23.pdf","ICD_HCH_Schlaganfall_Ausschluss","ICD","ICD-Ausschlusskodes für einen Schlaganfall","C72.8%","C72.8%"
"DeQS_KCHK-AK-CHIR_EJ-2025_QIDB-RR-P_V01_2024-02-23.pdf","ICD_HCH_Schlaganfall_Ausschluss","ICD","ICD-Ausschlusskodes für einen Schlaganfall","C72.9%","C72.9%"
"DeQS_KCHK-AK-CHIR_EJ-2025_QIDB-RR-P_V01_2024-02-23.pdf","ICD_HCH_Schlaganfall_Ausschluss","ICD","ICD-Ausschlusskodes für einen Schlaganfall","C79.3%","C79.3%"
"DeQS_KCHK-AK-CHIR_EJ-2025_QIDB-RR-P_V01_2024-02-23.pdf","ICD_HCH_Schlaganfall_Ausschluss","ICD","ICD-Ausschlusskodes für einen Schlaganfall","D32.0%","D32.0%"
"DeQS_KCHK-AK-CHIR_EJ-2025_QIDB-RR-P_V01_2024-02-23.pdf","ICD_HCH_Schlaganfall_Ausschluss","ICD","ICD-Ausschlusskodes für einen Schlaganfall","D32.1%","D32.1%"
"DeQS_KCHK-AK-CHIR_EJ-2025_QIDB-RR-P_V01_2024-02-23.pdf","ICD_HCH_Schlaganfall_Ausschluss","ICD","ICD-Ausschlusskodes für einen Schlaganfall","D32.9%","D32.9%"
"DeQS_KCHK-AK-CHIR_EJ-2025_QIDB-RR-P_V01_2024-02-23.pdf","ICD_HCH_Schlaganfall_Ausschluss","ICD","ICD-Ausschlusskodes für einen Schlaganfall","D33.0%","D33.0%"
"DeQS_KCHK-AK-CHIR_EJ-2025_QIDB-RR-P_V01_2024-02-23.pdf","ICD_HCH_Schlaganfall_Ausschluss","ICD","ICD-Ausschlusskodes für einen Schlaganfall","D33.1%","D33.1%"
"DeQS_KCHK-AK-CHIR_EJ-2025_QIDB-RR-P_V01_2024-02-23.pdf","ICD_HCH_Schlaganfall_Ausschluss","ICD","ICD-Ausschlusskodes für einen Schlaganfall","D33.2%","D33.2%"
"DeQS_KCHK-AK-CHIR_EJ-2025_QIDB-RR-P_V01_2024-02-23.pdf","ICD_HCH_Schlaganfall_Ausschluss","ICD","ICD-Ausschlusskodes für einen Schlaganfall","D33.3%","D33.3%"
"DeQS_KCHK-AK-CHIR_EJ-2025_QIDB-RR-P_V01_2024-02-23.pdf","ICD_HCH_Schlaganfall_Ausschluss","ICD","ICD-Ausschlusskodes für einen Schlaganfall","D33.4%","D33.4%"
"DeQS_KCHK-AK-CHIR_EJ-2025_QIDB-RR-P_V01_2024-02-23.pdf","ICD_HCH_Schlaganfall_Ausschluss","ICD","ICD-Ausschlusskodes für einen Schlaganfall","D33.7%","D33.7%"
"DeQS_KCHK-AK-CHIR_EJ-2025_QIDB-RR-P_V01_2024-02-23.pdf","ICD_HCH_Schlaganfall_Ausschluss","ICD","ICD-Ausschlusskodes für einen Schlaganfall","D33.9%","D33.9%"
"DeQS_KCHK-AK-CHIR_EJ-2025_QIDB-RR-P_V01_2024-02-23.pdf","ICD_HCH_Schlaganfall_Ausschluss","ICD","ICD-Ausschlusskodes für einen Schlaganfall","I60.0%","I60.0%"
"DeQS_KCHK-AK-CHIR_EJ-2025_QIDB-RR-P_V01_2024-02-23.pdf","ICD_HCH_Schlaganfall_Ausschluss","ICD","ICD-Ausschlusskodes für einen Schlaganfall","I60.1%","I60.1%"
"DeQS_KCHK-AK-CHIR_EJ-2025_QIDB-RR-P_V01_2024-02-23.pdf","ICD_HCH_Schlaganfall_Ausschluss","ICD","ICD-Ausschlusskodes für einen Schlaganfall","I60.2%","I60.2%"
"DeQS_KCHK-AK-CHIR_EJ-2025_QIDB-RR-P_V01_2024-02-23.pdf","ICD_HCH_Schlaganfall_Ausschluss","ICD","ICD-Ausschlusskodes für einen Schlaganfall","I60.3%","I60.3%"
"DeQS_KCHK-AK-CHIR_EJ-2025_QIDB-RR-P_V01_2024-02-23.pdf","ICD_HCH_Schlaganfall_Ausschluss","ICD","ICD-Ausschlusskodes für einen Schlaganfall","I60.4%","I60.4%"
"DeQS_KCHK-AK-CHIR_EJ-2025_QIDB-RR-P_V01_2024-02-23.pdf","ICD_HCH_Schlaganfall_Ausschluss","ICD","ICD-Ausschlusskodes für einen Schlaganfall","I60.5%","I60.5%"
"DeQS_KCHK-AK-CHIR_EJ-2025_QIDB-RR-P_V01_2024-02-23.pdf","ICD_HCH_Schlaganfall_Ausschluss","ICD","ICD-Ausschlusskodes für einen Schlaganfall","I60.6%","I60.6%"
"DeQS_KCHK-AK-CHIR_EJ-2025_QIDB-RR-P_V01_2024-02-23.pdf","ICD_HCH_Schlaganfall_Ausschluss","ICD","ICD-Ausschlusskodes für einen Schlaganfall","I60.7%","I60.7%"
"DeQS_KCHK-AK-CHIR_EJ-2025_QIDB-RR-P_V01_2024-02-23.pdf","ICD_HCH_Schlaganfall_Ausschluss","ICD","ICD-Ausschlusskodes für einen Schlaganfall","I60.8%","I60.8%"
"DeQS_KCHK-AK-CHIR_EJ-2025_QIDB-RR-P_V01_2024-02-23.pdf","ICD_HCH_Schlaganfall_Ausschluss","ICD","ICD-Ausschlusskodes für einen Schlaganfall","I60.9%","I60.9%"
"DeQS_KCHK-AK-CHIR_EJ-2025_QIDB-RR-P_V01_2024-02-23.pdf","ICD_HCH_Schlaganfall_Ausschluss","ICD","ICD-Ausschlusskodes für einen Schlaganfall","I67.10%","I67.10%"
"DeQS_KCHK-AK-CHIR_EJ-2025_QIDB-RR-P_V01_2024-02-23.pdf","ICD_HCH_Schlaganfall_Ausschluss","ICD","ICD-Ausschlusskodes für einen Schlaganfall","I67.11%","I67.11%"
"DeQS_KCHK-AK-CHIR_EJ-2025_QIDB-RR-P_V01_2024-02-23.pdf","ICD_HCH_Schlaganfall_Ausschluss","ICD","ICD-Ausschlusskodes für einen Schlaganfall","S06.0%","S06.0%"
"DeQS_KCHK-AK-CHIR_EJ-2025_QIDB-RR-P_V01_2024-02-23.pdf","ICD_HCH_Schlaganfall_Ausschluss","ICD","ICD-Ausschlusskodes für einen Schlaganfall","S06.1%","S06.1%"
"DeQS_KCHK-AK-CHIR_EJ-2025_QIDB-RR-P_V01_2024-02-23.pdf","ICD_HCH_Schlaganfall_Ausschluss","ICD","ICD-Ausschlusskodes für einen Schlaganfall","S06.20%","S06.20%"
"DeQS_KCHK-AK-CHIR_EJ-2025_QIDB-RR-P_V01_2024-02-23.pdf","ICD_HCH_Schlaganfall_Ausschluss","ICD","ICD-Ausschlusskodes für einen Schlaganfall","S06.21%","S06.21%"
"DeQS_KCHK-AK-CHIR_EJ-2025_QIDB-RR-P_V01_2024-02-23.pdf","ICD_HCH_Schlaganfall_Ausschluss","ICD","ICD-Ausschlusskodes für einen Schlaganfall","S06.22%","S06.22%"
"DeQS_KCHK-AK-CHIR_EJ-2025_QIDB-RR-P_V01_2024-02-23.pdf","ICD_HCH_Schlaganfall_Ausschluss","ICD","ICD-Ausschlusskodes für einen Schlaganfall","S06.23%","S06.23%"
"DeQS_KCHK-AK-CHIR_EJ-2025_QIDB-RR-P_V01_2024-02-23.pdf","ICD_HCH_Schlaganfall_Ausschluss","ICD","ICD-Ausschlusskodes für einen Schlaganfall","S06.28%","S06.28%"
"DeQS_KCHK-AK-CHIR_EJ-2025_QIDB-RR-P_V01_2024-02-23.pdf","ICD_HCH_Schlaganfall_Ausschluss","ICD","ICD-Ausschlusskodes für einen Schlaganfall","S06.30%","S06.30%"
"DeQS_KCHK-AK-CHIR_EJ-2025_QIDB-RR-P_V01_2024-02-23.pdf","ICD_HCH_Schlaganfall_Ausschluss","ICD","ICD-Ausschlusskodes für einen Schlaganfall","S06.31%","S06.31%"
"DeQS_KCHK-AK-CHIR_EJ-2025_QIDB-RR-P_V01_2024-02-23.pdf","ICD_HCH_Schlaganfall_Ausschluss","ICD","ICD-Ausschlusskodes für einen Schlaganfall","S06.32%","S06.32%"
"DeQS_KCHK-AK-CHIR_EJ-2025_QIDB-RR-P_V01_2024-02-23.pdf","ICD_HCH_Schlaganfall_Ausschluss","ICD","ICD-Ausschlusskodes für einen Schlaganfall","S06.33%","S06.33%"
"DeQS_KCHK-AK-CHIR_EJ-2025_QIDB-RR-P_V01_2024-02-23.pdf","ICD_HCH_Schlaganfall_Ausschluss","ICD","ICD-Ausschlusskodes für einen Schlaganfall","S06.34%","S06.34%"
"DeQS_KCHK-AK-CHIR_EJ-2025_QIDB-RR-P_V01_2024-02-23.pdf","ICD_HCH_Schlaganfall_Ausschluss","ICD","ICD-Ausschlusskodes für einen Schlaganfall","S06.38%","S06.38%"
"DeQS_KCHK-AK-CHIR_EJ-2025_QIDB-RR-P_V01_2024-02-23.pdf","ICD_HCH_Schlaganfall_Ausschluss","ICD","ICD-Ausschlusskodes für einen Schlaganfall","S06.4%","S06.4%"
"DeQS_KCHK-AK-CHIR_EJ-2025_QIDB-RR-P_V01_2024-02-23.pdf","ICD_HCH_Schlaganfall_Ausschluss","ICD","ICD-Ausschlusskodes für einen Schlaganfall","S06.5%","S06.5%"
"DeQS_KCHK-AK-CHIR_EJ-2025_QIDB-RR-P_V01_2024-02-23.pdf","ICD_HCH_Schlaganfall_Ausschluss","ICD","ICD-Ausschlusskodes für einen Schlaganfall","S06.6%","S06.6%"
"DeQS_KCHK-AK-CHIR_EJ-2025_QIDB-RR-P_V01_2024-02-23.pdf","ICD_HCH_Schlaganfall_Ausschluss","ICD","ICD-Ausschlusskodes für einen Schlaganfall","S06.70%","S06.70%"
"DeQS_KCHK-AK-CHIR_EJ-2025_QIDB-RR-P_V01_2024-02-23.pdf","ICD_HCH_Schlaganfall_Ausschluss","ICD","ICD-Ausschlusskodes für einen Schlaganfall","S06.71%","S06.71%"
"DeQS_KCHK-AK-CHIR_EJ-2025_QIDB-RR-P_V01_2024-02-23.pdf","ICD_HCH_Schlaganfall_Ausschluss","ICD","ICD-Ausschlusskodes für einen Schlaganfall","S06.72%","S06.72%"
"DeQS_KCHK-AK-CHIR_EJ-2025_QIDB-RR-P_V01_2024-02-23.pdf","ICD_HCH_Schlaganfall_Ausschluss","ICD","ICD-Ausschlusskodes für einen Schlaganfall","S06.73%","S06.73%"
"DeQS_KCHK-AK-CHIR_EJ-2025_QIDB-RR-P_V01_2024-02-23.pdf","ICD_HCH_Schlaganfall_Ausschluss","ICD","ICD-Ausschlusskodes für einen Schlaganfall","S06.79%","S06.79%"
"DeQS_KCHK-AK-CHIR_EJ-2025_QIDB-RR-P_V01_2024-02-23.pdf","ICD_HCH_Schlaganfall_Ausschluss","ICD","ICD-Ausschlusskodes für einen Schlaganfall","S06.8%","S06.8%"
"DeQS_KCHK-AK-CHIR_EJ-2025_QIDB-RR-P_V01_2024-02-23.pdf","ICD_HCH_Schlaganfall_Ausschluss","ICD","ICD-Ausschlusskodes für einen Schlaganfall","S06.9%","S06.9%"
"DeQS_KCHK-AK-CHIR_EJ-2025_QIDB-RR-P_V01_2024-02-23.pdf","ICD_HCH_TiefeWundheilungsstoerung","ICD","ICD-Einschlusskodes für tiefe Wundheilungsstörung oder Mediastinitis","J85.3%","J85.3%"
"DeQS_KCHK-AK-CHIR_EJ-2025_QIDB-RR-P_V01_2024-02-23.pdf","ICD_HCH_TiefeWundheilungsstoerung","ICD","ICD-Einschlusskodes für tiefe Wundheilungsstörung oder Mediastinitis","J98.50%","J98.50%"
"DeQS_KCHK-AK-CHIR_EJ-2025_QIDB-RR-P_V01_2024-02-23.pdf","ICD_HCH_TiefeWundheilungsstoerung","ICD","ICD-Einschlusskodes für tiefe Wundheilungsstörung oder Mediastinitis","T81.4%","T81.4%"
"DeQS_KCHK-AK-CHIR_EJ-2025_QIDB-RR-P_V01_2024-02-23.pdf","ICD_HCH_TiefeWundheilungsstoerung","ICD","ICD-Einschlusskodes für tiefe Wundheilungsstörung oder Mediastinitis","T84.6%","T84.6%"
"DeQS_KCHK-AK-CHIR_EJ-2025_QIDB-RR-P_V01_2024-02-23.pdf","OPS_HCH_AK_Erneut","OPS","OPS-Einschlusskodes für erneuten Aortenklappeneingriff","5351.01%","5351.01%"
"DeQS_KCHK-AK-CHIR_EJ-2025_QIDB-RR-P_V01_2024-02-23.pdf","OPS_HCH_AK_Erneut","OPS","OPS-Einschlusskodes für erneuten Aortenklappeneingriff","5351.02%","5351.02%"
"DeQS_KCHK-AK-CHIR_EJ-2025_QIDB-RR-P_V01_2024-02-23.pdf","OPS_HCH_AK_Erneut","OPS","OPS-Einschlusskodes für erneuten Aortenklappeneingriff","5351.03%","5351.03%"
"DeQS_KCHK-AK-CHIR_EJ-2025_QIDB-RR-P_V01_2024-02-23.pdf","OPS_HCH_AK_Erneut","OPS","OPS-Einschlusskodes für erneuten Aortenklappeneingriff","5351.04%","5351.04%"
"DeQS_KCHK-AK-CHIR_EJ-2025_QIDB-RR-P_V01_2024-02-23.pdf","OPS_HCH_AK_Erneut","OPS","OPS-Einschlusskodes für erneuten Aortenklappeneingriff","5351.05%","5351.05%"
"DeQS_KCHK-AK-CHIR_EJ-2025_QIDB-RR-P_V01_2024-02-23.pdf","OPS_HCH_AK_Erneut","OPS","OPS-Einschlusskodes für erneuten Aortenklappeneingriff","5351.06%","5351.06%"
"DeQS_KCHK-AK-CHIR_EJ-2025_QIDB-RR-P_V01_2024-02-23.pdf","OPS_HCH_AK_Erneut","OPS","OPS-Einschlusskodes für erneuten Aortenklappeneingriff","5351.07%","5351.07%"
"DeQS_KCHK-AK-CHIR_EJ-2025_QIDB-RR-P_V01_2024-02-23.pdf","OPS_HCH_AK_Erneut","OPS","OPS-Einschlusskodes für erneuten Aortenklappeneingriff","5351.0x%","5351.0x%"
"DeQS_KCHK-AK-CHIR_EJ-2025_QIDB-RR-P_V01_2024-02-23.pdf","OPS_HCH_AK_Erneut","OPS","OPS-Einschlusskodes für erneuten Aortenklappeneingriff","5352.00%","5352.00%"
"DeQS_KCHK-AK-CHIR_EJ-2025_QIDB-RR-P_V01_2024-02-23.pdf","OPS_HCH_AK_Erneut","OPS","OPS-Einschlusskodes für erneuten Aortenklappeneingriff","5352.01%","5352.01%"
"DeQS_KCHK-AK-CHIR_EJ-2025_QIDB-RR-P_V01_2024-02-23.pdf","OPS_HCH_AK_Erneut","OPS","OPS-Einschlusskodes für erneuten Aortenklappeneingriff","5352.02%","5352.02%"
"DeQS_KCHK-AK-CHIR_EJ-2025_QIDB-RR-P_V01_2024-02-23.pdf","OPS_HCH_AK_Erneut","OPS","OPS-Einschlusskodes für erneuten Aortenklappeneingriff","5352.03%","5352.03%"
"DeQS_KCHK-AK-CHIR_EJ-2025_QIDB-RR-P_V01_2024-02-23.pdf","OPS_HCH_AK_Erneut","OPS","OPS-Einschlusskodes für erneuten Aortenklappeneingriff","5352.04%","5352.04%"
"DeQS_KCHK-AK-CHIR_EJ-2025_QIDB-RR-P_V01_2024-02-23.pdf","OPS_HCH_AK_Erneut","OPS","OPS-Einschlusskodes für erneuten Aortenklappeneingriff","5352.05%","5352.05%"
"DeQS_KCHK-AK-CHIR_EJ-2025_QIDB-RR-P_V01_2024-02-23.pdf","OPS_HCH_AK_Erneut","OPS","OPS-Einschlusskodes für erneuten Aortenklappeneingriff","5352.06%","5352.06%"
"DeQS_KCHK-AK-CHIR_EJ-2025_QIDB-RR-P_V01_2024-02-23.pdf","OPS_HCH_AK_Erneut","OPS","OPS-Einschlusskodes für erneuten Aortenklappeneingriff","5352.07%","5352.07%"
"DeQS_KCHK-AK-CHIR_EJ-2025_QIDB-RR-P_V01_2024-02-23.pdf","OPS_HCH_AK_Erneut","OPS","OPS-Einschlusskodes für erneuten Aortenklappeneingriff","5352.08%","5352.08%"
"DeQS_KCHK-AK-CHIR_EJ-2025_QIDB-RR-P_V01_2024-02-23.pdf","OPS_HCH_AK_Erneut","OPS","OPS-Einschlusskodes für erneuten Aortenklappeneingriff","5352.0x%","5352.0x%"
"DeQS_KCHK-AK-CHIR_EJ-2025_QIDB-RR-P_V01_2024-02-23.pdf","OPS_HCH_AK_Erneut","OPS","OPS-Einschlusskodes für erneuten Aortenklappeneingriff","5353.0%","5353.0%"
"DeQS_KCHK-AK-CHIR_EJ-2025_QIDB-RR-P_V01_2024-02-23.pdf","OPS_HCH_AK_Erneut","OPS","OPS-Einschlusskodes für erneuten Aortenklappeneingriff","5354.01%","5354.01%"
"DeQS_KCHK-AK-CHIR_EJ-2025_QIDB-RR-P_V01_2024-02-23.pdf","OPS_HCH_AK_Erneut","OPS","OPS-Einschlusskodes für erneuten Aortenklappeneingriff","5354.02%","5354.02%"
"DeQS_KCHK-AK-CHIR_EJ-2025_QIDB-RR-P_V01_2024-02-23.pdf","OPS_HCH_AK_Erneut","OPS","OPS-Einschlusskodes für erneuten Aortenklappeneingriff","5354.03%","5354.03%"
"DeQS_KCHK-AK-CHIR_EJ-2025_QIDB-RR-P_V01_2024-02-23.pdf","OPS_HCH_AK_Erneut","OPS","OPS-Einschlusskodes für erneuten Aortenklappeneingriff","5354.04%","5354.04%"
"DeQS_KCHK-AK-CHIR_EJ-2025_QIDB-RR-P_V01_2024-02-23.pdf","OPS_HCH_AK_Erneut","OPS","OPS-Einschlusskodes für erneuten Aortenklappeneingriff","5354.05%","5354.05%"
"DeQS_KCHK-AK-CHIR_EJ-2025_QIDB-RR-P_V01_2024-02-23.pdf","OPS_HCH_AK_Erneut","OPS","OPS-Einschlusskodes für erneuten Aortenklappeneingriff","5354.06%","5354.06%"
"DeQS_KCHK-AK-CHIR_EJ-2025_QIDB-RR-P_V01_2024-02-23.pdf","OPS_HCH_AK_Erneut","OPS","OPS-Einschlusskodes für erneuten Aortenklappeneingriff","5354.0x%","5354.0x%"
"DeQS_KCHK-AK-CHIR_EJ-2025_QIDB-RR-P_V01_2024-02-23.pdf","OPS_HCH_AK_Erneut","OPS","OPS-Einschlusskodes für erneuten Aortenklappeneingriff","535a.01%","535a.01%"
"DeQS_KCHK-AK-CHIR_EJ-2025_QIDB-RR-P_V01_2024-02-23.pdf","OPS_HCH_AK_Erneut","OPS","OPS-Einschlusskodes für erneuten Aortenklappeneingriff","535a.02%","535a.02%"
"DeQS_KCHK-AK-CHIR_EJ-2025_QIDB-RR-P_V01_2024-02-23.pdf","OPS_HCH_AK_Erneut","OPS","OPS-Einschlusskodes für erneuten Aortenklappeneingriff","535a.03%","535a.03%"
"DeQS_KCHK-AK-CHIR_EJ-2025_QIDB-RR-P_V01_2024-02-23.pdf","OPS_HCH_AK_Erneut","OPS","OPS-Einschlusskodes für erneuten Aortenklappeneingriff","535a.04%","535a.04%"
"DeQS_KCHK-AK-CHIR_EJ-2025_QIDB-RR-P_V01_2024-02-23.pdf","OPS_HCH_AK_Erneut","OPS","OPS-Einschlusskodes für erneuten Aortenklappeneingriff","8837.a0%","8837.a0%"
"DeQS_KCHK-AK-CHIR_EJ-2025_QIDB-RR-P_V01_2024-02-23.pdf","OPS_HCH_AK_Erneut","OPS","OPS-Einschlusskodes für erneuten Aortenklappeneingriff","8837.g%","8837.g%"
"DeQS_KCHK-AK-CHIR_EJ-2025_QIDB-RR-P_V01_2024-02-23.pdf","OPS_HCH_AK_Erneut","OPS","OPS-Einschlusskodes für erneuten Aortenklappeneingriff","8837.j%","8837.j%"
"DeQS_KCHK-AK-CHIR_EJ-2025_QIDB-RR-P_V01_2024-02-23.pdf","OPS_HCH_Schlaganfall","OPS","OPS-Einschlusskodes für einen Schlaganfall","8981.0%","8981.0%"
"DeQS_KCHK-AK-CHIR_EJ-2025_QIDB-RR-P_V01_2024-02-23.pdf","OPS_HCH_Schlaganfall","OPS","OPS-Einschlusskodes für einen Schlaganfall","8981.1%","8981.1%"
"DeQS_KCHK-AK-CHIR_EJ-2025_QIDB-RR-P_V01_2024-02-23.pdf","OPS_HCH_Schlaganfall","OPS","OPS-Einschlusskodes für einen Schlaganfall","8981.20%","8981.20%"
"DeQS_KCHK-AK-CHIR_EJ-2025_QIDB-RR-P_V01_2024-02-23.pdf","OPS_HCH_Schlaganfall","OPS","OPS-Einschlusskodes für einen Schlaganfall","8981.21%","8981.21%"
"DeQS_KCHK-AK-CHIR_EJ-2025_QIDB-RR-P_V01_2024-02-23.pdf","OPS_HCH_Schlaganfall","OPS","OPS-Einschlusskodes für einen Schlaganfall","8981.22%","8981.22%"
"DeQS_KCHK-AK-CHIR_EJ-2025_QIDB-RR-P_V01_2024-02-23.pdf","OPS_HCH_Schlaganfall","OPS","OPS-Einschlusskodes für einen Schlaganfall","8981.23%","8981.23%"
"DeQS_KCHK-AK-CHIR_EJ-2025_QIDB-RR-P_V01_2024-02-23.pdf","OPS_HCH_Schlaganfall","OPS","OPS-Einschlusskodes für einen Schlaganfall","8981.30%","8981.30%"
"DeQS_KCHK-AK-CHIR_EJ-2025_QIDB-RR-P_V01_2024-02-23.pdf","OPS_HCH_Schlaganfall","OPS","OPS-Einschlusskodes für einen Schlaganfall","8981.31%","8981.31%"
"DeQS_KCHK-AK-CHIR_EJ-2025_QIDB-RR-P_V01_2024-02-23.pdf","OPS_HCH_Schlaganfall","OPS","OPS-Einschlusskodes für einen Schlaganfall","8981.32%","8981.32%"
"DeQS_KCHK-AK-CHIR_EJ-2025_QIDB-RR-P_V01_2024-02-23.pdf","OPS_HCH_Schlaganfall","OPS","OPS-Einschlusskodes für einen Schlaganfall","8981.33%","8981.33%"
"DeQS_KCHK-AK-CHIR_EJ-2025_QIDB-RR-P_V01_2024-02-23.pdf","OPS_HCH_Schlaganfall","OPS","OPS-Einschlusskodes für einen Schlaganfall","898b.00%","898b.00%"
"DeQS_KCHK-AK-CHIR_EJ-2025_QIDB-RR-P_V01_2024-02-23.pdf","OPS_HCH_Schlaganfall","OPS","OPS-Einschlusskodes für einen Schlaganfall","898b.01%","898b.01%"
"DeQS_KCHK-AK-CHIR_EJ-2025_QIDB-RR-P_V01_2024-02-23.pdf","OPS_HCH_Schlaganfall","OPS","OPS-Einschlusskodes für einen Schlaganfall","898b.1%","898b.1%"
"DeQS_KCHK-AK-CHIR_EJ-2025_QIDB-RR-P_V01_2024-02-23.pdf","OPS_HCH_Schlaganfall","OPS","OPS-Einschlusskodes für einen Schlaganfall","898b.10%","898b.10%"
"DeQS_KCHK-AK-CHIR_EJ-2025_QIDB-RR-P_V01_2024-02-23.pdf","OPS_HCH_Schlaganfall","OPS","OPS-Einschlusskodes für einen Schlaganfall","898b.11%","898b.11%"
"DeQS_KCHK-AK-CHIR_EJ-2025_QIDB-RR-P_V01_2024-02-23.pdf","OPS_HCH_Schlaganfall","OPS","OPS-Einschlusskodes für einen Schlaganfall","898b.20%","898b.20%"
"DeQS_KCHK-AK-KATH_EJ-2025_QIDB-RR-P_V01_2024-02-23.pdf","ICD_HCH_Schlaganfall","ICD","ICD-Einschlusskodes für einen Schlaganfall","I61.0%","I61.0%"
"DeQS_KCHK-AK-KATH_EJ-2025_QIDB-RR-P_V01_2024-02-23.pdf","ICD_HCH_Schlaganfall","ICD","ICD-Einschlusskodes für einen Schlaganfall","I61.1%","I61.1%"
"DeQS_KCHK-AK-KATH_EJ-2025_QIDB-RR-P_V01_2024-02-23.pdf","ICD_HCH_Schlaganfall","ICD","ICD-Einschlusskodes für einen Schlaganfall","I61.2%","I61.2%"
"DeQS_KCHK-AK-KATH_EJ-2025_QIDB-RR-P_V01_2024-02-23.pdf","ICD_HCH_Schlaganfall","ICD","ICD-Einschlusskodes für einen Schlaganfall","I61.3%","I61.3%"
"DeQS_KCHK-AK-KATH_EJ-2025_QIDB-RR-P_V01_2024-02-23.pdf","ICD_HCH_Schlaganfall","ICD","ICD-Einschlusskodes für einen Schlaganfall","I61.4%","I61.4%"
"DeQS_KCHK-AK-KATH_EJ-2025_QIDB-RR-P_V01_2024-02-23.pdf","ICD_HCH_Schlaganfall","ICD","ICD-Einschlusskodes für einen Schlaganfall","I61.5%","I61.5%"
"DeQS_KCHK-AK-KATH_EJ-2025_QIDB-RR-P_V01_2024-02-23.pdf","ICD_HCH_Schlaganfall","ICD","ICD-Einschlusskodes für einen Schlaganfall","I61.6%","I61.6%"
"DeQS_KCHK-AK-KATH_EJ-2025_QIDB-RR-P_V01_2024-02-23.pdf","ICD_HCH_Schlaganfall","ICD","ICD-Einschlusskodes für einen Schlaganfall","I61.8%","I61.8%"
"DeQS_KCHK-AK-KATH_EJ-2025_QIDB-RR-P_V01_2024-02-23.pdf","ICD_HCH_Schlaganfall","ICD","ICD-Einschlusskodes für einen Schlaganfall","I61.9%","I61.9%"
"DeQS_KCHK-AK-KATH_EJ-2025_QIDB-RR-P_V01_2024-02-23.pdf","ICD_HCH_Schlaganfall","ICD","ICD-Einschlusskodes für einen Schlaganfall","I62.00%","I62.00%"
"DeQS_KCHK-AK-KATH_EJ-2025_QIDB-RR-P_V01_2024-02-23.pdf","ICD_HCH_Schlaganfall","ICD","ICD-Einschlusskodes für einen Schlaganfall","I62.01%","I62.01%"
"DeQS_KCHK-AK-KATH_EJ-2025_QIDB-RR-P_V01_2024-02-23.pdf","ICD_HCH_Schlaganfall","ICD","ICD-Einschlusskodes für einen Schlaganfall","I62.1%","I62.1%"
"DeQS_KCHK-AK-KATH_EJ-2025_QIDB-RR-P_V01_2024-02-23.pdf","ICD_HCH_Schlaganfall","ICD","ICD-Einschlusskodes für einen Schlaganfall","I62.9%","I62.9%"
"DeQS_KCHK-AK-KATH_EJ-2025_QIDB-RR-P_V01_2024-02-23.pdf","ICD_HCH_Schlaganfall","ICD","ICD-Einschlusskodes für einen Schlaganfall","I63.0%","I63.0%"
"DeQS_KCHK-AK-KATH_EJ-2025_QIDB-RR-P_V01_2024-02-23.pdf","ICD_HCH_Schlaganfall","ICD","ICD-Einschlusskodes für einen Schlaganfall","I63.1%","I63.1%"
"DeQS_KCHK-AK-KATH_EJ-2025_QIDB-RR-P_V01_2024-02-23.pdf","ICD_HCH_Schlaganfall","ICD","ICD-Einschlusskodes für einen Schlaganfall","I63.2%","I63.2%"
"DeQS_KCHK-AK-KATH_EJ-2025_QIDB-RR-P_V01_2024-02-23.pdf","ICD_HCH_Schlaganfall","ICD","ICD-Einschlusskodes für einen Schlaganfall","I63.3%","I63.3%"
"DeQS_KCHK-AK-KATH_EJ-2025_QIDB-RR-P_V01_2024-02-23.pdf","ICD_HCH_Schlaganfall","ICD","ICD-Einschlusskodes für einen Schlaganfall","I63.4%","I63.4%"
"DeQS_KCHK-AK-KATH_EJ-2025_QIDB-RR-P_V01_2024-02-23.pdf","ICD_HCH_Schlaganfall","ICD","ICD-Einschlusskodes für einen Schlaganfall","I63.5%","I63.5%"
"DeQS_KCHK-AK-KATH_EJ-2025_QIDB-RR-P_V01_2024-02-23.pdf","ICD_HCH_Schlaganfall","ICD","ICD-Einschlusskodes für einen Schlaganfall","I63.6%","I63.6%"
"DeQS_KCHK-AK-KATH_EJ-2025_QIDB-RR-P_V01_2024-02-23.pdf","ICD_HCH_Schlaganfall","ICD","ICD-Einschlusskodes für einen Schlaganfall","I63.8%","I63.8%"
"DeQS_KCHK-AK-KATH_EJ-2025_QIDB-RR-P_V01_2024-02-23.pdf","ICD_HCH_Schlaganfall","ICD","ICD-Einschlusskodes für einen Schlaganfall","I63.9%","I63.9%"
"DeQS_KCHK-AK-KATH_EJ-2025_QIDB-RR-P_V01_2024-02-23.pdf","ICD_HCH_Schlaganfall","ICD","ICD-Einschlusskodes für einen Schlaganfall","I64%","I64%"
"DeQS_KCHK-AK-KATH_EJ-2025_QIDB-RR-P_V01_2024-02-23.pdf","ICD_HCH_Schlaganfall_Ausschluss","ICD","ICD-Ausschlusskodes für einen Schlaganfall","C70.0%","C70.0%"
"DeQS_KCHK-AK-KATH_EJ-2025_QIDB-RR-P_V01_2024-02-23.pdf","ICD_HCH_Schlaganfall_Ausschluss","ICD","ICD-Ausschlusskodes für einen Schlaganfall","C70.1%","C70.1%"
"DeQS_KCHK-AK-KATH_EJ-2025_QIDB-RR-P_V01_2024-02-23.pdf","ICD_HCH_Schlaganfall_Ausschluss","ICD","ICD-Ausschlusskodes für einen Schlaganfall","C70.9%","C70.9%"
"DeQS_KCHK-AK-KATH_EJ-2025_QIDB-RR-P_V01_2024-02-23.pdf","ICD_HCH_Schlaganfall_Ausschluss","ICD","ICD-Ausschlusskodes für einen Schlaganfall","C71%","C71%"
"DeQS_KCHK-AK-KATH_EJ-2025_QIDB-RR-P_V01_2024-02-23.pdf","ICD_HCH_Schlaganfall_Ausschluss","ICD","ICD-Ausschlusskodes für einen Schlaganfall","C71.0%","C71.0%"
"DeQS_KCHK-AK-KATH_EJ-2025_QIDB-RR-P_V01_2024-02-23.pdf","ICD_HCH_Schlaganfall_Ausschluss","ICD","ICD-Ausschlusskodes für einen Schlaganfall","C71.1%","C71.1%"
"DeQS_KCHK-AK-KATH_EJ-2025_QIDB-RR-P_V01_2024-02-23.pdf","ICD_HCH_Schlaganfall_Ausschluss","ICD","ICD-Ausschlusskodes für einen Schlaganfall","C71.2%","C71.2%"
"DeQS_KCHK-AK-KATH_EJ-2025_QIDB-RR-P_V01_2024-02-23.pdf","ICD_HCH_Schlaganfall_Ausschluss","ICD","ICD-Ausschlusskodes für einen Schlaganfall","C71.3%","C71.3%"
"DeQS_KCHK-AK-KATH_EJ-2025_QIDB-RR-P_V01_2024-02-23.pdf","ICD_HCH_Schlaganfall_Ausschluss","ICD","ICD-Ausschlusskodes für einen Schlaganfall","C71.4%","C71.4%"
"DeQS_KCHK-AK-KATH_EJ-2025_QIDB-RR-P_V01_2024-02-23.pdf","ICD_HCH_Schlaganfall_Ausschluss","ICD","ICD-Ausschlusskodes für einen Schlaganfall","C71.5%","C71.5%"
"DeQS_KCHK-AK-KATH_EJ-2025_QIDB-RR-P_V01_2024-02-23.pdf","ICD_HCH_Schlaganfall_Ausschluss","ICD","ICD-Ausschlusskodes für einen Schlaganfall","C71.6%","C71.6%"
"DeQS_KCHK-AK-KATH_EJ-2025_QIDB-RR-P_V01_2024-02-23.pdf","ICD_HCH_Schlaganfall_Ausschluss","ICD","ICD-Ausschlusskodes für einen Schlaganfall","C71.7%","C71.7%"
"DeQS_KCHK-AK-KATH_EJ-2025_QIDB-RR-P_V01_2024-02-23.pdf","ICD_HCH_Schlaganfall_Ausschluss","ICD","ICD-Ausschlusskodes für einen Schlaganfall","C71.8%","C71.8%"
"DeQS_KCHK-AK-KATH_EJ-2025_QIDB-RR-P_V01_2024-02-23.pdf","ICD_HCH_Schlaganfall_Ausschluss","ICD","ICD-Ausschlusskodes für einen Schlaganfall","C71.9%","C71.9%"
"DeQS_KCHK-AK-KATH_EJ-2025_QIDB-RR-P_V01_2024-02-23.pdf","ICD_HCH_Schlaganfall_Ausschluss","ICD","ICD-Ausschlusskodes für einen Schlaganfall","C72.0%","C72.0%"
"DeQS_KCHK-AK-KATH_EJ-2025_QIDB-RR-P_V01_2024-02-23.pdf","ICD_HCH_Schlaganfall_Ausschluss","ICD","ICD-Ausschlusskodes für einen Schlaganfall","C72.1%","C72.1%"
"DeQS_KCHK-AK-KATH_EJ-2025_QIDB-RR-P_V01_2024-02-23.pdf","ICD_HCH_Schlaganfall_Ausschluss","ICD","ICD-Ausschlusskodes für einen Schlaganfall","C72.2%","C72.2%"
"DeQS_KCHK-AK-KATH_EJ-2025_QIDB-RR-P_V01_2024-02-23.pdf","ICD_HCH_Schlaganfall_Ausschluss","ICD","ICD-Ausschlusskodes für einen Schlaganfall","C72.3%","C72.3%"
"DeQS_KCHK-AK-KATH_EJ-2025_QIDB-RR-P_V01_2024-02-23.pdf","ICD_HCH_Schlaganfall_Ausschluss","ICD","ICD-Ausschlusskodes für einen Schlaganfall","C72.4%","C72.4%"
"DeQS_KCHK-AK-KATH_EJ-2025_QIDB-RR-P_V01_2024-02-23.pdf","ICD_HCH_Schlaganfall_Ausschluss","ICD","ICD-Ausschlusskodes für einen Schlaganfall","C72.5%","C72.5%"
"DeQS_KCHK-AK-KATH_EJ-2025_QIDB-RR-P_V01_2024-02-23.pdf","ICD_HCH_Schlaganfall_Ausschluss","ICD","ICD-Ausschlusskodes für einen Schlaganfall","C72.8%","C72.8%"
"DeQS_KCHK-AK-KATH_EJ-2025_QIDB-RR-P_V01_2024-02-23.pdf","ICD_HCH_Schlaganfall_Ausschluss","ICD","ICD-Ausschlusskodes für einen Schlaganfall","C72.9%","C72.9%"
"DeQS_KCHK-AK-KATH_EJ-2025_QIDB-RR-P_V01_2024-02-23.pdf","ICD_HCH_Schlaganfall_Ausschluss","ICD","ICD-Ausschlusskodes für einen Schlaganfall","C79.3%","C79.3%"
"DeQS_KCHK-AK-KATH_EJ-2025_QIDB-RR-P_V01_2024-02-23.pdf","ICD_HCH_Schlaganfall_Ausschluss","ICD","ICD-Ausschlusskodes für einen Schlaganfall","D32.0%","D32.0%"
"DeQS_KCHK-AK-KATH_EJ-2025_QIDB-RR-P_V01_2024-02-23.pdf","ICD_HCH_Schlaganfall_Ausschluss","ICD","ICD-Ausschlusskodes für einen Schlaganfall","D32.1%","D32.1%"
"DeQS_KCHK-AK-KATH_EJ-2025_QIDB-RR-P_V01_2024-02-23.pdf","ICD_HCH_Schlaganfall_Ausschluss","ICD","ICD-Ausschlusskodes für einen Schlaganfall","D32.9%","D32.9%"
"DeQS_KCHK-AK-KATH_EJ-2025_QIDB-RR-P_V01_2024-02-23.pdf","ICD_HCH_Schlaganfall_Ausschluss","ICD","ICD-Ausschlusskodes für einen Schlaganfall","D33.0%","D33.0%"
"DeQS_KCHK-AK-KATH_EJ-2025_QIDB-RR-P_V01_2024-02-23.pdf","ICD_HCH_Schlaganfall_Ausschluss","ICD","ICD-Ausschlusskodes für einen Schlaganfall","D33.1%","D33.1%"
"DeQS_KCHK-AK-KATH_EJ-2025_QIDB-RR-P_V01_2024-02-23.pdf","ICD_HCH_Schlaganfall_Ausschluss","ICD","ICD-Ausschlusskodes für einen Schlaganfall","D33.2%","D33.2%"
"DeQS_KCHK-AK-KATH_EJ-2025_QIDB-RR-P_V01_2024-02-23.pdf","ICD_HCH_Schlaganfall_Ausschluss","ICD","ICD-Ausschlusskodes für einen Schlaganfall","D33.3%","D33.3%"
"DeQS_KCHK-AK-KATH_EJ-2025_QIDB-RR-P_V01_2024-02-23.pdf","ICD_HCH_Schlaganfall_Ausschluss","ICD","ICD-Ausschlusskodes für einen Schlaganfall","D33.4%","D33.4%"
"DeQS_KCHK-AK-KATH_EJ-2025_QIDB-RR-P_V01_2024-02-23.pdf","ICD_HCH_Schlaganfall_Ausschluss","ICD","ICD-Ausschlusskodes für einen Schlaganfall","D33.7%","D33.7%"
"DeQS_KCHK-AK-KATH_EJ-2025_QIDB-RR-P_V01_2024-02-23.pdf","ICD_HCH_Schlaganfall_Ausschluss","ICD","ICD-Ausschlusskodes für einen Schlaganfall","D33.9%","D33.9%"
"DeQS_KCHK-AK-KATH_EJ-2025_QIDB-RR-P_V01_2024-02-23.pdf","ICD_HCH_Schlaganfall_Ausschluss","ICD","ICD-Ausschlusskodes für einen Schlaganfall","I60.0%","I60.0%"
"DeQS_KCHK-AK-KATH_EJ-2025_QIDB-RR-P_V01_2024-02-23.pdf","ICD_HCH_Schlaganfall_Ausschluss","ICD","ICD-Ausschlusskodes für einen Schlaganfall","I60.1%","I60.1%"
"DeQS_KCHK-AK-KATH_EJ-2025_QIDB-RR-P_V01_2024-02-23.pdf","ICD_HCH_Schlaganfall_Ausschluss","ICD","ICD-Ausschlusskodes für einen Schlaganfall","I60.2%","I60.2%"
"DeQS_KCHK-AK-KATH_EJ-2025_QIDB-RR-P_V01_2024-02-23.pdf","ICD_HCH_Schlaganfall_Ausschluss","ICD","ICD-Ausschlusskodes für einen Schlaganfall","I60.3%","I60.3%"
"DeQS_KCHK-AK-KATH_EJ-2025_QIDB-RR-P_V01_2024-02-23.pdf","ICD_HCH_Schlaganfall_Ausschluss","ICD","ICD-Ausschlusskodes für einen Schlaganfall","I60.4%","I60.4%"
"DeQS_KCHK-AK-KATH_EJ-2025_QIDB-RR-P_V01_2024-02-23.pdf","ICD_HCH_Schlaganfall_Ausschluss","ICD","ICD-Ausschlusskodes für einen Schlaganfall","I60.5%","I60.5%"
"DeQS_KCHK-AK-KATH_EJ-2025_QIDB-RR-P_V01_2024-02-23.pdf","ICD_HCH_Schlaganfall_Ausschluss","ICD","ICD-Ausschlusskodes für einen Schlaganfall","I60.6%","I60.6%"
"DeQS_KCHK-AK-KATH_EJ-2025_QIDB-RR-P_V01_2024-02-23.pdf","ICD_HCH_Schlaganfall_Ausschluss","ICD","ICD-Ausschlusskodes für einen Schlaganfall","I60.7%","I60.7%"
"DeQS_KCHK-AK-KATH_EJ-2025_QIDB-RR-P_V01_2024-02-23.pdf","ICD_HCH_Schlaganfall_Ausschluss","ICD","ICD-Ausschlusskodes für einen Schlaganfall","I60.8%","I60.8%"
"DeQS_KCHK-AK-KATH_EJ-2025_QIDB-RR-P_V01_2024-02-23.pdf","ICD_HCH_Schlaganfall_Ausschluss","ICD","ICD-Ausschlusskodes für einen Schlaganfall","I60.9%","I60.9%"
"DeQS_KCHK-AK-KATH_EJ-2025_QIDB-RR-P_V01_2024-02-23.pdf","ICD_HCH_Schlaganfall_Ausschluss","ICD","ICD-Ausschlusskodes für einen Schlaganfall","I67.10%","I67.10%"
"DeQS_KCHK-AK-KATH_EJ-2025_QIDB-RR-P_V01_2024-02-23.pdf","ICD_HCH_Schlaganfall_Ausschluss","ICD","ICD-Ausschlusskodes für einen Schlaganfall","I67.11%","I67.11%"
"DeQS_KCHK-AK-KATH_EJ-2025_QIDB-RR-P_V01_2024-02-23.pdf","ICD_HCH_Schlaganfall_Ausschluss","ICD","ICD-Ausschlusskodes für einen Schlaganfall","S06.0%","S06.0%"
"DeQS_KCHK-AK-KATH_EJ-2025_QIDB-RR-P_V01_2024-02-23.pdf","ICD_HCH_Schlaganfall_Ausschluss","ICD","ICD-Ausschlusskodes für einen Schlaganfall","S06.1%","S06.1%"
"DeQS_KCHK-AK-KATH_EJ-2025_QIDB-RR-P_V01_2024-02-23.pdf","ICD_HCH_Schlaganfall_Ausschluss","ICD","ICD-Ausschlusskodes für einen Schlaganfall","S06.20%","S06.20%"
"DeQS_KCHK-AK-KATH_EJ-2025_QIDB-RR-P_V01_2024-02-23.pdf","ICD_HCH_Schlaganfall_Ausschluss","ICD","ICD-Ausschlusskodes für einen Schlaganfall","S06.21%","S06.21%"
"DeQS_KCHK-AK-KATH_EJ-2025_QIDB-RR-P_V01_2024-02-23.pdf","ICD_HCH_Schlaganfall_Ausschluss","ICD","ICD-Ausschlusskodes für einen Schlaganfall","S06.22%","S06.22%"
"DeQS_KCHK-AK-KATH_EJ-2025_QIDB-RR-P_V01_2024-02-23.pdf","ICD_HCH_Schlaganfall_Ausschluss","ICD","ICD-Ausschlusskodes für einen Schlaganfall","S06.23%","S06.23%"
"DeQS_KCHK-AK-KATH_EJ-2025_QIDB-RR-P_V01_2024-02-23.pdf","ICD_HCH_Schlaganfall_Ausschluss","ICD","ICD-Ausschlusskodes für einen Schlaganfall","S06.28%","S06.28%"
"DeQS_KCHK-AK-KATH_EJ-2025_QIDB-RR-P_V01_2024-02-23.pdf","ICD_HCH_Schlaganfall_Ausschluss","ICD","ICD-Ausschlusskodes für einen Schlaganfall","S06.30%","S06.30%"
"DeQS_KCHK-AK-KATH_EJ-2025_QIDB-RR-P_V01_2024-02-23.pdf","ICD_HCH_Schlaganfall_Ausschluss","ICD","ICD-Ausschlusskodes für einen Schlaganfall","S06.31%","S06.31%"
"DeQS_KCHK-AK-KATH_EJ-2025_QIDB-RR-P_V01_2024-02-23.pdf","ICD_HCH_Schlaganfall_Ausschluss","ICD","ICD-Ausschlusskodes für einen Schlaganfall","S06.32%","S06.32%"
"DeQS_KCHK-AK-KATH_EJ-2025_QIDB-RR-P_V01_2024-02-23.pdf","ICD_HCH_Schlaganfall_Ausschluss","ICD","ICD-Ausschlusskodes für einen Schlaganfall","S06.33%","S06.33%"
"DeQS_KCHK-AK-KATH_EJ-2025_QIDB-RR-P_V01_2024-02-23.pdf","ICD_HCH_Schlaganfall_Ausschluss","ICD","ICD-Ausschlusskodes für einen Schlaganfall","S06.34%","S06.34%"
"DeQS_KCHK-AK-KATH_EJ-2025_QIDB-RR-P_V01_2024-02-23.pdf","ICD_HCH_Schlaganfall_Ausschluss","ICD","ICD-Ausschlusskodes für einen Schlaganfall","S06.38%","S06.38%"
"DeQS_KCHK-AK-KATH_EJ-2025_QIDB-RR-P_V01_2024-02-23.pdf","ICD_HCH_Schlaganfall_Ausschluss","ICD","ICD-Ausschlusskodes für einen Schlaganfall","S06.4%","S06.4%"
"DeQS_KCHK-AK-KATH_EJ-2025_QIDB-RR-P_V01_2024-02-23.pdf","ICD_HCH_Schlaganfall_Ausschluss","ICD","ICD-Ausschlusskodes für einen Schlaganfall","S06.5%","S06.5%"
"DeQS_KCHK-AK-KATH_EJ-2025_QIDB-RR-P_V01_2024-02-23.pdf","ICD_HCH_Schlaganfall_Ausschluss","ICD","ICD-Ausschlusskodes für einen Schlaganfall","S06.6%","S06.6%"
"DeQS_KCHK-AK-KATH_EJ-2025_QIDB-RR-P_V01_2024-02-23.pdf","ICD_HCH_Schlaganfall_Ausschluss","ICD","ICD-Ausschlusskodes für einen Schlaganfall","S06.70%","S06.70%"
"DeQS_KCHK-AK-KATH_EJ-2025_QIDB-RR-P_V01_2024-02-23.pdf","ICD_HCH_Schlaganfall_Ausschluss","ICD","ICD-Ausschlusskodes für einen Schlaganfall","S06.71%","S06.71%"
"DeQS_KCHK-AK-KATH_EJ-2025_QIDB-RR-P_V01_2024-02-23.pdf","ICD_HCH_Schlaganfall_Ausschluss","ICD","ICD-Ausschlusskodes für einen Schlaganfall","S06.72%","S06.72%"
"DeQS_KCHK-AK-KATH_EJ-2025_QIDB-RR-P_V01_2024-02-23.pdf","ICD_HCH_Schlaganfall_Ausschluss","ICD","ICD-Ausschlusskodes für einen Schlaganfall","S06.73%","S06.73%"
"DeQS_KCHK-AK-KATH_EJ-2025_QIDB-RR-P_V01_2024-02-23.pdf","ICD_HCH_Schlaganfall_Ausschluss","ICD","ICD-Ausschlusskodes für einen Schlaganfall","S06.79%","S06.79%"
"DeQS_KCHK-AK-KATH_EJ-2025_QIDB-RR-P_V01_2024-02-23.pdf","ICD_HCH_Schlaganfall_Ausschluss","ICD","ICD-Ausschlusskodes für einen Schlaganfall","S06.8%","S06.8%"
"DeQS_KCHK-AK-KATH_EJ-2025_QIDB-RR-P_V01_2024-02-23.pdf","ICD_HCH_Schlaganfall_Ausschluss","ICD","ICD-Ausschlusskodes für einen Schlaganfall","S06.9%","S06.9%"
"DeQS_KCHK-AK-KATH_EJ-2025_QIDB-RR-P_V01_2024-02-23.pdf","OPS_HCH_AK_Erneut","OPS","OPS-Einschlusskodes für erneuten Aortenklappeneingriff","5351.01%","5351.01%"
"DeQS_KCHK-AK-KATH_EJ-2025_QIDB-RR-P_V01_2024-02-23.pdf","OPS_HCH_AK_Erneut","OPS","OPS-Einschlusskodes für erneuten Aortenklappeneingriff","5351.02%","5351.02%"
"DeQS_KCHK-AK-KATH_EJ-2025_QIDB-RR-P_V01_2024-02-23.pdf","OPS_HCH_AK_Erneut","OPS","OPS-Einschlusskodes für erneuten Aortenklappeneingriff","5351.03%","5351.03%"
"DeQS_KCHK-AK-KATH_EJ-2025_QIDB-RR-P_V01_2024-02-23.pdf","OPS_HCH_AK_Erneut","OPS","OPS-Einschlusskodes für erneuten Aortenklappeneingriff","5351.04%","5351.04%"
"DeQS_KCHK-AK-KATH_EJ-2025_QIDB-RR-P_V01_2024-02-23.pdf","OPS_HCH_AK_Erneut","OPS","OPS-Einschlusskodes für erneuten Aortenklappeneingriff","5351.05%","5351.05%"
"DeQS_KCHK-AK-KATH_EJ-2025_QIDB-RR-P_V01_2024-02-23.pdf","OPS_HCH_AK_Erneut","OPS","OPS-Einschlusskodes für erneuten Aortenklappeneingriff","5351.06%","5351.06%"
"DeQS_KCHK-AK-KATH_EJ-2025_QIDB-RR-P_V01_2024-02-23.pdf","OPS_HCH_AK_Erneut","OPS","OPS-Einschlusskodes für erneuten Aortenklappeneingriff","5351.07%","5351.07%"
"DeQS_KCHK-AK-KATH_EJ-2025_QIDB-RR-P_V01_2024-02-23.pdf","OPS_HCH_AK_Erneut","OPS","OPS-Einschlusskodes für erneuten Aortenklappeneingriff","5351.0x%","5351.0x%"
"DeQS_KCHK-AK-KATH_EJ-2025_QIDB-RR-P_V01_2024-02-23.pdf","OPS_HCH_AK_Erneut","OPS","OPS-Einschlusskodes für erneuten Aortenklappeneingriff","5352.00%","5352.00%"
"DeQS_KCHK-AK-KATH_EJ-2025_QIDB-RR-P_V01_2024-02-23.pdf","OPS_HCH_AK_Erneut","OPS","OPS-Einschlusskodes für erneuten Aortenklappeneingriff","5352.01%","5352.01%"
"DeQS_KCHK-AK-KATH_EJ-2025_QIDB-RR-P_V01_2024-02-23.pdf","OPS_HCH_AK_Erneut","OPS","OPS-Einschlusskodes für erneuten Aortenklappeneingriff","5352.02%","5352.02%"
"DeQS_KCHK-AK-KATH_EJ-2025_QIDB-RR-P_V01_2024-02-23.pdf","OPS_HCH_AK_Erneut","OPS","OPS-Einschlusskodes für erneuten Aortenklappeneingriff","5352.03%","5352.03%"
"DeQS_KCHK-AK-KATH_EJ-2025_QIDB-RR-P_V01_2024-02-23.pdf","OPS_HCH_AK_Erneut","OPS","OPS-Einschlusskodes für erneuten Aortenklappeneingriff","5352.04%","5352.04%"
"DeQS_KCHK-AK-KATH_EJ-2025_QIDB-RR-P_V01_2024-02-23.pdf","OPS_HCH_AK_Erneut","OPS","OPS-Einschlusskodes für erneuten Aortenklappeneingriff","5352.05%","5352.05%"
"DeQS_KCHK-AK-KATH_EJ-2025_QIDB-RR-P_V01_2024-02-23.pdf","OPS_HCH_AK_Erneut","OPS","OPS-Einschlusskodes für erneuten Aortenklappeneingriff","5352.06%","5352.06%"
"DeQS_KCHK-AK-KATH_EJ-2025_QIDB-RR-P_V01_2024-02-23.pdf","OPS_HCH_AK_Erneut","OPS","OPS-Einschlusskodes für erneuten Aortenklappeneingriff","5352.07%","5352.07%"
"DeQS_KCHK-AK-KATH_EJ-2025_QIDB-RR-P_V01_2024-02-23.pdf","OPS_HCH_AK_Erneut","OPS","OPS-Einschlusskodes für erneuten Aortenklappeneingriff","5352.08%","5352.08%"
"DeQS_KCHK-AK-KATH_EJ-2025_QIDB-RR-P_V01_2024-02-23.pdf","OPS_HCH_AK_Erneut","OPS","OPS-Einschlusskodes für erneuten Aortenklappeneingriff","5352.0x%","5352.0x%"
"DeQS_KCHK-AK-KATH_EJ-2025_QIDB-RR-P_V01_2024-02-23.pdf","OPS_HCH_AK_Erneut","OPS","OPS-Einschlusskodes für erneuten Aortenklappeneingriff","5353.0%","5353.0%"
"DeQS_KCHK-AK-KATH_EJ-2025_QIDB-RR-P_V01_2024-02-23.pdf","OPS_HCH_AK_Erneut","OPS","OPS-Einschlusskodes für erneuten Aortenklappeneingriff","5354.01%","5354.01%"
"DeQS_KCHK-AK-KATH_EJ-2025_QIDB-RR-P_V01_2024-02-23.pdf","OPS_HCH_AK_Erneut","OPS","OPS-Einschlusskodes für erneuten Aortenklappeneingriff","5354.02%","5354.02%"
"DeQS_KCHK-AK-KATH_EJ-2025_QIDB-RR-P_V01_2024-02-23.pdf","OPS_HCH_AK_Erneut","OPS","OPS-Einschlusskodes für erneuten Aortenklappeneingriff","5354.03%","5354.03%"
"DeQS_KCHK-AK-KATH_EJ-2025_QIDB-RR-P_V01_2024-02-23.pdf","OPS_HCH_AK_Erneut","OPS","OPS-Einschlusskodes für erneuten Aortenklappeneingriff","5354.04%","5354.04%"
"DeQS_KCHK-AK-KATH_EJ-2025_QIDB-RR-P_V01_2024-02-23.pdf","OPS_HCH_AK_Erneut","OPS","OPS-Einschlusskodes für erneuten Aortenklappeneingriff","5354.05%","5354.05%"
"DeQS_KCHK-AK-KATH_EJ-2025_QIDB-RR-P_V01_2024-02-23.pdf","OPS_HCH_AK_Erneut","OPS","OPS-Einschlusskodes für erneuten Aortenklappeneingriff","5354.06%","5354.06%"
"DeQS_KCHK-AK-KATH_EJ-2025_QIDB-RR-P_V01_2024-02-23.pdf","OPS_HCH_AK_Erneut","OPS","OPS-Einschlusskodes für erneuten Aortenklappeneingriff","5354.0x%","5354.0x%"
"DeQS_KCHK-AK-KATH_EJ-2025_QIDB-RR-P_V01_2024-02-23.pdf","OPS_HCH_AK_Erneut","OPS","OPS-Einschlusskodes für erneuten Aortenklappeneingriff","535a.01%","535a.01%"
"DeQS_KCHK-AK-KATH_EJ-2025_QIDB-RR-P_V01_2024-02-23.pdf","OPS_HCH_AK_Erneut","OPS","OPS-Einschlusskodes für erneuten Aortenklappeneingriff","535a.02%","535a.02%"
"DeQS_KCHK-AK-KATH_EJ-2025_QIDB-RR-P_V01_2024-02-23.pdf","OPS_HCH_AK_Erneut","OPS","OPS-Einschlusskodes für erneuten Aortenklappeneingriff","535a.03%","535a.03%"
"DeQS_KCHK-AK-KATH_EJ-2025_QIDB-RR-P_V01_2024-02-23.pdf","OPS_HCH_AK_Erneut","OPS","OPS-Einschlusskodes für erneuten Aortenklappeneingriff","535a.04%","535a.04%"
"DeQS_KCHK-AK-KATH_EJ-2025_QIDB-RR-P_V01_2024-02-23.pdf","OPS_HCH_AK_Erneut","OPS","OPS-Einschlusskodes für erneuten Aortenklappeneingriff","8837.a0%","8837.a0%"
"DeQS_KCHK-AK-KATH_EJ-2025_QIDB-RR-P_V01_2024-02-23.pdf","OPS_HCH_AK_Erneut","OPS","OPS-Einschlusskodes für erneuten Aortenklappeneingriff","8837.g%","8837.g%"
"DeQS_KCHK-AK-KATH_EJ-2025_QIDB-RR-P_V01_2024-02-23.pdf","OPS_HCH_AK_Erneut","OPS","OPS-Einschlusskodes für erneuten Aortenklappeneingriff","8837.j%","8837.j%"
"DeQS_KCHK-AK-KATH_EJ-2025_QIDB-RR-P_V01_2024-02-23.pdf","OPS_HCH_Schlaganfall","OPS","OPS-Einschlusskodes für einen Schlaganfall","8981.0%","8981.0%"
"DeQS_KCHK-AK-KATH_EJ-2025_QIDB-RR-P_V01_2024-02-23.pdf","OPS_HCH_Schlaganfall","OPS","OPS-Einschlusskodes für einen Schlaganfall","8981.1%","8981.1%"
"DeQS_KCHK-AK-KATH_EJ-2025_QIDB-RR-P_V01_2024-02-23.pdf","OPS_HCH_Schlaganfall","OPS","OPS-Einschlusskodes für einen Schlaganfall","8981.20%","8981.20%"
"DeQS_KCHK-AK-KATH_EJ-2025_QIDB-RR-P_V01_2024-02-23.pdf","OPS_HCH_Schlaganfall","OPS","OPS-Einschlusskodes für einen Schlaganfall","8981.21%","8981.21%"
"DeQS_KCHK-AK-KATH_EJ-2025_QIDB-RR-P_V01_2024-02-23.pdf","OPS_HCH_Schlaganfall","OPS","OPS-Einschlusskodes für einen Schlaganfall","8981.22%","8981.22%"
"DeQS_KCHK-AK-KATH_EJ-2025_QIDB-RR-P_V01_2024-02-23.pdf","OPS_HCH_Schlaganfall","OPS","OPS-Einschlusskodes für einen Schlaganfall","8981.23%","8981.23%"
"DeQS_KCHK-AK-KATH_EJ-2025_QIDB-RR-P_V01_2024-02-23.pdf","OPS_HCH_Schlaganfall","OPS","OPS-Einschlusskodes für einen Schlaganfall","8981.30%","8981.30%"
"DeQS_KCHK-AK-KATH_EJ-2025_QIDB-RR-P_V01_2024-02-23.pdf","OPS_HCH_Schlaganfall","OPS","OPS-Einschlusskodes für einen Schlaganfall","8981.31%","8981.31%"
"DeQS_KCHK-AK-KATH_EJ-2025_QIDB-RR-P_V01_2024-02-23.pdf","OPS_HCH_Schlaganfall","OPS","OPS-Einschlusskodes für einen Schlaganfall","8981.32%","8981.32%"
"DeQS_KCHK-AK-KATH_EJ-2025_QIDB-RR-P_V01_2024-02-23.pdf","OPS_HCH_Schlaganfall","OPS","OPS-Einschlusskodes für einen Schlaganfall","8981.33%","8981.33%"
"DeQS_KCHK-AK-KATH_EJ-2025_QIDB-RR-P_V01_2024-02-23.pdf","OPS_HCH_Schlaganfall","OPS","OPS-Einschlusskodes für einen Schlaganfall","898b.00%","898b.00%"
"DeQS_KCHK-AK-KATH_EJ-2025_QIDB-RR-P_V01_2024-02-23.pdf","OPS_HCH_Schlaganfall","OPS","OPS-Einschlusskodes für einen Schlaganfall","898b.01%","898b.01%"
"DeQS_KCHK-AK-KATH_EJ-2025_QIDB-RR-P_V01_2024-02-23.pdf","OPS_HCH_Schlaganfall","OPS","OPS-Einschlusskodes für einen Schlaganfall","898b.1%","898b.1%"
"DeQS_KCHK-AK-KATH_EJ-2025_QIDB-RR-P_V01_2024-02-23.pdf","OPS_HCH_Schlaganfall","OPS","OPS-Einschlusskodes für einen Schlaganfall","898b.10%","898b.10%"
"DeQS_KCHK-AK-KATH_EJ-2025_QIDB-RR-P_V01_2024-02-23.pdf","OPS_HCH_Schlaganfall","OPS","OPS-Einschlusskodes für einen Schlaganfall","898b.11%","898b.11%"
"DeQS_KCHK-AK-KATH_EJ-2025_QIDB-RR-P_V01_2024-02-23.pdf","OPS_HCH_Schlaganfall","OPS","OPS-Einschlusskodes für einen Schlaganfall","898b.20%","898b.20%"
"DeQS_KCHK-AK-KATH_EJ-2025_QIDB-RR-P_V01_2024-02-23.pdf","OPS_HCH_Schlaganfall","OPS","OPS-Einschlusskodes für einen Schlaganfall","898b.21%","898b.21%"
"DeQS_KCHK-AK-KATH_EJ-2025_QIDB-RR-P_V01_2024-02-23.pdf","OPS_HCH_Schlaganfall","OPS","OPS-Einschlusskodes für einen Schlaganfall","898b.22%","898b.22%"
"DeQS_KCHK-AK-KATH_EJ-2025_QIDB-RR-P_V01_2024-02-23.pdf","OPS_HCH_Schlaganfall","OPS","OPS-Einschlusskodes für einen Schlaganfall","898b.23%","898b.23%"
"DeQS_KCHK-AK-KATH_EJ-2025_QIDB-RR-P_V01_2024-02-23.pdf","OPS_HCH_Schlaganfall","OPS","OPS-Einschlusskodes für einen Schlaganfall","898b.30%","898b.30%"
"DeQS_KCHK-AK-KATH_EJ-2025_QIDB-RR-P_V01_2024-02-23.pdf","OPS_HCH_Schlaganfall","OPS","OPS-Einschlusskodes für einen Schlaganfall","898b.31%","898b.31%"
"DeQS_KCHK-AK-KATH_EJ-2025_QIDB-RR-P_V01_2024-02-23.pdf","OPS_HCH_Schlaganfall","OPS","OPS-Einschlusskodes für einen Schlaganfall","898b.32%","898b.32%"
"DeQS_KCHK-AK-KATH_EJ-2025_QIDB-RR-P_V01_2024-02-23.pdf","OPS_HCH_Schlaganfall","OPS","OPS-Einschlusskodes für einen Schlaganfall","898b.33%","898b.33%"
"DeQS_KCHK-KC-KOMB_EJ-2025_QIDB-RR-P_V01_2024-02-23.pdf","GOP_HCH_PCI_Erneut","GOP","GOP-Einschlusskodes für PCI 34292","ICD_HCH_Endokarditis","ICD_HCH_Endokarditis"
"DeQS_KCHK-KC-KOMB_EJ-2025_QIDB-RR-P_V01_2024-02-23.pdf","ICD_HCH_Herzinsuffizienz","ICD","ICD-Einschlusskodes für Herzinsuffizienz","I50.00%","I50.00%"
"DeQS_KCHK-KC-KOMB_EJ-2025_QIDB-RR-P_V01_2024-02-23.pdf","ICD_HCH_Herzinsuffizienz","ICD","ICD-Einschlusskodes für Herzinsuffizienz","I50.01%","I50.01%"
"DeQS_KCHK-KC-KOMB_EJ-2025_QIDB-RR-P_V01_2024-02-23.pdf","ICD_HCH_Herzinsuffizienz","ICD","ICD-Einschlusskodes für Herzinsuffizienz","I50.11%","I50.11%"
"DeQS_KCHK-KC-KOMB_EJ-2025_QIDB-RR-P_V01_2024-02-23.pdf","ICD_HCH_Herzinsuffizienz","ICD","ICD-Einschlusskodes für Herzinsuffizienz","I50.12%","I50.12%"
"DeQS_KCHK-KC-KOMB_EJ-2025_QIDB-RR-P_V01_2024-02-23.pdf","ICD_HCH_Herzinsuffizienz","ICD","ICD-Einschlusskodes für Herzinsuffizienz","I50.13%","I50.13%"
"DeQS_KCHK-KC-KOMB_EJ-2025_QIDB-RR-P_V01_2024-02-23.pdf","ICD_HCH_Herzinsuffizienz","ICD","ICD-Einschlusskodes für Herzinsuffizienz","I50.14%","I50.14%"
"DeQS_KCHK-KC-KOMB_EJ-2025_QIDB-RR-P_V01_2024-02-23.pdf","ICD_HCH_Herzinsuffizienz","ICD","ICD-Einschlusskodes für Herzinsuffizienz","I50.19%","I50.19%"
"DeQS_KCHK-KC-KOMB_EJ-2025_QIDB-RR-P_V01_2024-02-23.pdf","ICD_HCH_Herzinsuffizienz","ICD","ICD-Einschlusskodes für Herzinsuffizienz","I50.9%","I50.9%"
"DeQS_KCHK-KC-KOMB_EJ-2025_QIDB-RR-P_V01_2024-02-23.pdf","ICD_HCH_Komplikationen_Gefaesskomplikationen","ICD","ICD-Einschlusskodes für therapiebedürftige zugangsassoziierte Gefäßkomplikation","I71.01%","I71.01%"
"DeQS_KCHK-KC-KOMB_EJ-2025_QIDB-RR-P_V01_2024-02-23.pdf","ICD_HCH_Komplikationen_Gefaesskomplikationen","ICD","ICD-Einschlusskodes für therapiebedürftige zugangsassoziierte Gefäßkomplikation","I71.02%","I71.02%"
"DeQS_KCHK-KC-KOMB_EJ-2025_QIDB-RR-P_V01_2024-02-23.pdf","ICD_HCH_Komplikationen_Gefaesskomplikationen","ICD","ICD-Einschlusskodes für therapiebedürftige zugangsassoziierte Gefäßkomplikation","I72.4%","I72.4%"
"DeQS_KCHK-KC-KOMB_EJ-2025_QIDB-RR-P_V01_2024-02-23.pdf","ICD_HCH_Komplikationen_Gefaesskomplikationen","ICD","ICD-Einschlusskodes für therapiebedürftige zugangsassoziierte Gefäßkomplikation","I72.8%","I72.8%"
"DeQS_KCHK-KC-KOMB_EJ-2025_QIDB-RR-P_V01_2024-02-23.pdf","ICD_HCH_Komplikationen_Gefaesskomplikationen","ICD","ICD-Einschlusskodes für therapiebedürftige zugangsassoziierte Gefäßkomplikation","I72.9%","I72.9%"
"DeQS_KCHK-KC-KOMB_EJ-2025_QIDB-RR-P_V01_2024-02-23.pdf","ICD_HCH_Komplikationen_Gefaesskomplikationen","ICD","ICD-Einschlusskodes für therapiebedürftige zugangsassoziierte Gefäßkomplikation","I74.0%","I74.0%"
"DeQS_KCHK-KC-KOMB_EJ-2025_QIDB-RR-P_V01_2024-02-23.pdf","ICD_HCH_Komplikationen_Gefaesskomplikationen","ICD","ICD-Einschlusskodes für therapiebedürftige zugangsassoziierte Gefäßkomplikation","I74.3%","I74.3%"
"DeQS_KCHK-KC-KOMB_EJ-2025_QIDB-RR-P_V01_2024-02-23.pdf","ICD_HCH_Komplikationen_Gefaesskomplikationen","ICD","ICD-Einschlusskodes für therapiebedürftige zugangsassoziierte Gefäßkomplikation","I74.5%","I74.5%"
"DeQS_KCHK-KC-KOMB_EJ-2025_QIDB-RR-P_V01_2024-02-23.pdf","ICD_HCH_Komplikationen_Gefaesskomplikationen","ICD","ICD-Einschlusskodes für therapiebedürftige zugangsassoziierte Gefäßkomplikation","I77.0%","I77.0%"
"DeQS_KCHK-KC-KOMB_EJ-2025_QIDB-RR-P_V01_2024-02-23.pdf","ICD_HCH_Komplikationen_Gefaesskomplikationen","ICD","ICD-Einschlusskodes für therapiebedürftige zugangsassoziierte Gefäßkomplikation","I77.2%","I77.2%"
"DeQS_KCHK-KC-KOMB_EJ-2025_QIDB-RR-P_V01_2024-02-23.pdf","ICD_HCH_Komplikationen_Gefaesskomplikationen","ICD","ICD-Einschlusskodes für therapiebedürftige zugangsassoziierte Gefäßkomplikation","I77.8%","I77.8%"
"DeQS_KCHK-KC-KOMB_EJ-2025_QIDB-RR-P_V01_2024-02-23.pdf","ICD_HCH_Komplikationen_Gefaesskomplikationen","ICD","ICD-Einschlusskodes für therapiebedürftige zugangsassoziierte Gefäßkomplikation","I77.80%","I77.80%"
"DeQS_KCHK-KC-KOMB_EJ-2025_QIDB-RR-P_V01_2024-02-23.pdf","ICD_HCH_Komplikationen_Gefaesskomplikationen","ICD","ICD-Einschlusskodes für therapiebedürftige zugangsassoziierte Gefäßkomplikation","I77.9%","I77.9%"
"DeQS_KCHK-KC-KOMB_EJ-2025_QIDB-RR-P_V01_2024-02-23.pdf","ICD_HCH_Komplikationen_Gefaesskomplikationen","ICD","ICD-Einschlusskodes für therapiebedürftige zugangsassoziierte Gefäßkomplikation","I80.1%","I80.1%"
"DeQS_KCHK-KC-KOMB_EJ-2025_QIDB-RR-P_V01_2024-02-23.pdf","ICD_HCH_Komplikationen_Gefaesskomplikationen","ICD","ICD-Einschlusskodes für therapiebedürftige zugangsassoziierte Gefäßkomplikation","I80.20%","I80.20%"
"DeQS_KCHK-KC-KOMB_EJ-2025_QIDB-RR-P_V01_2024-02-23.pdf","ICD_HCH_Komplikationen_Gefaesskomplikationen","ICD","ICD-Einschlusskodes für therapiebedürftige zugangsassoziierte Gefäßkomplikation","I80.28%","I80.28%"
"DeQS_KCHK-KC-KOMB_EJ-2025_QIDB-RR-P_V01_2024-02-23.pdf","ICD_HCH_Komplikationen_Gefaesskomplikationen","ICD","ICD-Einschlusskodes für therapiebedürftige zugangsassoziierte Gefäßkomplikation","I80.80%","I80.80%"
"DeQS_KCHK-KC-KOMB_EJ-2025_QIDB-RR-P_V01_2024-02-23.pdf","ICD_HCH_Komplikationen_Gefaesskomplikationen","ICD","ICD-Einschlusskodes für therapiebedürftige zugangsassoziierte Gefäßkomplikation","I80.81%","I80.81%"
"DeQS_KCHK-KC-KOMB_EJ-2025_QIDB-RR-P_V01_2024-02-23.pdf","ICD_HCH_Komplikationen_Gefaesskomplikationen","ICD","ICD-Einschlusskodes für therapiebedürftige zugangsassoziierte Gefäßkomplikation","I80.88%","I80.88%"
"DeQS_KCHK-KC-KOMB_EJ-2025_QIDB-RR-P_V01_2024-02-23.pdf","ICD_HCH_Komplikationen_Gefaesskomplikationen","ICD","ICD-Einschlusskodes für therapiebedürftige zugangsassoziierte Gefäßkomplikation","I82.2%","I82.2%"
"DeQS_KCHK-KC-KOMB_EJ-2025_QIDB-RR-P_V01_2024-02-23.pdf","ICD_HCH_Komplikationen_Gefaesskomplikationen","ICD","ICD-Einschlusskodes für therapiebedürftige zugangsassoziierte Gefäßkomplikation","T81.0%","T81.0%"
"DeQS_KCHK-KC-KOMB_EJ-2025_QIDB-RR-P_V01_2024-02-23.pdf","ICD_HCH_Komplikationen_Gefaesskomplikationen","ICD","ICD-Einschlusskodes für therapiebedürftige zugangsassoziierte Gefäßkomplikation","T81.7%","T81.7%"
"DeQS_KCHK-KC-KOMB_EJ-2025_QIDB-RR-P_V01_2024-02-23.pdf","ICD_HCH_Komplikationen_Infektionen","ICD","ICD-Einschlusskodes für therapiebedürftige zugangsassoziierte Infektion","J85.3%","J85.3%"
"DeQS_KCHK-KC-KOMB_EJ-2025_QIDB-RR-P_V01_2024-02-23.pdf","ICD_HCH_Komplikationen_Infektionen","ICD","ICD-Einschlusskodes für therapiebedürftige zugangsassoziierte Infektion","J98.50%","J98.50%"
"DeQS_KCHK-KC-KOMB_EJ-2025_QIDB-RR-P_V01_2024-02-23.pdf","ICD_HCH_Komplikationen_Infektionen","ICD","ICD-Einschlusskodes für therapiebedürftige zugangsassoziierte Infektion","L02.4%","L02.4%"
"DeQS_KCHK-KC-KOMB_EJ-2025_QIDB-RR-P_V01_2024-02-23.pdf","ICD_HCH_Komplikationen_Infektionen","ICD","ICD-Einschlusskodes für therapiebedürftige zugangsassoziierte Infektion","L03.3%","L03.3%"
"DeQS_KCHK-KC-KOMB_EJ-2025_QIDB-RR-P_V01_2024-02-23.pdf","ICD_HCH_Komplikationen_Infektionen","ICD","ICD-Einschlusskodes für therapiebedürftige zugangsassoziierte Infektion","T81.4%","T81.4%"
"DeQS_KCHK-KC-KOMB_EJ-2025_QIDB-RR-P_V01_2024-02-23.pdf","ICD_HCH_Komplikationen_Infektionen","ICD","ICD-Einschlusskodes für therapiebedürftige zugangsassoziierte Infektion","T84.6%","T84.6%"
"DeQS_KCHK-KC-KOMB_EJ-2025_QIDB-RR-P_V01_2024-02-23.pdf","ICD_HCH_Komplikationen_mechanisch","ICD","ICD-Einschlusskodes für mechanische Komplikation durch eingebrachtes Fremdmaterial oder paravulväre Leckage","T82.0%","T82.0%"
"DeQS_KCHK-KC-KOMB_EJ-2025_QIDB-RR-P_V01_2024-02-23.pdf","ICD_HCH_Komplikationen_mechanisch","ICD","ICD-Einschlusskodes für mechanische Komplikation durch eingebrachtes Fremdmaterial oder paravulväre Leckage","T82.5%","T82.5%"
"DeQS_KCHK-KC-KOMB_EJ-2025_QIDB-RR-P_V01_2024-02-23.pdf","ICD_HCH_Komplikationen_mechanisch","ICD","ICD-Einschlusskodes für mechanische Komplikation durch eingebrachtes Fremdmaterial oder paravulväre Leckage","T82.9%","T82.9%"
"DeQS_KCHK-KC-KOMB_EJ-2025_QIDB-RR-P_V01_2024-02-23.pdf","ICD_HCH_Schlaganfall","ICD","ICD-Einschlusskodes für einen Schlaganfall","I61.0%","I61.0%"
"DeQS_KCHK-KC-KOMB_EJ-2025_QIDB-RR-P_V01_2024-02-23.pdf","ICD_HCH_Schlaganfall","ICD","ICD-Einschlusskodes für einen Schlaganfall","I61.1%","I61.1%"
"DeQS_KCHK-KC-KOMB_EJ-2025_QIDB-RR-P_V01_2024-02-23.pdf","ICD_HCH_Schlaganfall","ICD","ICD-Einschlusskodes für einen Schlaganfall","I61.2%","I61.2%"
"DeQS_KCHK-KC-KOMB_EJ-2025_QIDB-RR-P_V01_2024-02-23.pdf","ICD_HCH_Schlaganfall","ICD","ICD-Einschlusskodes für einen Schlaganfall","I61.3%","I61.3%"
"DeQS_KCHK-KC-KOMB_EJ-2025_QIDB-RR-P_V01_2024-02-23.pdf","ICD_HCH_Schlaganfall","ICD","ICD-Einschlusskodes für einen Schlaganfall","I61.4%","I61.4%"
"DeQS_KCHK-KC-KOMB_EJ-2025_QIDB-RR-P_V01_2024-02-23.pdf","ICD_HCH_Schlaganfall","ICD","ICD-Einschlusskodes für einen Schlaganfall","I61.5%","I61.5%"
"DeQS_KCHK-KC-KOMB_EJ-2025_QIDB-RR-P_V01_2024-02-23.pdf","ICD_HCH_Schlaganfall","ICD","ICD-Einschlusskodes für einen Schlaganfall","I61.6%","I61.6%"
"DeQS_KCHK-KC-KOMB_EJ-2025_QIDB-RR-P_V01_2024-02-23.pdf","ICD_HCH_Schlaganfall","ICD","ICD-Einschlusskodes für einen Schlaganfall","I61.8%","I61.8%"
"DeQS_KCHK-KC-KOMB_EJ-2025_QIDB-RR-P_V01_2024-02-23.pdf","ICD_HCH_Schlaganfall","ICD","ICD-Einschlusskodes für einen Schlaganfall","I61.9%","I61.9%"
"DeQS_KCHK-KC-KOMB_EJ-2025_QIDB-RR-P_V01_2024-02-23.pdf","ICD_HCH_Schlaganfall","ICD","ICD-Einschlusskodes für einen Schlaganfall","I62.00%","I62.00%"
"DeQS_KCHK-KC-KOMB_EJ-2025_QIDB-RR-P_V01_2024-02-23.pdf","ICD_HCH_Schlaganfall","ICD","ICD-Einschlusskodes für einen Schlaganfall","I62.01%","I62.01%"
"DeQS_KCHK-KC-KOMB_EJ-2025_QIDB-RR-P_V01_2024-02-23.pdf","ICD_HCH_Schlaganfall","ICD","ICD-Einschlusskodes für einen Schlaganfall","I62.1%","I62.1%"
"DeQS_KCHK-KC-KOMB_EJ-2025_QIDB-RR-P_V01_2024-02-23.pdf","ICD_HCH_Schlaganfall","ICD","ICD-Einschlusskodes für einen Schlaganfall","I62.9%","I62.9%"
"DeQS_KCHK-KC-KOMB_EJ-2025_QIDB-RR-P_V01_2024-02-23.pdf","ICD_HCH_Schlaganfall","ICD","ICD-Einschlusskodes für einen Schlaganfall","I63.0%","I63.0%"
"DeQS_KCHK-KC-KOMB_EJ-2025_QIDB-RR-P_V01_2024-02-23.pdf","ICD_HCH_Schlaganfall","ICD","ICD-Einschlusskodes für einen Schlaganfall","I63.1%","I63.1%"
"DeQS_KCHK-KC-KOMB_EJ-2025_QIDB-RR-P_V01_2024-02-23.pdf","ICD_HCH_Schlaganfall","ICD","ICD-Einschlusskodes für einen Schlaganfall","I63.2%","I63.2%"
"DeQS_KCHK-KC-KOMB_EJ-2025_QIDB-RR-P_V01_2024-02-23.pdf","ICD_HCH_Schlaganfall","ICD","ICD-Einschlusskodes für einen Schlaganfall","I63.3%","I63.3%"
"DeQS_KCHK-KC-KOMB_EJ-2025_QIDB-RR-P_V01_2024-02-23.pdf","ICD_HCH_Schlaganfall","ICD","ICD-Einschlusskodes für einen Schlaganfall","I63.4%","I63.4%"
"DeQS_KCHK-KC-KOMB_EJ-2025_QIDB-RR-P_V01_2024-02-23.pdf","ICD_HCH_Schlaganfall","ICD","ICD-Einschlusskodes für einen Schlaganfall","I63.5%","I63.5%"
"DeQS_KCHK-KC-KOMB_EJ-2025_QIDB-RR-P_V01_2024-02-23.pdf","ICD_HCH_Schlaganfall","ICD","ICD-Einschlusskodes für einen Schlaganfall","I63.6%","I63.6%"
"DeQS_KCHK-KC-KOMB_EJ-2025_QIDB-RR-P_V01_2024-02-23.pdf","ICD_HCH_Schlaganfall","ICD","ICD-Einschlusskodes für einen Schlaganfall","I63.8%","I63.8%"
"DeQS_KCHK-KC-KOMB_EJ-2025_QIDB-RR-P_V01_2024-02-23.pdf","ICD_HCH_Schlaganfall","ICD","ICD-Einschlusskodes für einen Schlaganfall","I63.9%","I63.9%"
"DeQS_KCHK-KC-KOMB_EJ-2025_QIDB-RR-P_V01_2024-02-23.pdf","ICD_HCH_Schlaganfall","ICD","ICD-Einschlusskodes für einen Schlaganfall","I64%","I64%"
"DeQS_KCHK-KC-KOMB_EJ-2025_QIDB-RR-P_V01_2024-02-23.pdf","ICD_HCH_Schlaganfall_Ausschluss","ICD","ICD-Ausschlusskodes für einen Schlaganfall","C70.0%","C70.0%"
"DeQS_KCHK-KC-KOMB_EJ-2025_QIDB-RR-P_V01_2024-02-23.pdf","ICD_HCH_Schlaganfall_Ausschluss","ICD","ICD-Ausschlusskodes für einen Schlaganfall","C70.1%","C70.1%"
"DeQS_KCHK-KC-KOMB_EJ-2025_QIDB-RR-P_V01_2024-02-23.pdf","ICD_HCH_Schlaganfall_Ausschluss","ICD","ICD-Ausschlusskodes für einen Schlaganfall","C70.9%","C70.9%"
"DeQS_KCHK-KC-KOMB_EJ-2025_QIDB-RR-P_V01_2024-02-23.pdf","ICD_HCH_Schlaganfall_Ausschluss","ICD","ICD-Ausschlusskodes für einen Schlaganfall","C71%","C71%"
"DeQS_KCHK-KC-KOMB_EJ-2025_QIDB-RR-P_V01_2024-02-23.pdf","ICD_HCH_Schlaganfall_Ausschluss","ICD","ICD-Ausschlusskodes für einen Schlaganfall","C71.0%","C71.0%"
"DeQS_KCHK-KC-KOMB_EJ-2025_QIDB-RR-P_V01_2024-02-23.pdf","ICD_HCH_Schlaganfall_Ausschluss","ICD","ICD-Ausschlusskodes für einen Schlaganfall","C71.1%","C71.1%"
"DeQS_KCHK-KC-KOMB_EJ-2025_QIDB-RR-P_V01_2024-02-23.pdf","ICD_HCH_Schlaganfall_Ausschluss","ICD","ICD-Ausschlusskodes für einen Schlaganfall","C71.2%","C71.2%"
"DeQS_KCHK-KC-KOMB_EJ-2025_QIDB-RR-P_V01_2024-02-23.pdf","ICD_HCH_Schlaganfall_Ausschluss","ICD","ICD-Ausschlusskodes für einen Schlaganfall","C71.3%","C71.3%"
"DeQS_KCHK-KC-KOMB_EJ-2025_QIDB-RR-P_V01_2024-02-23.pdf","ICD_HCH_Schlaganfall_Ausschluss","ICD","ICD-Ausschlusskodes für einen Schlaganfall","C71.4%","C71.4%"
"DeQS_KCHK-KC-KOMB_EJ-2025_QIDB-RR-P_V01_2024-02-23.pdf","ICD_HCH_Schlaganfall_Ausschluss","ICD","ICD-Ausschlusskodes für einen Schlaganfall","C71.5%","C71.5%"
"DeQS_KCHK-KC-KOMB_EJ-2025_QIDB-RR-P_V01_2024-02-23.pdf","ICD_HCH_Schlaganfall_Ausschluss","ICD","ICD-Ausschlusskodes für einen Schlaganfall","C71.6%","C71.6%"
"DeQS_KCHK-KC-KOMB_EJ-2025_QIDB-RR-P_V01_2024-02-23.pdf","ICD_HCH_Schlaganfall_Ausschluss","ICD","ICD-Ausschlusskodes für einen Schlaganfall","C71.7%","C71.7%"
"DeQS_KCHK-KC-KOMB_EJ-2025_QIDB-RR-P_V01_2024-02-23.pdf","ICD_HCH_Schlaganfall_Ausschluss","ICD","ICD-Ausschlusskodes für einen Schlaganfall","C71.8%","C71.8%"
"DeQS_KCHK-KC-KOMB_EJ-2025_QIDB-RR-P_V01_2024-02-23.pdf","ICD_HCH_Schlaganfall_Ausschluss","ICD","ICD-Ausschlusskodes für einen Schlaganfall","C71.9%","C71.9%"
"DeQS_KCHK-KC-KOMB_EJ-2025_QIDB-RR-P_V01_2024-02-23.pdf","ICD_HCH_Schlaganfall_Ausschluss","ICD","ICD-Ausschlusskodes für einen Schlaganfall","C72.0%","C72.0%"
"DeQS_KCHK-KC-KOMB_EJ-2025_QIDB-RR-P_V01_2024-02-23.pdf","ICD_HCH_Schlaganfall_Ausschluss","ICD","ICD-Ausschlusskodes für einen Schlaganfall","C72.1%","C72.1%"
"DeQS_KCHK-KC-KOMB_EJ-2025_QIDB-RR-P_V01_2024-02-23.pdf","ICD_HCH_Schlaganfall_Ausschluss","ICD","ICD-Ausschlusskodes für einen Schlaganfall","C72.2%","C72.2%"
"DeQS_KCHK-KC-KOMB_EJ-2025_QIDB-RR-P_V01_2024-02-23.pdf","ICD_HCH_Schlaganfall_Ausschluss","ICD","ICD-Ausschlusskodes für einen Schlaganfall","C72.3%","C72.3%"
"DeQS_KCHK-KC-KOMB_EJ-2025_QIDB-RR-P_V01_2024-02-23.pdf","ICD_HCH_Schlaganfall_Ausschluss","ICD","ICD-Ausschlusskodes für einen Schlaganfall","C72.4%","C72.4%"
"DeQS_KCHK-KC-KOMB_EJ-2025_QIDB-RR-P_V01_2024-02-23.pdf","ICD_HCH_Schlaganfall_Ausschluss","ICD","ICD-Ausschlusskodes für einen Schlaganfall","C72.5%","C72.5%"
"DeQS_KCHK-KC-KOMB_EJ-2025_QIDB-RR-P_V01_2024-02-23.pdf","ICD_HCH_Schlaganfall_Ausschluss","ICD","ICD-Ausschlusskodes für einen Schlaganfall","C72.8%","C72.8%"
"DeQS_KCHK-KC-KOMB_EJ-2025_QIDB-RR-P_V01_2024-02-23.pdf","ICD_HCH_Schlaganfall_Ausschluss","ICD","ICD-Ausschlusskodes für einen Schlaganfall","C72.9%","C72.9%"
"DeQS_KCHK-KC-KOMB_EJ-2025_QIDB-RR-P_V01_2024-02-23.pdf","ICD_HCH_Schlaganfall_Ausschluss","ICD","ICD-Ausschlusskodes für einen Schlaganfall","C79.3%","C79.3%"
"DeQS_KCHK-KC-KOMB_EJ-2025_QIDB-RR-P_V01_2024-02-23.pdf","ICD_HCH_Schlaganfall_Ausschluss","ICD","ICD-Ausschlusskodes für einen Schlaganfall","D32.0%","D32.0%"
"DeQS_KCHK-KC-KOMB_EJ-2025_QIDB-RR-P_V01_2024-02-23.pdf","ICD_HCH_Schlaganfall_Ausschluss","ICD","ICD-Ausschlusskodes für einen Schlaganfall","D32.1%","D32.1%"
"DeQS_KCHK-KC-KOMB_EJ-2025_QIDB-RR-P_V01_2024-02-23.pdf","ICD_HCH_Schlaganfall_Ausschluss","ICD","ICD-Ausschlusskodes für einen Schlaganfall","D32.9%","D32.9%"
"DeQS_KCHK-KC-KOMB_EJ-2025_QIDB-RR-P_V01_2024-02-23.pdf","ICD_HCH_Schlaganfall_Ausschluss","ICD","ICD-Ausschlusskodes für einen Schlaganfall","D33.0%","D33.0%"
"DeQS_KCHK-KC-KOMB_EJ-2025_QIDB-RR-P_V01_2024-02-23.pdf","ICD_HCH_Schlaganfall_Ausschluss","ICD","ICD-Ausschlusskodes für einen Schlaganfall","D33.1%","D33.1%"
"DeQS_KCHK-KC-KOMB_EJ-2025_QIDB-RR-P_V01_2024-02-23.pdf","ICD_HCH_Schlaganfall_Ausschluss","ICD","ICD-Ausschlusskodes für einen Schlaganfall","D33.2%","D33.2%"
"DeQS_KCHK-KC-KOMB_EJ-2025_QIDB-RR-P_V01_2024-02-23.pdf","ICD_HCH_Schlaganfall_Ausschluss","ICD","ICD-Ausschlusskodes für einen Schlaganfall","D33.3%","D33.3%"
"DeQS_KCHK-KC-KOMB_EJ-2025_QIDB-RR-P_V01_2024-02-23.pdf","ICD_HCH_Schlaganfall_Ausschluss","ICD","ICD-Ausschlusskodes für einen Schlaganfall","D33.4%","D33.4%"
"DeQS_KCHK-KC-KOMB_EJ-2025_QIDB-RR-P_V01_2024-02-23.pdf","ICD_HCH_Schlaganfall_Ausschluss","ICD","ICD-Ausschlusskodes für einen Schlaganfall","D33.7%","D33.7%"
"DeQS_KCHK-KC-KOMB_EJ-2025_QIDB-RR-P_V01_2024-02-23.pdf","ICD_HCH_Schlaganfall_Ausschluss","ICD","ICD-Ausschlusskodes für einen Schlaganfall","D33.9%","D33.9%"
"DeQS_KCHK-KC-KOMB_EJ-2025_QIDB-RR-P_V01_2024-02-23.pdf","ICD_HCH_Schlaganfall_Ausschluss","ICD","ICD-Ausschlusskodes für einen Schlaganfall","I60.0%","I60.0%"
"DeQS_KCHK-KC-KOMB_EJ-2025_QIDB-RR-P_V01_2024-02-23.pdf","ICD_HCH_Schlaganfall_Ausschluss","ICD","ICD-Ausschlusskodes für einen Schlaganfall","I60.1%","I60.1%"
"DeQS_KCHK-KC-KOMB_EJ-2025_QIDB-RR-P_V01_2024-02-23.pdf","ICD_HCH_Schlaganfall_Ausschluss","ICD","ICD-Ausschlusskodes für einen Schlaganfall","I60.2%","I60.2%"
"DeQS_KCHK-KC-KOMB_EJ-2025_QIDB-RR-P_V01_2024-02-23.pdf","ICD_HCH_Schlaganfall_Ausschluss","ICD","ICD-Ausschlusskodes für einen Schlaganfall","I60.3%","I60.3%"
"DeQS_KCHK-KC-KOMB_EJ-2025_QIDB-RR-P_V01_2024-02-23.pdf","ICD_HCH_Schlaganfall_Ausschluss","ICD","ICD-Ausschlusskodes für einen Schlaganfall","I60.4%","I60.4%"
"DeQS_KCHK-KC-KOMB_EJ-2025_QIDB-RR-P_V01_2024-02-23.pdf","ICD_HCH_Schlaganfall_Ausschluss","ICD","ICD-Ausschlusskodes für einen Schlaganfall","I60.5%","I60.5%"
"DeQS_KCHK-KC-KOMB_EJ-2025_QIDB-RR-P_V01_2024-02-23.pdf","ICD_HCH_Schlaganfall_Ausschluss","ICD","ICD-Ausschlusskodes für einen Schlaganfall","I60.6%","I60.6%"
"DeQS_KCHK-KC-KOMB_EJ-2025_QIDB-RR-P_V01_2024-02-23.pdf","ICD_HCH_Schlaganfall_Ausschluss","ICD","ICD-Ausschlusskodes für einen Schlaganfall","I60.7%","I60.7%"
"DeQS_KCHK-KC-KOMB_EJ-2025_QIDB-RR-P_V01_2024-02-23.pdf","ICD_HCH_Schlaganfall_Ausschluss","ICD","ICD-Ausschlusskodes für einen Schlaganfall","I60.8%","I60.8%"
"DeQS_KCHK-KC-KOMB_EJ-2025_QIDB-RR-P_V01_2024-02-23.pdf","ICD_HCH_Schlaganfall_Ausschluss","ICD","ICD-Ausschlusskodes für einen Schlaganfall","I60.9%","I60.9%"
"DeQS_KCHK-KC-KOMB_EJ-2025_QIDB-RR-P_V01_2024-02-23.pdf","ICD_HCH_Schlaganfall_Ausschluss","ICD","ICD-Ausschlusskodes für einen Schlaganfall","I67.10%","I67.10%"
"DeQS_KCHK-KC-KOMB_EJ-2025_QIDB-RR-P_V01_2024-02-23.pdf","ICD_HCH_Schlaganfall_Ausschluss","ICD","ICD-Ausschlusskodes für einen Schlaganfall","I67.11%","I67.11%"
"DeQS_KCHK-KC-KOMB_EJ-2025_QIDB-RR-P_V01_2024-02-23.pdf","ICD_HCH_Schlaganfall_Ausschluss","ICD","ICD-Ausschlusskodes für einen Schlaganfall","S06.0%","S06.0%"
"DeQS_KCHK-KC-KOMB_EJ-2025_QIDB-RR-P_V01_2024-02-23.pdf","ICD_HCH_Schlaganfall_Ausschluss","ICD","ICD-Ausschlusskodes für einen Schlaganfall","S06.1%","S06.1%"
"DeQS_KCHK-KC-KOMB_EJ-2025_QIDB-RR-P_V01_2024-02-23.pdf","ICD_HCH_Schlaganfall_Ausschluss","ICD","ICD-Ausschlusskodes für einen Schlaganfall","S06.20%","S06.20%"
"DeQS_KCHK-KC-KOMB_EJ-2025_QIDB-RR-P_V01_2024-02-23.pdf","ICD_HCH_Schlaganfall_Ausschluss","ICD","ICD-Ausschlusskodes für einen Schlaganfall","S06.21%","S06.21%"
"DeQS_KCHK-KC-KOMB_EJ-2025_QIDB-RR-P_V01_2024-02-23.pdf","ICD_HCH_Schlaganfall_Ausschluss","ICD","ICD-Ausschlusskodes für einen Schlaganfall","S06.22%","S06.22%"
"DeQS_KCHK-KC-KOMB_EJ-2025_QIDB-RR-P_V01_2024-02-23.pdf","ICD_HCH_Schlaganfall_Ausschluss","ICD","ICD-Ausschlusskodes für einen Schlaganfall","S06.23%","S06.23%"
"DeQS_KCHK-KC-KOMB_EJ-2025_QIDB-RR-P_V01_2024-02-23.pdf","ICD_HCH_Schlaganfall_Ausschluss","ICD","ICD-Ausschlusskodes für einen Schlaganfall","S06.28%","S06.28%"
"DeQS_KCHK-KC-KOMB_EJ-2025_QIDB-RR-P_V01_2024-02-23.pdf","ICD_HCH_Schlaganfall_Ausschluss","ICD","ICD-Ausschlusskodes für einen Schlaganfall","S06.30%","S06.30%"
"DeQS_KCHK-KC-KOMB_EJ-2025_QIDB-RR-P_V01_2024-02-23.pdf","ICD_HCH_Schlaganfall_Ausschluss","ICD","ICD-Ausschlusskodes für einen Schlaganfall","S06.31%","S06.31%"
"DeQS_KCHK-KC-KOMB_EJ-2025_QIDB-RR-P_V01_2024-02-23.pdf","ICD_HCH_Schlaganfall_Ausschluss","ICD","ICD-Ausschlusskodes für einen Schlaganfall","S06.32%","S06.32%"
"DeQS_KCHK-KC-KOMB_EJ-2025_QIDB-RR-P_V01_2024-02-23.pdf","ICD_HCH_Schlaganfall_Ausschluss","ICD","ICD-Ausschlusskodes für einen Schlaganfall","S06.33%","S06.33%"
"DeQS_KCHK-KC-KOMB_EJ-2025_QIDB-RR-P_V01_2024-02-23.pdf","ICD_HCH_Schlaganfall_Ausschluss","ICD","ICD-Ausschlusskodes für einen Schlaganfall","S06.34%","S06.34%"
"DeQS_KCHK-KC-KOMB_EJ-2025_QIDB-RR-P_V01_2024-02-23.pdf","ICD_HCH_Schlaganfall_Ausschluss","ICD","ICD-Ausschlusskodes für einen Schlaganfall","S06.38%","S06.38%"
"DeQS_KCHK-KC-KOMB_EJ-2025_QIDB-RR-P_V01_2024-02-23.pdf","ICD_HCH_Schlaganfall_Ausschluss","ICD","ICD-Ausschlusskodes für einen Schlaganfall","S06.4%","S06.4%"
"DeQS_KCHK-KC-KOMB_EJ-2025_QIDB-RR-P_V01_2024-02-23.pdf","ICD_HCH_Schlaganfall_Ausschluss","ICD","ICD-Ausschlusskodes für einen Schlaganfall","S06.5%","S06.5%"
"DeQS_KCHK-KC-KOMB_EJ-2025_QIDB-RR-P_V01_2024-02-23.pdf","ICD_HCH_TiefeWundheilungsstoerung","ICD","ICD-Einschlusskodes für tiefe Wundheilungsstörung oder Mediastinitis","J85.3%","J85.3%"
"DeQS_KCHK-KC-KOMB_EJ-2025_QIDB-RR-P_V01_2024-02-23.pdf","ICD_HCH_TiefeWundheilungsstoerung","ICD","ICD-Einschlusskodes für tiefe Wundheilungsstörung oder Mediastinitis","J98.50%","J98.50%"
"DeQS_KCHK-KC-KOMB_EJ-2025_QIDB-RR-P_V01_2024-02-23.pdf","ICD_HCH_TiefeWundheilungsstoerung","ICD","ICD-Einschlusskodes für tiefe Wundheilungsstörung oder Mediastinitis","T81.4%","T81.4%"
"DeQS_KCHK-KC-KOMB_EJ-2025_QIDB-RR-P_V01_2024-02-23.pdf","ICD_HCH_TiefeWundheilungsstoerung","ICD","ICD-Einschlusskodes für tiefe Wundheilungsstörung oder Mediastinitis","T84.6%","T84.6%"
"DeQS_KCHK-KC-KOMB_EJ-2025_QIDB-RR-P_V01_2024-02-23.pdf","OPS_HCH_AK_Erneut","OPS","OPS-Einschlusskodes für erneuten Aortenklappeneingriff","5351.01%","5351.01%"
"DeQS_KCHK-KC-KOMB_EJ-2025_QIDB-RR-P_V01_2024-02-23.pdf","OPS_HCH_AK_Erneut","OPS","OPS-Einschlusskodes für erneuten Aortenklappeneingriff","5351.02%","5351.02%"
"DeQS_KCHK-KC-KOMB_EJ-2025_QIDB-RR-P_V01_2024-02-23.pdf","OPS_HCH_AK_Erneut","OPS","OPS-Einschlusskodes für erneuten Aortenklappeneingriff","5351.03%","5351.03%"
"DeQS_KCHK-KC-KOMB_EJ-2025_QIDB-RR-P_V01_2024-02-23.pdf","OPS_HCH_AK_Erneut","OPS","OPS-Einschlusskodes für erneuten Aortenklappeneingriff","5351.04%","5351.04%"
"DeQS_KCHK-KC-KOMB_EJ-2025_QIDB-RR-P_V01_2024-02-23.pdf","OPS_HCH_AK_Erneut","OPS","OPS-Einschlusskodes für erneuten Aortenklappeneingriff","5351.05%","5351.05%"
"DeQS_KCHK-KC-KOMB_EJ-2025_QIDB-RR-P_V01_2024-02-23.pdf","OPS_HCH_AK_Erneut","OPS","OPS-Einschlusskodes für erneuten Aortenklappeneingriff","5351.06%","5351.06%"
"DeQS_KCHK-KC-KOMB_EJ-2025_QIDB-RR-P_V01_2024-02-23.pdf","OPS_HCH_AK_Erneut","OPS","OPS-Einschlusskodes für erneuten Aortenklappeneingriff","5351.07%","5351.07%"
"DeQS_KCHK-KC-KOMB_EJ-2025_QIDB-RR-P_V01_2024-02-23.pdf","OPS_HCH_AK_Erneut","OPS","OPS-Einschlusskodes für erneuten Aortenklappeneingriff","5351.0x%","5351.0x%"
"DeQS_KCHK-KC-KOMB_EJ-2025_QIDB-RR-P_V01_2024-02-23.pdf","OPS_HCH_AK_Erneut","OPS","OPS-Einschlusskodes für erneuten Aortenklappeneingriff","5352.00%","5352.00%"
"DeQS_KCHK-KC-KOMB_EJ-2025_QIDB-RR-P_V01_2024-02-23.pdf","OPS_HCH_AK_Erneut","OPS","OPS-Einschlusskodes für erneuten Aortenklappeneingriff","5352.01%","5352.01%"
"DeQS_KCHK-KC-KOMB_EJ-2025_QIDB-RR-P_V01_2024-02-23.pdf","OPS_HCH_AK_Erneut","OPS","OPS-Einschlusskodes für erneuten Aortenklappeneingriff","5352.02%","5352.02%"
"DeQS_KCHK-KC-KOMB_EJ-2025_QIDB-RR-P_V01_2024-02-23.pdf","OPS_HCH_AK_Erneut","OPS","OPS-Einschlusskodes für erneuten Aortenklappeneingriff","5352.03%","5352.03%"
"DeQS_KCHK-KC-KOMB_EJ-2025_QIDB-RR-P_V01_2024-02-23.pdf","OPS_HCH_AK_Erneut","OPS","OPS-Einschlusskodes für erneuten Aortenklappeneingriff","5352.04%","5352.04%"
"DeQS_KCHK-KC-KOMB_EJ-2025_QIDB-RR-P_V01_2024-02-23.pdf","OPS_HCH_AK_Erneut","OPS","OPS-Einschlusskodes für erneuten Aortenklappeneingriff","5352.05%","5352.05%"
"DeQS_KCHK-KC-KOMB_EJ-2025_QIDB-RR-P_V01_2024-02-23.pdf","OPS_HCH_AK_Erneut","OPS","OPS-Einschlusskodes für erneuten Aortenklappeneingriff","5352.06%","5352.06%"
"DeQS_KCHK-KC-KOMB_EJ-2025_QIDB-RR-P_V01_2024-02-23.pdf","OPS_HCH_AK_Erneut","OPS","OPS-Einschlusskodes für erneuten Aortenklappeneingriff","5352.07%","5352.07%"
"DeQS_KCHK-KC-KOMB_EJ-2025_QIDB-RR-P_V01_2024-02-23.pdf","OPS_HCH_AK_Erneut","OPS","OPS-Einschlusskodes für erneuten Aortenklappeneingriff","5352.08%","5352.08%"
"DeQS_KCHK-KC-KOMB_EJ-2025_QIDB-RR-P_V01_2024-02-23.pdf","OPS_HCH_AK_Erneut","OPS","OPS-Einschlusskodes für erneuten Aortenklappeneingriff","5352.0x%","5352.0x%"
"DeQS_KCHK-KC-KOMB_EJ-2025_QIDB-RR-P_V01_2024-02-23.pdf","OPS_HCH_AK_Erneut","OPS","OPS-Einschlusskodes für erneuten Aortenklappeneingriff","5353.0%","5353.0%"
"DeQS_KCHK-KC-KOMB_EJ-2025_QIDB-RR-P_V01_2024-02-23.pdf","OPS_HCH_AK_Erneut","OPS","OPS-Einschlusskodes für erneuten Aortenklappeneingriff","5354.01%","5354.01%"
"DeQS_KCHK-KC-KOMB_EJ-2025_QIDB-RR-P_V01_2024-02-23.pdf","OPS_HCH_AK_Erneut","OPS","OPS-Einschlusskodes für erneuten Aortenklappeneingriff","5354.02%","5354.02%"
"DeQS_KCHK-KC-KOMB_EJ-2025_QIDB-RR-P_V01_2024-02-23.pdf","OPS_HCH_AK_Erneut","OPS","OPS-Einschlusskodes für erneuten Aortenklappeneingriff","5354.03%","5354.03%"
"DeQS_KCHK-KC-KOMB_EJ-2025_QIDB-RR-P_V01_2024-02-23.pdf","OPS_HCH_AK_Erneut","OPS","OPS-Einschlusskodes für erneuten Aortenklappeneingriff","5354.04%","5354.04%"
"DeQS_KCHK-KC-KOMB_EJ-2025_QIDB-RR-P_V01_2024-02-23.pdf","OPS_HCH_AK_Erneut","OPS","OPS-Einschlusskodes für erneuten Aortenklappeneingriff","5354.05%","5354.05%"
"DeQS_KCHK-KC-KOMB_EJ-2025_QIDB-RR-P_V01_2024-02-23.pdf","OPS_HCH_AK_Erneut","OPS","OPS-Einschlusskodes für erneuten Aortenklappeneingriff","5354.06%","5354.06%"
"DeQS_KCHK-KC-KOMB_EJ-2025_QIDB-RR-P_V01_2024-02-23.pdf","OPS_HCH_AK_Erneut","OPS","OPS-Einschlusskodes für erneuten Aortenklappeneingriff","5354.0x%","5354.0x%"
"DeQS_KCHK-KC-KOMB_EJ-2025_QIDB-RR-P_V01_2024-02-23.pdf","OPS_HCH_AK_Erneut","OPS","OPS-Einschlusskodes für erneuten Aortenklappeneingriff","535a.01%","535a.01%"
"DeQS_KCHK-KC-KOMB_EJ-2025_QIDB-RR-P_V01_2024-02-23.pdf","OPS_HCH_AK_Erneut","OPS","OPS-Einschlusskodes für erneuten Aortenklappeneingriff","535a.02%","535a.02%"
"DeQS_KCHK-KC-KOMB_EJ-2025_QIDB-RR-P_V01_2024-02-23.pdf","OPS_HCH_AK_Erneut","OPS","OPS-Einschlusskodes für erneuten Aortenklappeneingriff","535a.03%","535a.03%"
"DeQS_KCHK-KC-KOMB_EJ-2025_QIDB-RR-P_V01_2024-02-23.pdf","OPS_HCH_AK_Erneut","OPS","OPS-Einschlusskodes für erneuten Aortenklappeneingriff","535a.04%","535a.04%"
"DeQS_KCHK-KC-KOMB_EJ-2025_QIDB-RR-P_V01_2024-02-23.pdf","OPS_HCH_AK_Erneut","OPS","OPS-Einschlusskodes für erneuten Aortenklappeneingriff","8837.a0%","8837.a0%"
"DeQS_KCHK-KC-KOMB_EJ-2025_QIDB-RR-P_V01_2024-02-23.pdf","OPS_HCH_AK_Erneut","OPS","OPS-Einschlusskodes für erneuten Aortenklappeneingriff","8837.g%","8837.g%"
"DeQS_KCHK-KC-KOMB_EJ-2025_QIDB-RR-P_V01_2024-02-23.pdf","OPS_HCH_AK_Erneut","OPS","OPS-Einschlusskodes für erneuten Aortenklappeneingriff","8837.j%","8837.j%"
"DeQS_KCHK-KC-KOMB_EJ-2025_QIDB-RR-P_V01_2024-02-23.pdf","OPS_HCH_KC_Erneut","OPS","OPS-Einschlusskodes für erneute Koronarchirurgie","5361.03%","5361.03%"
"DeQS_KCHK-KC-KOMB_EJ-2025_QIDB-RR-P_V01_2024-02-23.pdf","OPS_HCH_KC_Erneut","OPS","OPS-Einschlusskodes für erneute Koronarchirurgie","5361.05%","5361.05%"
"DeQS_KCHK-KC-KOMB_EJ-2025_QIDB-RR-P_V01_2024-02-23.pdf","OPS_HCH_KC_Erneut","OPS","OPS-Einschlusskodes für erneute Koronarchirurgie","5361.06%","5361.06%"
"DeQS_KCHK-KC-KOMB_EJ-2025_QIDB-RR-P_V01_2024-02-23.pdf","OPS_HCH_KC_Erneut","OPS","OPS-Einschlusskodes für erneute Koronarchirurgie","5361.07%","5361.07%"
"DeQS_KCHK-KC-KOMB_EJ-2025_QIDB-RR-P_V01_2024-02-23.pdf","OPS_HCH_KC_Erneut","OPS","OPS-Einschlusskodes für erneute Koronarchirurgie","5361.08%","5361.08%"
"DeQS_KCHK-KC-KOMB_EJ-2025_QIDB-RR-P_V01_2024-02-23.pdf","OPS_HCH_KC_Erneut","OPS","OPS-Einschlusskodes für erneute Koronarchirurgie","5361.0x%","5361.0x%"
"DeQS_KCHK-KC-KOMB_EJ-2025_QIDB-RR-P_V01_2024-02-23.pdf","OPS_HCH_KC_Erneut","OPS","OPS-Einschlusskodes für erneute Koronarchirurgie","5361.13%","5361.13%"
"DeQS_KCHK-KC-KOMB_EJ-2025_QIDB-RR-P_V01_2024-02-23.pdf","OPS_HCH_KC_Erneut","OPS","OPS-Einschlusskodes für erneute Koronarchirurgie","5361.15%","5361.15%"
"DeQS_KCHK-KC-KOMB_EJ-2025_QIDB-RR-P_V01_2024-02-23.pdf","OPS_HCH_KC_Erneut","OPS","OPS-Einschlusskodes für erneute Koronarchirurgie","5361.16%","5361.16%"
"DeQS_KCHK-KC-KOMB_EJ-2025_QIDB-RR-P_V01_2024-02-23.pdf","OPS_HCH_KC_Erneut","OPS","OPS-Einschlusskodes für erneute Koronarchirurgie","5361.17%","5361.17%"
"DeQS_KCHK-KC-KOMB_EJ-2025_QIDB-RR-P_V01_2024-02-23.pdf","OPS_HCH_KC_Erneut","OPS","OPS-Einschlusskodes für erneute Koronarchirurgie","5361.18%","5361.18%"
"DeQS_KCHK-KC-KOMB_EJ-2025_QIDB-RR-P_V01_2024-02-23.pdf","OPS_HCH_KC_Erneut","OPS","OPS-Einschlusskodes für erneute Koronarchirurgie","5361.1x%","5361.1x%"
"DeQS_KCHK-KC-KOMB_EJ-2025_QIDB-RR-P_V01_2024-02-23.pdf","OPS_HCH_KC_Erneut","OPS","OPS-Einschlusskodes für erneute Koronarchirurgie","5361.23%","5361.23%"
"DeQS_KCHK-KC-KOMB_EJ-2025_QIDB-RR-P_V01_2024-02-23.pdf","OPS_HCH_KC_Erneut","OPS","OPS-Einschlusskodes für erneute Koronarchirurgie","5361.25%","5361.25%"
"DeQS_KCHK-KC-KOMB_EJ-2025_QIDB-RR-P_V01_2024-02-23.pdf","OPS_HCH_KC_Erneut","OPS","OPS-Einschlusskodes für erneute Koronarchirurgie","5361.26%","5361.26%"
"DeQS_KCHK-KC-KOMB_EJ-2025_QIDB-RR-P_V01_2024-02-23.pdf","OPS_HCH_KC_Erneut","OPS","OPS-Einschlusskodes für erneute Koronarchirurgie","5361.27%","5361.27%"
"DeQS_KCHK-KC-KOMB_EJ-2025_QIDB-RR-P_V01_2024-02-23.pdf","OPS_HCH_KC_Erneut","OPS","OPS-Einschlusskodes für erneute Koronarchirurgie","5361.28%","5361.28%"
"DeQS_KCHK-KC-KOMB_EJ-2025_QIDB-RR-P_V01_2024-02-23.pdf","OPS_HCH_KC_Erneut","OPS","OPS-Einschlusskodes für erneute Koronarchirurgie","5361.2x%","5361.2x%"
"DeQS_KCHK-KC-KOMB_EJ-2025_QIDB-RR-P_V01_2024-02-23.pdf","OPS_HCH_KC_Erneut","OPS","OPS-Einschlusskodes für erneute Koronarchirurgie","5361.33%","5361.33%"
"DeQS_KCHK-KC-KOMB_EJ-2025_QIDB-RR-P_V01_2024-02-23.pdf","OPS_HCH_KC_Erneut","OPS","OPS-Einschlusskodes für erneute Koronarchirurgie","5361.35%","5361.35%"
"DeQS_KCHK-KC-KOMB_EJ-2025_QIDB-RR-P_V01_2024-02-23.pdf","OPS_HCH_KC_Erneut","OPS","OPS-Einschlusskodes für erneute Koronarchirurgie","5361.36%","5361.36%"
"DeQS_KCHK-KC-KOMB_EJ-2025_QIDB-RR-P_V01_2024-02-23.pdf","OPS_HCH_KC_Erneut","OPS","OPS-Einschlusskodes für erneute Koronarchirurgie","5361.37%","5361.37%"
"DeQS_KCHK-KC-KOMB_EJ-2025_QIDB-RR-P_V01_2024-02-23.pdf","OPS_HCH_KC_Erneut","OPS","OPS-Einschlusskodes für erneute Koronarchirurgie","5361.38%","5361.38%"
"DeQS_KCHK-KC-KOMB_EJ-2025_QIDB-RR-P_V01_2024-02-23.pdf","OPS_HCH_KC_Erneut","OPS","OPS-Einschlusskodes für erneute Koronarchirurgie","5361.3x%","5361.3x%"
"DeQS_KCHK-KC-KOMB_EJ-2025_QIDB-RR-P_V01_2024-02-23.pdf","OPS_HCH_KC_Erneut","OPS","OPS-Einschlusskodes für erneute Koronarchirurgie","5361.43%","5361.43%"
"DeQS_KCHK-KC-KOMB_EJ-2025_QIDB-RR-P_V01_2024-02-23.pdf","OPS_HCH_KC_Erneut","OPS","OPS-Einschlusskodes für erneute Koronarchirurgie","5361.45%","5361.45%"
"DeQS_KCHK-KC-KOMB_EJ-2025_QIDB-RR-P_V01_2024-02-23.pdf","OPS_HCH_KC_Erneut","OPS","OPS-Einschlusskodes für erneute Koronarchirurgie","5361.46%","5361.46%"
"DeQS_KCHK-KC-KOMB_EJ-2025_QIDB-RR-P_V01_2024-02-23.pdf","OPS_HCH_KC_Erneut","OPS","OPS-Einschlusskodes für erneute Koronarchirurgie","5361.47%","5361.47%"
"DeQS_KCHK-KC-KOMB_EJ-2025_QIDB-RR-P_V01_2024-02-23.pdf","OPS_HCH_KC_Erneut","OPS","OPS-Einschlusskodes für erneute Koronarchirurgie","5361.48%","5361.48%"
"DeQS_KCHK-KC-KOMB_EJ-2025_QIDB-RR-P_V01_2024-02-23.pdf","OPS_HCH_KC_Erneut","OPS","OPS-Einschlusskodes für erneute Koronarchirurgie","5361.4x%","5361.4x%"
"DeQS_KCHK-KC-KOMB_EJ-2025_QIDB-RR-P_V01_2024-02-23.pdf","OPS_HCH_KC_Erneut","OPS","OPS-Einschlusskodes für erneute Koronarchirurgie","5361.53%","5361.53%"
"DeQS_KCHK-KC-KOMB_EJ-2025_QIDB-RR-P_V01_2024-02-23.pdf","OPS_HCH_KC_Erneut","OPS","OPS-Einschlusskodes für erneute Koronarchirurgie","5361.55%","5361.55%"
"DeQS_KCHK-KC-KOMB_EJ-2025_QIDB-RR-P_V01_2024-02-23.pdf","OPS_HCH_KC_Erneut","OPS","OPS-Einschlusskodes für erneute Koronarchirurgie","5361.56%","5361.56%"
"DeQS_KCHK-KC-KOMB_EJ-2025_QIDB-RR-P_V01_2024-02-23.pdf","OPS_HCH_KC_Erneut","OPS","OPS-Einschlusskodes für erneute Koronarchirurgie","5361.57%","5361.57%"
"DeQS_KCHK-KC-KOMB_EJ-2025_QIDB-RR-P_V01_2024-02-23.pdf","OPS_HCH_KC_Erneut","OPS","OPS-Einschlusskodes für erneute Koronarchirurgie","5361.58%","5361.58%"
"DeQS_KCHK-KC-KOMB_EJ-2025_QIDB-RR-P_V01_2024-02-23.pdf","OPS_HCH_KC_Erneut","OPS","OPS-Einschlusskodes für erneute Koronarchirurgie","5361.5x%","5361.5x%"
"DeQS_KCHK-KC-KOMB_EJ-2025_QIDB-RR-P_V01_2024-02-23.pdf","OPS_HCH_KC_Erneut","OPS","OPS-Einschlusskodes für erneute Koronarchirurgie","5361.y%","5361.y%"
"DeQS_KCHK-KC-KOMB_EJ-2025_QIDB-RR-P_V01_2024-02-23.pdf","OPS_HCH_KC_Erneut","OPS","OPS-Einschlusskodes für erneute Koronarchirurgie","5362.03%","5362.03%"
"DeQS_KCHK-KC-KOMB_EJ-2025_QIDB-RR-P_V01_2024-02-23.pdf","OPS_HCH_KC_Erneut","OPS","OPS-Einschlusskodes für erneute Koronarchirurgie","5362.05%","5362.05%"
"DeQS_KCHK-KC-KOMB_EJ-2025_QIDB-RR-P_V01_2024-02-23.pdf","OPS_HCH_KC_Erneut","OPS","OPS-Einschlusskodes für erneute Koronarchirurgie","5362.06%","5362.06%"
"DeQS_KCHK-KC-KOMB_EJ-2025_QIDB-RR-P_V01_2024-02-23.pdf","OPS_HCH_KC_Erneut","OPS","OPS-Einschlusskodes für erneute Koronarchirurgie","5362.07%","5362.07%"
"DeQS_KCHK-KC-KOMB_EJ-2025_QIDB-RR-P_V01_2024-02-23.pdf","OPS_HCH_KC_Erneut","OPS","OPS-Einschlusskodes für erneute Koronarchirurgie","5362.0x%","5362.0x%"
"DeQS_KCHK-KC-KOMB_EJ-2025_QIDB-RR-P_V01_2024-02-23.pdf","OPS_HCH_KC_Erneut","OPS","OPS-Einschlusskodes für erneute Koronarchirurgie","5362.1%","5362.1%"
"DeQS_KCHK-KC-KOMB_EJ-2025_QIDB-RR-P_V01_2024-02-23.pdf","OPS_HCH_KC_Erneut","OPS","OPS-Einschlusskodes für erneute Koronarchirurgie","5362.13%","5362.13%"
"DeQS_KCHK-KC-KOMB_EJ-2025_QIDB-RR-P_V01_2024-02-23.pdf","OPS_HCH_KC_Erneut","OPS","OPS-Einschlusskodes für erneute Koronarchirurgie","5362.15%","5362.15%"
"DeQS_KCHK-KC-KOMB_EJ-2025_QIDB-RR-P_V01_2024-02-23.pdf","OPS_HCH_KC_Erneut","OPS","OPS-Einschlusskodes für erneute Koronarchirurgie","5362.16%","5362.16%"
"DeQS_KCHK-KC-KOMB_EJ-2025_QIDB-RR-P_V01_2024-02-23.pdf","OPS_HCH_KC_Erneut","OPS","OPS-Einschlusskodes für erneute Koronarchirurgie","5362.17%","5362.17%"
"DeQS_KCHK-KC-KOMB_EJ-2025_QIDB-RR-P_V01_2024-02-23.pdf","OPS_HCH_KC_Erneut","OPS","OPS-Einschlusskodes für erneute Koronarchirurgie","5362.1x%","5362.1x%"
"DeQS_KCHK-KC-KOMB_EJ-2025_QIDB-RR-P_V01_2024-02-23.pdf","OPS_HCH_KC_Erneut","OPS","OPS-Einschlusskodes für erneute Koronarchirurgie","5362.23%","5362.23%"
"DeQS_KCHK-KC-KOMB_EJ-2025_QIDB-RR-P_V01_2024-02-23.pdf","OPS_HCH_KC_Erneut","OPS","OPS-Einschlusskodes für erneute Koronarchirurgie","5362.25%","5362.25%"
"DeQS_KCHK-KC-KOMB_EJ-2025_QIDB-RR-P_V01_2024-02-23.pdf","OPS_HCH_KC_Erneut","OPS","OPS-Einschlusskodes für erneute Koronarchirurgie","5362.26%","5362.26%"
"DeQS_KCHK-KC-KOMB_EJ-2025_QIDB-RR-P_V01_2024-02-23.pdf","OPS_HCH_KC_Erneut","OPS","OPS-Einschlusskodes für erneute Koronarchirurgie","5362.27%","5362.27%"
"DeQS_KCHK-KC-KOMB_EJ-2025_QIDB-RR-P_V01_2024-02-23.pdf","OPS_HCH_KC_Erneut","OPS","OPS-Einschlusskodes für erneute Koronarchirurgie","5362.2x%","5362.2x%"
"DeQS_KCHK-KC-KOMB_EJ-2025_QIDB-RR-P_V01_2024-02-23.pdf","OPS_HCH_KC_Erneut","OPS","OPS-Einschlusskodes für erneute Koronarchirurgie","5362.33%","5362.33%"
"DeQS_KCHK-KC-KOMB_EJ-2025_QIDB-RR-P_V01_2024-02-23.pdf","OPS_HCH_KC_Erneut","OPS","OPS-Einschlusskodes für erneute Koronarchirurgie","5362.35%","5362.35%"
"DeQS_KCHK-KC-KOMB_EJ-2025_QIDB-RR-P_V01_2024-02-23.pdf","OPS_HCH_KC_Erneut","OPS","OPS-Einschlusskodes für erneute Koronarchirurgie","5362.36%","5362.36%"
"DeQS_KCHK-KC-KOMB_EJ-2025_QIDB-RR-P_V01_2024-02-23.pdf","OPS_HCH_KC_Erneut","OPS","OPS-Einschlusskodes für erneute Koronarchirurgie","5362.37%","5362.37%"
"DeQS_KCHK-KC-KOMB_EJ-2025_QIDB-RR-P_V01_2024-02-23.pdf","OPS_HCH_KC_Erneut","OPS","OPS-Einschlusskodes für erneute Koronarchirurgie","5362.3x%","5362.3x%"
"DeQS_KCHK-KC-KOMB_EJ-2025_QIDB-RR-P_V01_2024-02-23.pdf","OPS_HCH_KC_Erneut","OPS","OPS-Einschlusskodes für erneute Koronarchirurgie","5362.43%","5362.43%"
"DeQS_KCHK-KC-KOMB_EJ-2025_QIDB-RR-P_V01_2024-02-23.pdf","OPS_HCH_KC_Erneut","OPS","OPS-Einschlusskodes für erneute Koronarchirurgie","5362.45%","5362.45%"
"DeQS_KCHK-KC-KOMB_EJ-2025_QIDB-RR-P_V01_2024-02-23.pdf","OPS_HCH_KC_Erneut","OPS","OPS-Einschlusskodes für erneute Koronarchirurgie","5362.46%","5362.46%"
"DeQS_KCHK-KC-KOMB_EJ-2025_QIDB-RR-P_V01_2024-02-23.pdf","OPS_HCH_KC_Erneut","OPS","OPS-Einschlusskodes für erneute Koronarchirurgie","5362.47%","5362.47%"
"DeQS_KCHK-KC-KOMB_EJ-2025_QIDB-RR-P_V01_2024-02-23.pdf","OPS_HCH_KC_Erneut","OPS","OPS-Einschlusskodes für erneute Koronarchirurgie","5362.4x%","5362.4x%"
"DeQS_KCHK-KC-KOMB_EJ-2025_QIDB-RR-P_V01_2024-02-23.pdf","OPS_HCH_KC_Erneut","OPS","OPS-Einschlusskodes für erneute Koronarchirurgie","5362.53%","5362.53%"
"DeQS_KCHK-KC-KOMB_EJ-2025_QIDB-RR-P_V01_2024-02-23.pdf","OPS_HCH_KC_Erneut","OPS","OPS-Einschlusskodes für erneute Koronarchirurgie","5362.55%","5362.55%"
"DeQS_KCHK-KC-KOMB_EJ-2025_QIDB-RR-P_V01_2024-02-23.pdf","OPS_HCH_KC_Erneut","OPS","OPS-Einschlusskodes für erneute Koronarchirurgie","5362.56%","5362.56%"
"DeQS_KCHK-KC-KOMB_EJ-2025_QIDB-RR-P_V01_2024-02-23.pdf","OPS_HCH_KC_Erneut","OPS","OPS-Einschlusskodes für erneute Koronarchirurgie","5362.57%","5362.57%"
"DeQS_KCHK-KC-KOMB_EJ-2025_QIDB-RR-P_V01_2024-02-23.pdf","OPS_HCH_KC_Erneut","OPS","OPS-Einschlusskodes für erneute Koronarchirurgie","5362.5x%","5362.5x%"
"DeQS_KCHK-KC-KOMB_EJ-2025_QIDB-RR-P_V01_2024-02-23.pdf","OPS_HCH_KC_Erneut","OPS","OPS-Einschlusskodes für erneute Koronarchirurgie","5362.63%","5362.63%"
"DeQS_KCHK-KC-KOMB_EJ-2025_QIDB-RR-P_V01_2024-02-23.pdf","OPS_HCH_KC_Erneut","OPS","OPS-Einschlusskodes für erneute Koronarchirurgie","5362.65%","5362.65%"
"DeQS_KCHK-KC-KOMB_EJ-2025_QIDB-RR-P_V01_2024-02-23.pdf","OPS_HCH_KC_Erneut","OPS","OPS-Einschlusskodes für erneute Koronarchirurgie","5362.66%","5362.66%"
"DeQS_KCHK-KC-KOMB_EJ-2025_QIDB-RR-P_V01_2024-02-23.pdf","OPS_HCH_KC_Erneut","OPS","OPS-Einschlusskodes für erneute Koronarchirurgie","5362.67%","5362.67%"
"DeQS_KCHK-KC-KOMB_EJ-2025_QIDB-RR-P_V01_2024-02-23.pdf","OPS_HCH_KC_Erneut","OPS","OPS-Einschlusskodes für erneute Koronarchirurgie","5362.6x%","5362.6x%"
"DeQS_KCHK-KC-KOMB_EJ-2025_QIDB-RR-P_V01_2024-02-23.pdf","OPS_HCH_KC_Erneut","OPS","OPS-Einschlusskodes für erneute Koronarchirurgie","5362.73%","5362.73%"
"DeQS_KCHK-KC-KOMB_EJ-2025_QIDB-RR-P_V01_2024-02-23.pdf","OPS_HCH_KC_Erneut","OPS","OPS-Einschlusskodes für erneute Koronarchirurgie","5362.75%","5362.75%"
"DeQS_KCHK-KC-KOMB_EJ-2025_QIDB-RR-P_V01_2024-02-23.pdf","OPS_HCH_KC_Erneut","OPS","OPS-Einschlusskodes für erneute Koronarchirurgie","5362.76%","5362.76%"
"DeQS_KCHK-KC-KOMB_EJ-2025_QIDB-RR-P_V01_2024-02-23.pdf","OPS_HCH_KC_Erneut","OPS","OPS-Einschlusskodes für erneute Koronarchirurgie","5362.77%","5362.77%"
"DeQS_KCHK-KC-KOMB_EJ-2025_QIDB-RR-P_V01_2024-02-23.pdf","OPS_HCH_KC_Erneut","OPS","OPS-Einschlusskodes für erneute Koronarchirurgie","5362.7x%","5362.7x%"
"DeQS_KCHK-KC-KOMB_EJ-2025_QIDB-RR-P_V01_2024-02-23.pdf","OPS_HCH_KC_Erneut","OPS","OPS-Einschlusskodes für erneute Koronarchirurgie","5362.83%","5362.83%"
"DeQS_KCHK-KC-KOMB_EJ-2025_QIDB-RR-P_V01_2024-02-23.pdf","OPS_HCH_KC_Erneut","OPS","OPS-Einschlusskodes für erneute Koronarchirurgie","5362.85%","5362.85%"
"DeQS_KCHK-KC-KOMB_EJ-2025_QIDB-RR-P_V01_2024-02-23.pdf","OPS_HCH_KC_Erneut","OPS","OPS-Einschlusskodes für erneute Koronarchirurgie","5362.86%","5362.86%"
"DeQS_KCHK-KC-KOMB_EJ-2025_QIDB-RR-P_V01_2024-02-23.pdf","OPS_HCH_KC_Erneut","OPS","OPS-Einschlusskodes für erneute Koronarchirurgie","5362.87%","5362.87%"
"DeQS_KCHK-KC-KOMB_EJ-2025_QIDB-RR-P_V01_2024-02-23.pdf","OPS_HCH_KC_Erneut","OPS","OPS-Einschlusskodes für erneute Koronarchirurgie","5362.8x%","5362.8x%"
"DeQS_KCHK-KC-KOMB_EJ-2025_QIDB-RR-P_V01_2024-02-23.pdf","OPS_HCH_KC_Erneut","OPS","OPS-Einschlusskodes für erneute Koronarchirurgie","5362.93%","5362.93%"
"DeQS_KCHK-KC-KOMB_EJ-2025_QIDB-RR-P_V01_2024-02-23.pdf","OPS_HCH_KC_Erneut","OPS","OPS-Einschlusskodes für erneute Koronarchirurgie","5362.95%","5362.95%"
"DeQS_KCHK-KC-KOMB_EJ-2025_QIDB-RR-P_V01_2024-02-23.pdf","OPS_HCH_KC_Erneut","OPS","OPS-Einschlusskodes für erneute Koronarchirurgie","5362.96%","5362.96%"
"DeQS_KCHK-KC-KOMB_EJ-2025_QIDB-RR-P_V01_2024-02-23.pdf","OPS_HCH_KC_Erneut","OPS","OPS-Einschlusskodes für erneute Koronarchirurgie","5362.97%","5362.97%"
"DeQS_KCHK-KC-KOMB_EJ-2025_QIDB-RR-P_V01_2024-02-23.pdf","OPS_HCH_KC_Erneut","OPS","OPS-Einschlusskodes für erneute Koronarchirurgie","5362.9x%","5362.9x%"
"DeQS_KCHK-KC-KOMB_EJ-2025_QIDB-RR-P_V01_2024-02-23.pdf","OPS_HCH_KC_Erneut","OPS","OPS-Einschlusskodes für erneute Koronarchirurgie","5362.a3%","5362.a3%"
"DeQS_KCHK-KC-KOMB_EJ-2025_QIDB-RR-P_V01_2024-02-23.pdf","OPS_HCH_KC_Erneut","OPS","OPS-Einschlusskodes für erneute Koronarchirurgie","5362.a5%","5362.a5%"
"DeQS_KCHK-KC-KOMB_EJ-2025_QIDB-RR-P_V01_2024-02-23.pdf","OPS_HCH_KC_Erneut","OPS","OPS-Einschlusskodes für erneute Koronarchirurgie","5362.a6%","5362.a6%"
"DeQS_KCHK-KC-KOMB_EJ-2025_QIDB-RR-P_V01_2024-02-23.pdf","OPS_HCH_KC_Erneut","OPS","OPS-Einschlusskodes für erneute Koronarchirurgie","5362.a7%","5362.a7%"
"DeQS_KCHK-KC-KOMB_EJ-2025_QIDB-RR-P_V01_2024-02-23.pdf","OPS_HCH_KC_Erneut","OPS","OPS-Einschlusskodes für erneute Koronarchirurgie","5362.ax%","5362.ax%"
"DeQS_KCHK-KC-KOMB_EJ-2025_QIDB-RR-P_V01_2024-02-23.pdf","OPS_HCH_KC_Erneut","OPS","OPS-Einschlusskodes für erneute Koronarchirurgie","5362.b3%","5362.b3%"
"DeQS_KCHK-KC-KOMB_EJ-2025_QIDB-RR-P_V01_2024-02-23.pdf","OPS_HCH_KC_Erneut","OPS","OPS-Einschlusskodes für erneute Koronarchirurgie","5362.b5%","5362.b5%"
"DeQS_KCHK-KC-KOMB_EJ-2025_QIDB-RR-P_V01_2024-02-23.pdf","OPS_HCH_KC_Erneut","OPS","OPS-Einschlusskodes für erneute Koronarchirurgie","5362.b6%","5362.b6%"
"DeQS_KCHK-KC-KOMB_EJ-2025_QIDB-RR-P_V01_2024-02-23.pdf","OPS_HCH_KC_Erneut","OPS","OPS-Einschlusskodes für erneute Koronarchirurgie","5362.b7%","5362.b7%"
"DeQS_KCHK-KC-KOMB_EJ-2025_QIDB-RR-P_V01_2024-02-23.pdf","OPS_HCH_KC_Erneut","OPS","OPS-Einschlusskodes für erneute Koronarchirurgie","5362.bx%","5362.bx%"
"DeQS_KCHK-KC-KOMB_EJ-2025_QIDB-RR-P_V01_2024-02-23.pdf","OPS_HCH_KC_Erneut","OPS","OPS-Einschlusskodes für erneute Koronarchirurgie","5362.c3%","5362.c3%"
"DeQS_KCHK-KC-KOMB_EJ-2025_QIDB-RR-P_V01_2024-02-23.pdf","OPS_HCH_KC_Erneut","OPS","OPS-Einschlusskodes für erneute Koronarchirurgie","5362.c5%","5362.c5%"
"DeQS_KCHK-KC-KOMB_EJ-2025_QIDB-RR-P_V01_2024-02-23.pdf","OPS_HCH_KC_Erneut","OPS","OPS-Einschlusskodes für erneute Koronarchirurgie","5362.c6%","5362.c6%"
"DeQS_KCHK-KC-KOMB_EJ-2025_QIDB-RR-P_V01_2024-02-23.pdf","OPS_HCH_KC_Erneut","OPS","OPS-Einschlusskodes für erneute Koronarchirurgie","5362.c7%","5362.c7%"
"DeQS_KCHK-KC-KOMB_EJ-2025_QIDB-RR-P_V01_2024-02-23.pdf","OPS_HCH_KC_Erneut","OPS","OPS-Einschlusskodes für erneute Koronarchirurgie","5362.cx%","5362.cx%"
"DeQS_KCHK-KC-KOMB_EJ-2025_QIDB-RR-P_V01_2024-02-23.pdf","OPS_HCH_Komplikationen_Gefaesskomplikationen","OPS","OPS-Einschlusskodes für therapiebedürftige zugangsassoziierte Gefäßkomplikation","5380.12%","5380.12%"
"DeQS_KCHK-KC-KOMB_EJ-2025_QIDB-RR-P_V01_2024-02-23.pdf","OPS_HCH_Komplikationen_Gefaesskomplikationen","OPS","OPS-Einschlusskodes für therapiebedürftige zugangsassoziierte Gefäßkomplikation","5380.52%","5380.52%"
"DeQS_KCHK-KC-KOMB_EJ-2025_QIDB-RR-P_V01_2024-02-23.pdf","OPS_HCH_Komplikationen_Gefaesskomplikationen","OPS","OPS-Einschlusskodes für therapiebedürftige zugangsassoziierte Gefäßkomplikation","5380.54%","5380.54%"
"DeQS_KCHK-KC-KOMB_EJ-2025_QIDB-RR-P_V01_2024-02-23.pdf","OPS_HCH_Komplikationen_Gefaesskomplikationen","OPS","OPS-Einschlusskodes für therapiebedürftige zugangsassoziierte Gefäßkomplikation","5380.56%","5380.56%"
"DeQS_KCHK-KC-KOMB_EJ-2025_QIDB-RR-P_V01_2024-02-23.pdf","OPS_HCH_Komplikationen_Gefaesskomplikationen","OPS","OPS-Einschlusskodes für therapiebedürftige zugangsassoziierte Gefäßkomplikation","5380.70%","5380.70%"
"DeQS_KCHK-KC-KOMB_EJ-2025_QIDB-RR-P_V01_2024-02-23.pdf","OPS_HCH_Komplikationen_Gefaesskomplikationen","OPS","OPS-Einschlusskodes für therapiebedürftige zugangsassoziierte Gefäßkomplikation","5380.71%","5380.71%"
"DeQS_KCHK-KC-KOMB_EJ-2025_QIDB-RR-P_V01_2024-02-23.pdf","OPS_HCH_Komplikationen_Gefaesskomplikationen","OPS","OPS-Einschlusskodes für therapiebedürftige zugangsassoziierte Gefäßkomplikation","5380.72%","5380.72%"
"DeQS_KCHK-KC-KOMB_EJ-2025_QIDB-RR-P_V01_2024-02-23.pdf","OPS_HCH_Komplikationen_Gefaesskomplikationen","OPS","OPS-Einschlusskodes für therapiebedürftige zugangsassoziierte Gefäßkomplikation","5380.96%","5380.96%"
"DeQS_KCHK-KC-KOMB_EJ-2025_QIDB-RR-P_V01_2024-02-23.pdf","OPS_HCH_Komplikationen_Gefaesskomplikationen","OPS","OPS-Einschlusskodes für therapiebedürftige zugangsassoziierte Gefäßkomplikation","5380.9b%","5380.9b%"
"DeQS_KCHK-KC-KOMB_EJ-2025_QIDB-RR-P_V01_2024-02-23.pdf","OPS_HCH_Komplikationen_Gefaesskomplikationen","OPS","OPS-Einschlusskodes für therapiebedürftige zugangsassoziierte Gefäßkomplikation","5381.33%","5381.33%"
"DeQS_KCHK-KC-KOMB_EJ-2025_QIDB-RR-P_V01_2024-02-23.pdf","OPS_HCH_Komplikationen_Gefaesskomplikationen","OPS","OPS-Einschlusskodes für therapiebedürftige zugangsassoziierte Gefäßkomplikation","5381.54%","5381.54%"
"DeQS_KCHK-KC-KOMB_EJ-2025_QIDB-RR-P_V01_2024-02-23.pdf","OPS_HCH_Komplikationen_Gefaesskomplikationen","OPS","OPS-Einschlusskodes für therapiebedürftige zugangsassoziierte Gefäßkomplikation","5381.70%","5381.70%"
"DeQS_KCHK-KC-KOMB_EJ-2025_QIDB-RR-P_V01_2024-02-23.pdf","OPS_HCH_Komplikationen_Gefaesskomplikationen","OPS","OPS-Einschlusskodes für therapiebedürftige zugangsassoziierte Gefäßkomplikation","5381.71%","5381.71%"
"DeQS_KCHK-KC-KOMB_EJ-2025_QIDB-RR-P_V01_2024-02-23.pdf","OPS_HCH_Komplikationen_Gefaesskomplikationen","OPS","OPS-Einschlusskodes für therapiebedürftige zugangsassoziierte Gefäßkomplikation","5383.70%","5383.70%"
"DeQS_KCHK-KC-KOMB_EJ-2025_QIDB-RR-P_V01_2024-02-23.pdf","OPS_HCH_Komplikationen_Gefaesskomplikationen","OPS","OPS-Einschlusskodes für therapiebedürftige zugangsassoziierte Gefäßkomplikation","5384.01%","5384.01%"
"DeQS_KCHK-KC-KOMB_EJ-2025_QIDB-RR-P_V01_2024-02-23.pdf","OPS_HCH_Komplikationen_Gefaesskomplikationen","OPS","OPS-Einschlusskodes für therapiebedürftige zugangsassoziierte Gefäßkomplikation","5384.12%","5384.12%"
"DeQS_KCHK-KC-KOMB_EJ-2025_QIDB-RR-P_V01_2024-02-23.pdf","OPS_HCH_Komplikationen_Gefaesskomplikationen","OPS","OPS-Einschlusskodes für therapiebedürftige zugangsassoziierte Gefäßkomplikation","5384.1x%","5384.1x%"
"DeQS_KCHK-KC-KOMB_EJ-2025_QIDB-RR-P_V01_2024-02-23.pdf","OPS_HCH_Komplikationen_Gefaesskomplikationen","OPS","OPS-Einschlusskodes für therapiebedürftige zugangsassoziierte Gefäßkomplikation","5384.74%","5384.74%"
"DeQS_KCHK-KC-KOMB_EJ-2025_QIDB-RR-P_V01_2024-02-23.pdf","OPS_HCH_Komplikationen_Gefaesskomplikationen","OPS","OPS-Einschlusskodes für therapiebedürftige zugangsassoziierte Gefäßkomplikation","5384.d1%","5384.d1%"
"DeQS_KCHK-KC-KOMB_EJ-2025_QIDB-RR-P_V01_2024-02-23.pdf","OPS_HCH_Komplikationen_Gefaesskomplikationen","OPS","OPS-Einschlusskodes für therapiebedürftige zugangsassoziierte Gefäßkomplikation","5384.d2%","5384.d2%"
"DeQS_KCHK-KC-KOMB_EJ-2025_QIDB-RR-P_V01_2024-02-23.pdf","OPS_HCH_Komplikationen_Gefaesskomplikationen","OPS","OPS-Einschlusskodes für therapiebedürftige zugangsassoziierte Gefäßkomplikation","5384.dx%","5384.dx%"
"DeQS_KCHK-KC-KOMB_EJ-2025_QIDB-RR-P_V01_2024-02-23.pdf","OPS_HCH_Komplikationen_Gefaesskomplikationen","OPS","OPS-Einschlusskodes für therapiebedürftige zugangsassoziierte Gefäßkomplikation","5384.e%","5384.e%"
"DeQS_KCHK-KC-KOMB_EJ-2025_QIDB-RR-P_V01_2024-02-23.pdf","OPS_HCH_Komplikationen_Gefaesskomplikationen","OPS","OPS-Einschlusskodes für therapiebedürftige zugangsassoziierte Gefäßkomplikation","5384.e1%","5384.e1%"
"DeQS_KCHK-KC-KOMB_EJ-2025_QIDB-RR-P_V01_2024-02-23.pdf","OPS_HCH_Komplikationen_Gefaesskomplikationen","OPS","OPS-Einschlusskodes für therapiebedürftige zugangsassoziierte Gefäßkomplikation","5384.e2%","5384.e2%"
"DeQS_KCHK-KC-KOMB_EJ-2025_QIDB-RR-P_V01_2024-02-23.pdf","OPS_HCH_Komplikationen_Gefaesskomplikationen","OPS","OPS-Einschlusskodes für therapiebedürftige zugangsassoziierte Gefäßkomplikation","5384.ex%","5384.ex%"
"DeQS_KCHK-KC-KOMB_EJ-2025_QIDB-RR-P_V01_2024-02-23.pdf","OPS_HCH_Komplikationen_Gefaesskomplikationen","OPS","OPS-Einschlusskodes für therapiebedürftige zugangsassoziierte Gefäßkomplikation","5384.f1%","5384.f1%"
"DeQS_KCHK-KC-KOMB_EJ-2025_QIDB-RR-P_V01_2024-02-23.pdf","OPS_HCH_Komplikationen_Gefaesskomplikationen","OPS","OPS-Einschlusskodes für therapiebedürftige zugangsassoziierte Gefäßkomplikation","5384.f2%","5384.f2%"
"DeQS_KCHK-KC-KOMB_EJ-2025_QIDB-RR-P_V01_2024-02-23.pdf","OPS_HCH_Komplikationen_Gefaesskomplikationen","OPS","OPS-Einschlusskodes für therapiebedürftige zugangsassoziierte Gefäßkomplikation","5384.fx%","5384.fx%"
"DeQS_KCHK-KC-KOMB_EJ-2025_QIDB-RR-P_V01_2024-02-23.pdf","OPS_HCH_Komplikationen_Gefaesskomplikationen","OPS","OPS-Einschlusskodes für therapiebedürftige zugangsassoziierte Gefäßkomplikation","5388.11%","5388.11%"
"DeQS_KCHK-KC-KOMB_EJ-2025_QIDB-RR-P_V01_2024-02-23.pdf","OPS_HCH_Komplikationen_Gefaesskomplikationen","OPS","OPS-Einschlusskodes für therapiebedürftige zugangsassoziierte Gefäßkomplikation","5388.12%","5388.12%"
"DeQS_KCHK-KC-KOMB_EJ-2025_QIDB-RR-P_V01_2024-02-23.pdf","OPS_HCH_Komplikationen_Gefaesskomplikationen","OPS","OPS-Einschlusskodes für therapiebedürftige zugangsassoziierte Gefäßkomplikation","5388.30%","5388.30%"
"DeQS_KCHK-KC-KOMB_EJ-2025_QIDB-RR-P_V01_2024-02-23.pdf","OPS_HCH_Komplikationen_Gefaesskomplikationen","OPS","OPS-Einschlusskodes für therapiebedürftige zugangsassoziierte Gefäßkomplikation","5388.70%","5388.70%"
"DeQS_KCHK-KC-KOMB_EJ-2025_QIDB-RR-P_V01_2024-02-23.pdf","OPS_HCH_Komplikationen_Gefaesskomplikationen","OPS","OPS-Einschlusskodes für therapiebedürftige zugangsassoziierte Gefäßkomplikation","5388.72%","5388.72%"
"DeQS_KCHK-KC-KOMB_EJ-2025_QIDB-RR-P_V01_2024-02-23.pdf","OPS_HCH_Komplikationen_Gefaesskomplikationen","OPS","OPS-Einschlusskodes für therapiebedürftige zugangsassoziierte Gefäßkomplikation","5388.91%","5388.91%"
"DeQS_KCHK-KC-KOMB_EJ-2025_QIDB-RR-P_V01_2024-02-23.pdf","OPS_HCH_Komplikationen_Gefaesskomplikationen","OPS","OPS-Einschlusskodes für therapiebedürftige zugangsassoziierte Gefäßkomplikation","5388.96%","5388.96%"
"DeQS_KCHK-KC-KOMB_EJ-2025_QIDB-RR-P_V01_2024-02-23.pdf","OPS_HCH_Komplikationen_Gefaesskomplikationen","OPS","OPS-Einschlusskodes für therapiebedürftige zugangsassoziierte Gefäßkomplikation","5388.99%","5388.99%"
"DeQS_KCHK-KC-KOMB_EJ-2025_QIDB-RR-P_V01_2024-02-23.pdf","OPS_HCH_Komplikationen_Gefaesskomplikationen","OPS","OPS-Einschlusskodes für therapiebedürftige zugangsassoziierte Gefäßkomplikation","5388.9b%","5388.9b%"
"DeQS_KCHK-KC-KOMB_EJ-2025_QIDB-RR-P_V01_2024-02-23.pdf","OPS_HCH_Komplikationen_Gefaesskomplikationen","OPS","OPS-Einschlusskodes für therapiebedürftige zugangsassoziierte Gefäßkomplikation","5389.70%","5389.70%"
"DeQS_KCHK-KC-KOMB_EJ-2025_QIDB-RR-P_V01_2024-02-23.pdf","OPS_HCH_Komplikationen_Gefaesskomplikationen","OPS","OPS-Einschlusskodes für therapiebedürftige zugangsassoziierte Gefäßkomplikation","5389.9b%","5389.9b%"
"DeQS_KCHK-KC-KOMB_EJ-2025_QIDB-RR-P_V01_2024-02-23.pdf","OPS_HCH_Komplikationen_Gefaesskomplikationen","OPS","OPS-Einschlusskodes für therapiebedürftige zugangsassoziierte Gefäßkomplikation","5395.70%","5395.70%"
"DeQS_KCHK-KC-KOMB_EJ-2025_QIDB-RR-P_V01_2024-02-23.pdf","OPS_HCH_Komplikationen_Gefaesskomplikationen","OPS","OPS-Einschlusskodes für therapiebedürftige zugangsassoziierte Gefäßkomplikation","5395.71%","5395.71%"
"DeQS_KCHK-KC-KOMB_EJ-2025_QIDB-RR-P_V01_2024-02-23.pdf","OPS_HCH_Komplikationen_Gefaesskomplikationen","OPS","OPS-Einschlusskodes für therapiebedürftige zugangsassoziierte Gefäßkomplikation","5395.96%","5395.96%"
"DeQS_KCHK-KC-KOMB_EJ-2025_QIDB-RR-P_V01_2024-02-23.pdf","OPS_HCH_Komplikationen_Gefaesskomplikationen","OPS","OPS-Einschlusskodes für therapiebedürftige zugangsassoziierte Gefäßkomplikation","5395.97%","5395.97%"
"DeQS_KCHK-KC-KOMB_EJ-2025_QIDB-RR-P_V01_2024-02-23.pdf","OPS_HCH_Komplikationen_Gefaesskomplikationen","OPS","OPS-Einschlusskodes für therapiebedürftige zugangsassoziierte Gefäßkomplikation","5397.70%","5397.70%"
"DeQS_KCHK-KC-KOMB_EJ-2025_QIDB-RR-P_V01_2024-02-23.pdf","OPS_HCH_Komplikationen_Gefaesskomplikationen","OPS","OPS-Einschlusskodes für therapiebedürftige zugangsassoziierte Gefäßkomplikation","5397.72%","5397.72%"
"DeQS_KCHK-KC-KOMB_EJ-2025_QIDB-RR-P_V01_2024-02-23.pdf","OPS_HCH_Komplikationen_Gefaesskomplikationen","OPS","OPS-Einschlusskodes für therapiebedürftige zugangsassoziierte Gefäßkomplikation","5397.97%","5397.97%"
"DeQS_KCHK-KC-KOMB_EJ-2025_QIDB-RR-P_V01_2024-02-23.pdf","OPS_HCH_Komplikationen_Gefaesskomplikationen","OPS","OPS-Einschlusskodes für therapiebedürftige zugangsassoziierte Gefäßkomplikation","5399.1%","5399.1%"
"DeQS_KCHK-KC-KOMB_EJ-2025_QIDB-RR-P_V01_2024-02-23.pdf","OPS_HCH_Komplikationen_Gefaesskomplikationen","OPS","OPS-Einschlusskodes für therapiebedürftige zugangsassoziierte Gefäßkomplikation","8836.02%","8836.02%"
"DeQS_KCHK-KC-KOMB_EJ-2025_QIDB-RR-P_V01_2024-02-23.pdf","OPS_HCH_Komplikationen_Gefaesskomplikationen","OPS","OPS-Einschlusskodes für therapiebedürftige zugangsassoziierte Gefäßkomplikation","8836.y%","8836.y%"
"DeQS_KCHK-KC-KOMB_EJ-2025_QIDB-RR-P_V01_2024-02-23.pdf","OPS_HCH_Komplikationen_Gefaesskomplikationen","OPS","OPS-Einschlusskodes für therapiebedürftige zugangsassoziierte Gefäßkomplikation","8842.02%","8842.02%"
"DeQS_KCHK-KC-KOMB_EJ-2025_QIDB-RR-P_V01_2024-02-23.pdf","OPS_HCH_Komplikationen_Infektionen","OPS","OPS-Einschlusskodes für therapiebedürftige zugangsassoziierte Infektion","5343.0%","5343.0%"
"DeQS_KCHK-KC-KOMB_EJ-2025_QIDB-RR-P_V01_2024-02-23.pdf","OPS_HCH_Komplikationen_Infektionen","OPS","OPS-Einschlusskodes für therapiebedürftige zugangsassoziierte Infektion","5343.1%","5343.1%"
"DeQS_KCHK-KC-KOMB_EJ-2025_QIDB-RR-P_V01_2024-02-23.pdf","OPS_HCH_Komplikationen_Infektionen","OPS","OPS-Einschlusskodes für therapiebedürftige zugangsassoziierte Infektion","5343.2%","5343.2%"
"DeQS_KCHK-KC-KOMB_EJ-2025_QIDB-RR-P_V01_2024-02-23.pdf","OPS_HCH_Komplikationen_Infektionen","OPS","OPS-Einschlusskodes für therapiebedürftige zugangsassoziierte Infektion","5343.3%","5343.3%"
"DeQS_KCHK-KC-KOMB_EJ-2025_QIDB-RR-P_V01_2024-02-23.pdf","OPS_HCH_Komplikationen_Infektionen","OPS","OPS-Einschlusskodes für therapiebedürftige zugangsassoziierte Infektion","5343.4%","5343.4%"
"DeQS_KCHK-KC-KOMB_EJ-2025_QIDB-RR-P_V01_2024-02-23.pdf","OPS_HCH_Komplikationen_Infektionen","OPS","OPS-Einschlusskodes für therapiebedürftige zugangsassoziierte Infektion","5343.5%","5343.5%"
"DeQS_KCHK-KC-KOMB_EJ-2025_QIDB-RR-P_V01_2024-02-23.pdf","OPS_HCH_Komplikationen_Infektionen","OPS","OPS-Einschlusskodes für therapiebedürftige zugangsassoziierte Infektion","5343.6%","5343.6%"
"DeQS_KCHK-KC-KOMB_EJ-2025_QIDB-RR-P_V01_2024-02-23.pdf","OPS_HCH_Komplikationen_Infektionen","OPS","OPS-Einschlusskodes für therapiebedürftige zugangsassoziierte Infektion","5343.7%","5343.7%"
"DeQS_KCHK-KC-KOMB_EJ-2025_QIDB-RR-P_V01_2024-02-23.pdf","OPS_HCH_Komplikationen_Infektionen","OPS","OPS-Einschlusskodes für therapiebedürftige zugangsassoziierte Infektion","5343.x%","5343.x%"
"DeQS_KCHK-KC-KOMB_EJ-2025_QIDB-RR-P_V01_2024-02-23.pdf","OPS_HCH_Komplikationen_Infektionen","OPS","OPS-Einschlusskodes für therapiebedürftige zugangsassoziierte Infektion","5343.y%","5343.y%"
"DeQS_KCHK-KC-KOMB_EJ-2025_QIDB-RR-P_V01_2024-02-23.pdf","OPS_HCH_Komplikationen_Infektionen","OPS","OPS-Einschlusskodes für therapiebedürftige zugangsassoziierte Infektion","5346.60%","5346.60%"
"DeQS_KCHK-KC-KOMB_EJ-2025_QIDB-RR-P_V01_2024-02-23.pdf","OPS_HCH_Komplikationen_Infektionen","OPS","OPS-Einschlusskodes für therapiebedürftige zugangsassoziierte Infektion","5346.61%","5346.61%"
"DeQS_KCHK-KC-KOMB_EJ-2025_QIDB-RR-P_V01_2024-02-23.pdf","OPS_HCH_Komplikationen_Infektionen","OPS","OPS-Einschlusskodes für therapiebedürftige zugangsassoziierte Infektion","5346.62%","5346.62%"
"DeQS_KCHK-KC-KOMB_EJ-2025_QIDB-RR-P_V01_2024-02-23.pdf","OPS_HCH_Komplikationen_Infektionen","OPS","OPS-Einschlusskodes für therapiebedürftige zugangsassoziierte Infektion","5346.63%","5346.63%"
"DeQS_KCHK-KC-KOMB_EJ-2025_QIDB-RR-P_V01_2024-02-23.pdf","OPS_HCH_Komplikationen_Infektionen","OPS","OPS-Einschlusskodes für therapiebedürftige zugangsassoziierte Infektion","5346.6x%","5346.6x%"
"DeQS_KCHK-KC-KOMB_EJ-2025_QIDB-RR-P_V01_2024-02-23.pdf","OPS_HCH_Komplikationen_Infektionen","OPS","OPS-Einschlusskodes für therapiebedürftige zugangsassoziierte Infektion","5346.80%","5346.80%"
"DeQS_KCHK-KC-KOMB_EJ-2025_QIDB-RR-P_V01_2024-02-23.pdf","OPS_HCH_Komplikationen_Infektionen","OPS","OPS-Einschlusskodes für therapiebedürftige zugangsassoziierte Infektion","5346.81%","5346.81%"
"DeQS_KCHK-KC-KOMB_EJ-2025_QIDB-RR-P_V01_2024-02-23.pdf","OPS_HCH_Komplikationen_Infektionen","OPS","OPS-Einschlusskodes für therapiebedürftige zugangsassoziierte Infektion","5346.8x%","5346.8x%"
"DeQS_KCHK-KC-KOMB_EJ-2025_QIDB-RR-P_V01_2024-02-23.pdf","OPS_HCH_Komplikationen_Infektionen","OPS","OPS-Einschlusskodes für therapiebedürftige zugangsassoziierte Infektion","5346.b%","5346.b%"
"DeQS_KCHK-KC-KOMB_EJ-2025_QIDB-RR-P_V01_2024-02-23.pdf","OPS_HCH_Komplikationen_Infektionen","OPS","OPS-Einschlusskodes für therapiebedürftige zugangsassoziierte Infektion","5349.1%","5349.1%"
"DeQS_KCHK-KC-KOMB_EJ-2025_QIDB-RR-P_V01_2024-02-23.pdf","OPS_HCH_Komplikationen_Infektionen","OPS","OPS-Einschlusskodes für therapiebedürftige zugangsassoziierte Infektion","5349.2%","5349.2%"
"DeQS_KCHK-KC-KOMB_EJ-2025_QIDB-RR-P_V01_2024-02-23.pdf","OPS_HCH_Komplikationen_Infektionen","OPS","OPS-Einschlusskodes für therapiebedürftige zugangsassoziierte Infektion","5894.0c%","5894.0c%"
"DeQS_KCHK-KC-KOMB_EJ-2025_QIDB-RR-P_V01_2024-02-23.pdf","OPS_HCH_Komplikationen_Infektionen","OPS","OPS-Einschlusskodes für therapiebedürftige zugangsassoziierte Infektion","5894.1c%","5894.1c%"
"DeQS_KCHK-KC-KOMB_EJ-2025_QIDB-RR-P_V01_2024-02-23.pdf","OPS_HCH_Komplikationen_Infektionen","OPS","OPS-Einschlusskodes für therapiebedürftige zugangsassoziierte Infektion","5895.2c%","5895.2c%"
"DeQS_KCHK-KC-KOMB_EJ-2025_QIDB-RR-P_V01_2024-02-23.pdf","OPS_HCH_Komplikationen_Infektionen","OPS","OPS-Einschlusskodes für therapiebedürftige zugangsassoziierte Infektion","5896.0c%","5896.0c%"
"DeQS_KCHK-KC-KOMB_EJ-2025_QIDB-RR-P_V01_2024-02-23.pdf","OPS_HCH_Komplikationen_Infektionen","OPS","OPS-Einschlusskodes für therapiebedürftige zugangsassoziierte Infektion","5896.1c%","5896.1c%"
"DeQS_KCHK-KC-KOMB_EJ-2025_QIDB-RR-P_V01_2024-02-23.pdf","OPS_HCH_Komplikationen_Infektionen","OPS","OPS-Einschlusskodes für therapiebedürftige zugangsassoziierte Infektion","5896.26%","5896.26%"
"DeQS_KCHK-KC-KOMB_EJ-2025_QIDB-RR-P_V01_2024-02-23.pdf","OPS_HCH_Komplikationen_Infektionen","OPS","OPS-Einschlusskodes für therapiebedürftige zugangsassoziierte Infektion","5896.2c%","5896.2c%"
"DeQS_KCHK-KC-KOMB_EJ-2025_QIDB-RR-P_V01_2024-02-23.pdf","OPS_HCH_Komplikationen_Infektionen","OPS","OPS-Einschlusskodes für therapiebedürftige zugangsassoziierte Infektion","5916.a2%","5916.a2%"
"DeQS_KCHK-KC-KOMB_EJ-2025_QIDB-RR-P_V01_2024-02-23.pdf","OPS_HCH_Komplikationen_mechanisch","OPS","OPS-Einschlusskodes für mechanische Komplikation durch eingebrachtes Fremdmaterial oder paravulväre Leckage","5354.13%","5354.13%"
"DeQS_KCHK-KC-KOMB_EJ-2025_QIDB-RR-P_V01_2024-02-23.pdf","OPS_HCH_Komplikationen_mechanisch","OPS","OPS-Einschlusskodes für mechanische Komplikation durch eingebrachtes Fremdmaterial oder paravulväre Leckage","5354.1x%","5354.1x%"
"DeQS_KCHK-KC-KOMB_EJ-2025_QIDB-RR-P_V01_2024-02-23.pdf","OPS_HCH_MK_Erneut","OPS","OPS-Einschlusskodes für erneuten Mitralklappeneingriff","5350.2%","5350.2%"
"DeQS_KCHK-KC-KOMB_EJ-2025_QIDB-RR-P_V01_2024-02-23.pdf","OPS_HCH_MK_Erneut","OPS","OPS-Einschlusskodes für erneuten Mitralklappeneingriff","5350.3%","5350.3%"
"DeQS_KCHK-KC-KOMB_EJ-2025_QIDB-RR-P_V01_2024-02-23.pdf","OPS_HCH_MK_Erneut","OPS","OPS-Einschlusskodes für erneuten Mitralklappeneingriff","5351.11%","5351.11%"
"DeQS_KCHK-KC-KOMB_EJ-2025_QIDB-RR-P_V01_2024-02-23.pdf","OPS_HCH_MK_Erneut","OPS","OPS-Einschlusskodes für erneuten Mitralklappeneingriff","5351.12%","5351.12%"
"DeQS_KCHK-KC-KOMB_EJ-2025_QIDB-RR-P_V01_2024-02-23.pdf","OPS_HCH_MK_Erneut","OPS","OPS-Einschlusskodes für erneuten Mitralklappeneingriff","5351.13%","5351.13%"
"DeQS_KCHK-KC-KOMB_EJ-2025_QIDB-RR-P_V01_2024-02-23.pdf","OPS_HCH_MK_Erneut","OPS","OPS-Einschlusskodes für erneuten Mitralklappeneingriff","5351.14%","5351.14%"
"DeQS_KCHK-KC-KOMB_EJ-2025_QIDB-RR-P_V01_2024-02-23.pdf","OPS_HCH_MK_Erneut","OPS","OPS-Einschlusskodes für erneuten Mitralklappeneingriff","5351.1x%","5351.1x%"
"DeQS_KCHK-KC-KOMB_EJ-2025_QIDB-RR-P_V01_2024-02-23.pdf","OPS_HCH_MK_Erneut","OPS","OPS-Einschlusskodes für erneuten Mitralklappeneingriff","5351.21%","5351.21%"
"DeQS_KCHK-KC-KOMB_EJ-2025_QIDB-RR-P_V01_2024-02-23.pdf","OPS_HCH_MK_Erneut","OPS","OPS-Einschlusskodes für erneuten Mitralklappeneingriff","5351.22%","5351.22%"
"DeQS_KCHK-KC-KOMB_EJ-2025_QIDB-RR-P_V01_2024-02-23.pdf","OPS_HCH_MK_Erneut","OPS","OPS-Einschlusskodes für erneuten Mitralklappeneingriff","5351.23%","5351.23%"
"DeQS_KCHK-KC-KOMB_EJ-2025_QIDB-RR-P_V01_2024-02-23.pdf","OPS_HCH_MK_Erneut","OPS","OPS-Einschlusskodes für erneuten Mitralklappeneingriff","5351.24%","5351.24%"
"DeQS_KCHK-KC-KOMB_EJ-2025_QIDB-RR-P_V01_2024-02-23.pdf","OPS_HCH_MK_Erneut","OPS","OPS-Einschlusskodes für erneuten Mitralklappeneingriff","5351.2x%","5351.2x%"
"DeQS_KCHK-KC-KOMB_EJ-2025_QIDB-RR-P_V01_2024-02-23.pdf","OPS_HCH_MK_Erneut","OPS","OPS-Einschlusskodes für erneuten Mitralklappeneingriff","5352.10%","5352.10%"
"DeQS_KCHK-KC-KOMB_EJ-2025_QIDB-RR-P_V01_2024-02-23.pdf","OPS_HCH_MK_Erneut","OPS","OPS-Einschlusskodes für erneuten Mitralklappeneingriff","5352.11%","5352.11%"
"DeQS_KCHK-KC-KOMB_EJ-2025_QIDB-RR-P_V01_2024-02-23.pdf","OPS_HCH_MK_Erneut","OPS","OPS-Einschlusskodes für erneuten Mitralklappeneingriff","5352.12%","5352.12%"
"DeQS_KCHK-KC-KOMB_EJ-2025_QIDB-RR-P_V01_2024-02-23.pdf","OPS_HCH_MK_Erneut","OPS","OPS-Einschlusskodes für erneuten Mitralklappeneingriff","5352.13%","5352.13%"
"DeQS_KCHK-KC-KOMB_EJ-2025_QIDB-RR-P_V01_2024-02-23.pdf","OPS_HCH_MK_Erneut","OPS","OPS-Einschlusskodes für erneuten Mitralklappeneingriff","5352.1x%","5352.1x%"
"DeQS_KCHK-KC-KOMB_EJ-2025_QIDB-RR-P_V01_2024-02-23.pdf","OPS_HCH_MK_Erneut","OPS","OPS-Einschlusskodes für erneuten Mitralklappeneingriff","5353.1%","5353.1%"
"DeQS_KCHK-KC-KOMB_EJ-2025_QIDB-RR-P_V01_2024-02-23.pdf","OPS_HCH_PCI_Erneut","OPS","OPS-Einschlusskodes für PCI","8837.00%","8837.00%"
"DeQS_KCHK-KC-KOMB_EJ-2025_QIDB-RR-P_V01_2024-02-23.pdf","OPS_HCH_PCI_Erneut","OPS","OPS-Einschlusskodes für PCI","8837.01%","8837.01%"
"DeQS_KCHK-KC-KOMB_EJ-2025_QIDB-RR-P_V01_2024-02-23.pdf","OPS_HCH_PCI_Erneut","OPS","OPS-Einschlusskodes für PCI","8837.10%","8837.10%"
"DeQS_KCHK-KC-KOMB_EJ-2025_QIDB-RR-P_V01_2024-02-23.pdf","OPS_HCH_PCI_Erneut","OPS","OPS-Einschlusskodes für PCI","8837.11%","8837.11%"
"DeQS_KCHK-KC-KOMB_EJ-2025_QIDB-RR-P_V01_2024-02-23.pdf","OPS_HCH_PCI_Erneut","OPS","OPS-Einschlusskodes für PCI","8837.20%","8837.20%"
"DeQS_KCHK-KC-KOMB_EJ-2025_QIDB-RR-P_V01_2024-02-23.pdf","OPS_HCH_PCI_Erneut","OPS","OPS-Einschlusskodes für PCI","8837.21%","8837.21%"
"DeQS_KCHK-KC-KOMB_EJ-2025_QIDB-RR-P_V01_2024-02-23.pdf","OPS_HCH_PCI_Erneut","OPS","OPS-Einschlusskodes für PCI","8837.50%","8837.50%"
"DeQS_KCHK-KC-KOMB_EJ-2025_QIDB-RR-P_V01_2024-02-23.pdf","OPS_HCH_PCI_Erneut","OPS","OPS-Einschlusskodes für PCI","8837.51%","8837.51%"
"DeQS_KCHK-KC-KOMB_EJ-2025_QIDB-RR-P_V01_2024-02-23.pdf","OPS_HCH_PCI_Erneut","OPS","OPS-Einschlusskodes für PCI","8837.60%","8837.60%"
"DeQS_KCHK-KC-KOMB_EJ-2025_QIDB-RR-P_V01_2024-02-23.pdf","OPS_HCH_PCI_Erneut","OPS","OPS-Einschlusskodes für PCI","8837.61%","8837.61%"
"DeQS_KCHK-KC-KOMB_EJ-2025_QIDB-RR-P_V01_2024-02-23.pdf","OPS_HCH_PCI_Erneut","OPS","OPS-Einschlusskodes für PCI","8837.8%","8837.8%"
"DeQS_KCHK-KC-KOMB_EJ-2025_QIDB-RR-P_V01_2024-02-23.pdf","OPS_HCH_PCI_Erneut","OPS","OPS-Einschlusskodes für PCI","8837.9%","8837.9%"
"DeQS_KCHK-KC-KOMB_EJ-2025_QIDB-RR-P_V01_2024-02-23.pdf","OPS_HCH_PCI_Erneut","OPS","OPS-Einschlusskodes für PCI","8837.k0%","8837.k0%"
"DeQS_KCHK-KC-KOMB_EJ-2025_QIDB-RR-P_V01_2024-02-23.pdf","OPS_HCH_PCI_Erneut","OPS","OPS-Einschlusskodes für PCI","8837.k3%","8837.k3%"
"DeQS_KCHK-KC-KOMB_EJ-2025_QIDB-RR-P_V01_2024-02-23.pdf","OPS_HCH_PCI_Erneut","OPS","OPS-Einschlusskodes für PCI","8837.k4%","8837.k4%"
"DeQS_KCHK-KC-KOMB_EJ-2025_QIDB-RR-P_V01_2024-02-23.pdf","OPS_HCH_PCI_Erneut","OPS","OPS-Einschlusskodes für PCI","8837.k5%","8837.k5%"
"DeQS_KCHK-KC-KOMB_EJ-2025_QIDB-RR-P_V01_2024-02-23.pdf","OPS_HCH_PCI_Erneut","OPS","OPS-Einschlusskodes für PCI","8837.k6%","8837.k6%"
"DeQS_KCHK-KC-KOMB_EJ-2025_QIDB-RR-P_V01_2024-02-23.pdf","OPS_HCH_PCI_Erneut","OPS","OPS-Einschlusskodes für PCI","8837.k7%","8837.k7%"
"DeQS_KCHK-KC-KOMB_EJ-2025_QIDB-RR-P_V01_2024-02-23.pdf","OPS_HCH_PCI_Erneut","OPS","OPS-Einschlusskodes für PCI","8837.k8%","8837.k8%"
"DeQS_KCHK-KC-KOMB_EJ-2025_QIDB-RR-P_V01_2024-02-23.pdf","OPS_HCH_PCI_Erneut","OPS","OPS-Einschlusskodes für PCI","8837.k9%","8837.k9%"
"DeQS_KCHK-KC-KOMB_EJ-2025_QIDB-RR-P_V01_2024-02-23.pdf","OPS_HCH_PCI_Erneut","OPS","OPS-Einschlusskodes für PCI","8837.ka%","8837.ka%"
"DeQS_KCHK-KC-KOMB_EJ-2025_QIDB-RR-P_V01_2024-02-23.pdf","OPS_HCH_PCI_Erneut","OPS","OPS-Einschlusskodes für PCI","8837.kb%","8837.kb%"
"DeQS_KCHK-KC-KOMB_EJ-2025_QIDB-RR-P_V01_2024-02-23.pdf","OPS_HCH_PCI_Erneut","OPS","OPS-Einschlusskodes für PCI","8837.kc%","8837.kc%"
"DeQS_KCHK-KC-KOMB_EJ-2025_QIDB-RR-P_V01_2024-02-23.pdf","OPS_HCH_PCI_Erneut","OPS","OPS-Einschlusskodes für PCI","8837.kx%","8837.kx%"
"DeQS_KCHK-KC-KOMB_EJ-2025_QIDB-RR-P_V01_2024-02-23.pdf","OPS_HCH_PCI_Erneut","OPS","OPS-Einschlusskodes für PCI","8837.m0%","8837.m0%"
"DeQS_KCHK-KC-KOMB_EJ-2025_QIDB-RR-P_V01_2024-02-23.pdf","OPS_HCH_PCI_Erneut","OPS","OPS-Einschlusskodes für PCI","8837.m1%","8837.m1%"
"DeQS_KCHK-KC-KOMB_EJ-2025_QIDB-RR-P_V01_2024-02-23.pdf","OPS_HCH_PCI_Erneut","OPS","OPS-Einschlusskodes für PCI","8837.m2%","8837.m2%"
"DeQS_KCHK-KC-KOMB_EJ-2025_QIDB-RR-P_V01_2024-02-23.pdf","OPS_HCH_PCI_Erneut","OPS","OPS-Einschlusskodes für PCI","8837.m3%","8837.m3%"
"DeQS_KCHK-KC-KOMB_EJ-2025_QIDB-RR-P_V01_2024-02-23.pdf","OPS_HCH_PCI_Erneut","OPS","OPS-Einschlusskodes für PCI","8837.m4%","8837.m4%"
"DeQS_KCHK-KC-KOMB_EJ-2025_QIDB-RR-P_V01_2024-02-23.pdf","OPS_HCH_PCI_Erneut","OPS","OPS-Einschlusskodes für PCI","8837.m5%","8837.m5%"
"DeQS_KCHK-KC-KOMB_EJ-2025_QIDB-RR-P_V01_2024-02-23.pdf","OPS_HCH_PCI_Erneut","OPS","OPS-Einschlusskodes für PCI","8837.m6%","8837.m6%"
"DeQS_KCHK-KC-KOMB_EJ-2025_QIDB-RR-P_V01_2024-02-23.pdf","OPS_HCH_PCI_Erneut","OPS","OPS-Einschlusskodes für PCI","8837.m7%","8837.m7%"
"DeQS_KCHK-KC-KOMB_EJ-2025_QIDB-RR-P_V01_2024-02-23.pdf","OPS_HCH_PCI_Erneut","OPS","OPS-Einschlusskodes für PCI","8837.m8%","8837.m8%"
"DeQS_KCHK-KC-KOMB_EJ-2025_QIDB-RR-P_V01_2024-02-23.pdf","OPS_HCH_PCI_Erneut","OPS","OPS-Einschlusskodes für PCI","8837.m9%","8837.m9%"
"DeQS_KCHK-KC-KOMB_EJ-2025_QIDB-RR-P_V01_2024-02-23.pdf","OPS_HCH_PCI_Erneut","OPS","OPS-Einschlusskodes für PCI","8837.ma%","8837.ma%"
"DeQS_KCHK-KC-KOMB_EJ-2025_QIDB-RR-P_V01_2024-02-23.pdf","OPS_HCH_PCI_Erneut","OPS","OPS-Einschlusskodes für PCI","8837.mx%","8837.mx%"
"DeQS_KCHK-KC-KOMB_EJ-2025_QIDB-RR-P_V01_2024-02-23.pdf","OPS_HCH_PCI_Erneut","OPS","OPS-Einschlusskodes für PCI","8837.p%","8837.p%"
"DeQS_KCHK-KC-KOMB_EJ-2025_QIDB-RR-P_V01_2024-02-23.pdf","OPS_HCH_PCI_Erneut","OPS","OPS-Einschlusskodes für PCI","8837.q%","8837.q%"
"DeQS_KCHK-KC-KOMB_EJ-2025_QIDB-RR-P_V01_2024-02-23.pdf","OPS_HCH_PCI_Erneut","OPS","OPS-Einschlusskodes für PCI","8837.t%","8837.t%"
"DeQS_KCHK-KC-KOMB_EJ-2025_QIDB-RR-P_V01_2024-02-23.pdf","OPS_HCH_PCI_Erneut","OPS","OPS-Einschlusskodes für PCI","8837.u%","8837.u%"
"DeQS_KCHK-KC-KOMB_EJ-2025_QIDB-RR-P_V01_2024-02-23.pdf","OPS_HCH_PCI_Erneut","OPS","OPS-Einschlusskodes für PCI","8837.v%","8837.v%"
"DeQS_KCHK-KC-KOMB_EJ-2025_QIDB-RR-P_V01_2024-02-23.pdf","OPS_HCH_PCI_Erneut","OPS","OPS-Einschlusskodes für PCI","8837.w0%","8837.w0%"
"DeQS_KCHK-KC-KOMB_EJ-2025_QIDB-RR-P_V01_2024-02-23.pdf","OPS_HCH_PCI_Erneut","OPS","OPS-Einschlusskodes für PCI","8837.w1%","8837.w1%"
"DeQS_KCHK-KC-KOMB_EJ-2025_QIDB-RR-P_V01_2024-02-23.pdf","OPS_HCH_PCI_Erneut","OPS","OPS-Einschlusskodes für PCI","8837.w2%","8837.w2%"
"DeQS_KCHK-KC-KOMB_EJ-2025_QIDB-RR-P_V01_2024-02-23.pdf","OPS_HCH_PCI_Erneut","OPS","OPS-Einschlusskodes für PCI","8837.w3%","8837.w3%"
"DeQS_KCHK-KC-KOMB_EJ-2025_QIDB-RR-P_V01_2024-02-23.pdf","OPS_HCH_PCI_Erneut","OPS","OPS-Einschlusskodes für PCI","8837.w4%","8837.w4%"
"DeQS_KCHK-KC-KOMB_EJ-2025_QIDB-RR-P_V01_2024-02-23.pdf","OPS_HCH_PCI_Erneut","OPS","OPS-Einschlusskodes für PCI","8837.w5%","8837.w5%"
"DeQS_KCHK-KC-KOMB_EJ-2025_QIDB-RR-P_V01_2024-02-23.pdf","OPS_HCH_PCI_Erneut","OPS","OPS-Einschlusskodes für PCI","8837.w6%","8837.w6%"
"DeQS_KCHK-KC-KOMB_EJ-2025_QIDB-RR-P_V01_2024-02-23.pdf","OPS_HCH_PCI_Erneut","OPS","OPS-Einschlusskodes für PCI","8837.w7%","8837.w7%"
"DeQS_KCHK-KC-KOMB_EJ-2025_QIDB-RR-P_V01_2024-02-23.pdf","OPS_HCH_PCI_Erneut","OPS","OPS-Einschlusskodes für PCI","8837.w8%","8837.w8%"
"DeQS_KCHK-KC-KOMB_EJ-2025_QIDB-RR-P_V01_2024-02-23.pdf","OPS_HCH_PCI_Erneut","OPS","OPS-Einschlusskodes für PCI","8837.w9%","8837.w9%"
"DeQS_KCHK-KC-KOMB_EJ-2025_QIDB-RR-P_V01_2024-02-23.pdf","OPS_HCH_PCI_Erneut","OPS","OPS-Einschlusskodes für PCI","8837.wa%","8837.wa%"
"DeQS_KCHK-KC-KOMB_EJ-2025_QIDB-RR-P_V01_2024-02-23.pdf","OPS_HCH_PCI_Erneut","OPS","OPS-Einschlusskodes für PCI","8837.wx%","8837.wx%"
"DeQS_KCHK-KC-KOMB_EJ-2025_QIDB-RR-P_V01_2024-02-23.pdf","OPS_HCH_PCI_Erneut","OPS","OPS-Einschlusskodes für PCI","8837.x%","8837.x%"
"DeQS_KCHK-KC-KOMB_EJ-2025_QIDB-RR-P_V01_2024-02-23.pdf","OPS_HCH_PCI_Erneut","OPS","OPS-Einschlusskodes für PCI","8837.y%","8837.y%"
"DeQS_KCHK-KC-KOMB_EJ-2025_QIDB-RR-P_V01_2024-02-23.pdf","OPS_HCH_Schlaganfall","OPS","OPS-Einschlusskodes für einen Schlaganfall","8981.0%","8981.0%"
"DeQS_KCHK-KC-KOMB_EJ-2025_QIDB-RR-P_V01_2024-02-23.pdf","OPS_HCH_Schlaganfall","OPS","OPS-Einschlusskodes für einen Schlaganfall","8981.1%","8981.1%"
"DeQS_KCHK-KC-KOMB_EJ-2025_QIDB-RR-P_V01_2024-02-23.pdf","OPS_HCH_Schlaganfall","OPS","OPS-Einschlusskodes für einen Schlaganfall","8981.20%","8981.20%"
"DeQS_KCHK-KC-KOMB_EJ-2025_QIDB-RR-P_V01_2024-02-23.pdf","OPS_HCH_Schlaganfall","OPS","OPS-Einschlusskodes für einen Schlaganfall","8981.21%","8981.21%"
"DeQS_KCHK-KC-KOMB_EJ-2025_QIDB-RR-P_V01_2024-02-23.pdf","OPS_HCH_Schlaganfall","OPS","OPS-Einschlusskodes für einen Schlaganfall","8981.22%","8981.22%"
"DeQS_KCHK-KC-KOMB_EJ-2025_QIDB-RR-P_V01_2024-02-23.pdf","OPS_HCH_Schlaganfall","OPS","OPS-Einschlusskodes für einen Schlaganfall","8981.23%","8981.23%"
"DeQS_KCHK-KC-KOMB_EJ-2025_QIDB-RR-P_V01_2024-02-23.pdf","OPS_HCH_Schlaganfall","OPS","OPS-Einschlusskodes für einen Schlaganfall","8981.30%","8981.30%"
"DeQS_KCHK-KC-KOMB_EJ-2025_QIDB-RR-P_V01_2024-02-23.pdf","OPS_HCH_Schlaganfall","OPS","OPS-Einschlusskodes für einen Schlaganfall","8981.31%","8981.31%"
"DeQS_KCHK-KC-KOMB_EJ-2025_QIDB-RR-P_V01_2024-02-23.pdf","OPS_HCH_Schlaganfall","OPS","OPS-Einschlusskodes für einen Schlaganfall","8981.32%","8981.32%"
"DeQS_KCHK-KC-KOMB_EJ-2025_QIDB-RR-P_V01_2024-02-23.pdf","OPS_HCH_Schlaganfall","OPS","OPS-Einschlusskodes für einen Schlaganfall","8981.33%","8981.33%"
"DeQS_KCHK-KC-KOMB_EJ-2025_QIDB-RR-P_V01_2024-02-23.pdf","OPS_HCH_Schlaganfall","OPS","OPS-Einschlusskodes für einen Schlaganfall","898b.00%","898b.00%"
"DeQS_KCHK-KC-KOMB_EJ-2025_QIDB-RR-P_V01_2024-02-23.pdf","OPS_HCH_Schlaganfall","OPS","OPS-Einschlusskodes für einen Schlaganfall","898b.01%","898b.01%"
"DeQS_KCHK-KC-KOMB_EJ-2025_QIDB-RR-P_V01_2024-02-23.pdf","OPS_HCH_Schlaganfall","OPS","OPS-Einschlusskodes für einen Schlaganfall","898b.1%","898b.1%"
"DeQS_KCHK-KC-KOMB_EJ-2025_QIDB-RR-P_V01_2024-02-23.pdf","OPS_HCH_Schlaganfall","OPS","OPS-Einschlusskodes für einen Schlaganfall","898b.10%","898b.10%"
"DeQS_KCHK-KC-KOMB_EJ-2025_QIDB-RR-P_V01_2024-02-23.pdf","OPS_HCH_Schlaganfall","OPS","OPS-Einschlusskodes für einen Schlaganfall","898b.11%","898b.11%"
"DeQS_KCHK-KC-KOMB_EJ-2025_QIDB-RR-P_V01_2024-02-23.pdf","OPS_HCH_Schlaganfall","OPS","OPS-Einschlusskodes für einen Schlaganfall","898b.20%","898b.20%"
"DeQS_KCHK-KC-KOMB_EJ-2025_QIDB-RR-P_V01_2024-02-23.pdf","OPS_HCH_Schlaganfall","OPS","OPS-Einschlusskodes für einen Schlaganfall","898b.21%","898b.21%"
"DeQS_KCHK-KC-KOMB_EJ-2025_QIDB-RR-P_V01_2024-02-23.pdf","OPS_HCH_Schlaganfall","OPS","OPS-Einschlusskodes für einen Schlaganfall","898b.22%","898b.22%"
"DeQS_KCHK-KC-KOMB_EJ-2025_QIDB-RR-P_V01_2024-02-23.pdf","OPS_HCH_Schlaganfall","OPS","OPS-Einschlusskodes für einen Schlaganfall","898b.23%","898b.23%"
"DeQS_KCHK-KC-KOMB_EJ-2025_QIDB-RR-P_V01_2024-02-23.pdf","OPS_HCH_Schlaganfall","OPS","OPS-Einschlusskodes für einen Schlaganfall","898b.30%","898b.30%"
"DeQS_KCHK-KC-KOMB_EJ-2025_QIDB-RR-P_V01_2024-02-23.pdf","OPS_HCH_Schlaganfall","OPS","OPS-Einschlusskodes für einen Schlaganfall","898b.31%","898b.31%"
"DeQS_KCHK-KC-KOMB_EJ-2025_QIDB-RR-P_V01_2024-02-23.pdf","OPS_HCH_Schlaganfall","OPS","OPS-Einschlusskodes für einen Schlaganfall","898b.32%","898b.32%"
"DeQS_KCHK-KC-KOMB_EJ-2025_QIDB-RR-P_V01_2024-02-23.pdf","OPS_HCH_Schlaganfall","OPS","OPS-Einschlusskodes für einen Schlaganfall","898b.33%","898b.33%"
"DeQS_KCHK-KC-KOMB_EJ-2025_QIDB-RR-P_V01_2024-02-23.pdf","OPS_HCH_TiefeWundheilungsstoerung","OPS","OPS-Einschlusskodes für tiefe Wundheilungsstörung oder Mediastinitis","5342.01%","5342.01%"
"DeQS_KCHK-KC-KOMB_EJ-2025_QIDB-RR-P_V01_2024-02-23.pdf","OPS_HCH_TiefeWundheilungsstoerung","OPS","OPS-Einschlusskodes für tiefe Wundheilungsstörung oder Mediastinitis","5342.02%","5342.02%"
"DeQS_KCHK-KC-KOMB_EJ-2025_QIDB-RR-P_V01_2024-02-23.pdf","OPS_HCH_TiefeWundheilungsstoerung","OPS","OPS-Einschlusskodes für tiefe Wundheilungsstörung oder Mediastinitis","5342.03%","5342.03%"
"DeQS_KCHK-KC-KOMB_EJ-2025_QIDB-RR-P_V01_2024-02-23.pdf","OPS_HCH_TiefeWundheilungsstoerung","OPS","OPS-Einschlusskodes für tiefe Wundheilungsstörung oder Mediastinitis","5342.0x%","5342.0x%"
"DeQS_KCHK-KC-KOMB_EJ-2025_QIDB-RR-P_V01_2024-02-23.pdf","OPS_HCH_TiefeWundheilungsstoerung","OPS","OPS-Einschlusskodes für tiefe Wundheilungsstörung oder Mediastinitis","5342.11%","5342.11%"
"DeQS_KCHK-KC-KOMB_EJ-2025_QIDB-RR-P_V01_2024-02-23.pdf","OPS_HCH_TiefeWundheilungsstoerung","OPS","OPS-Einschlusskodes für tiefe Wundheilungsstörung oder Mediastinitis","5342.12%","5342.12%"
"DeQS_KCHK-KC-KOMB_EJ-2025_QIDB-RR-P_V01_2024-02-23.pdf","OPS_HCH_TiefeWundheilungsstoerung","OPS","OPS-Einschlusskodes für tiefe Wundheilungsstörung oder Mediastinitis","5342.13%","5342.13%"
"DeQS_KCHK-KC-KOMB_EJ-2025_QIDB-RR-P_V01_2024-02-23.pdf","OPS_HCH_TiefeWundheilungsstoerung","OPS","OPS-Einschlusskodes für tiefe Wundheilungsstörung oder Mediastinitis","5342.14%","5342.14%"
"DeQS_KCHK-KC-KOMB_EJ-2025_QIDB-RR-P_V01_2024-02-23.pdf","OPS_HCH_TiefeWundheilungsstoerung","OPS","OPS-Einschlusskodes für tiefe Wundheilungsstörung oder Mediastinitis","5342.15%","5342.15%"
"DeQS_KCHK-KC-KOMB_EJ-2025_QIDB-RR-P_V01_2024-02-23.pdf","OPS_HCH_TiefeWundheilungsstoerung","OPS","OPS-Einschlusskodes für tiefe Wundheilungsstörung oder Mediastinitis","5342.16%","5342.16%"
"DeQS_KCHK-KC-KOMB_EJ-2025_QIDB-RR-P_V01_2024-02-23.pdf","OPS_HCH_TiefeWundheilungsstoerung","OPS","OPS-Einschlusskodes für tiefe Wundheilungsstörung oder Mediastinitis","5342.17%","5342.17%"
"DeQS_KCHK-KC-KOMB_EJ-2025_QIDB-RR-P_V01_2024-02-23.pdf","OPS_HCH_TiefeWundheilungsstoerung","OPS","OPS-Einschlusskodes für tiefe Wundheilungsstörung oder Mediastinitis","5342.18%","5342.18%"
"DeQS_KCHK-KC-KOMB_EJ-2025_QIDB-RR-P_V01_2024-02-23.pdf","OPS_HCH_TiefeWundheilungsstoerung","OPS","OPS-Einschlusskodes für tiefe Wundheilungsstörung oder Mediastinitis","5342.19%","5342.19%"
"DeQS_KCHK-KC-KOMB_EJ-2025_QIDB-RR-P_V01_2024-02-23.pdf","OPS_HCH_TiefeWundheilungsstoerung","OPS","OPS-Einschlusskodes für tiefe Wundheilungsstörung oder Mediastinitis","5342.1x%","5342.1x%"
"DeQS_KCHK-KC-KOMB_EJ-2025_QIDB-RR-P_V01_2024-02-23.pdf","OPS_HCH_TiefeWundheilungsstoerung","OPS","OPS-Einschlusskodes für tiefe Wundheilungsstörung oder Mediastinitis","5342.2%","5342.2%"
"DeQS_KCHK-KC-KOMB_EJ-2025_QIDB-RR-P_V01_2024-02-23.pdf","OPS_HCH_TiefeWundheilungsstoerung","OPS","OPS-Einschlusskodes für tiefe Wundheilungsstörung oder Mediastinitis","5342.x%","5342.x%"
"DeQS_KCHK-KC-KOMB_EJ-2025_QIDB-RR-P_V01_2024-02-23.pdf","OPS_HCH_TiefeWundheilungsstoerung","OPS","OPS-Einschlusskodes für tiefe Wundheilungsstörung oder Mediastinitis","5342.y%","5342.y%"
"DeQS_KCHK-KC-KOMB_EJ-2025_QIDB-RR-P_V01_2024-02-23.pdf","OPS_HCH_TiefeWundheilungsstoerung","OPS","OPS-Einschlusskodes für tiefe Wundheilungsstörung oder Mediastinitis","5343.0%","5343.0%"
"DeQS_KCHK-KC-KOMB_EJ-2025_QIDB-RR-P_V01_2024-02-23.pdf","OPS_HCH_TiefeWundheilungsstoerung","OPS","OPS-Einschlusskodes für tiefe Wundheilungsstörung oder Mediastinitis","5343.1%","5343.1%"
"DeQS_KCHK-KC-KOMB_EJ-2025_QIDB-RR-P_V01_2024-02-23.pdf","OPS_HCH_TiefeWundheilungsstoerung","OPS","OPS-Einschlusskodes für tiefe Wundheilungsstörung oder Mediastinitis","5343.2%","5343.2%"
"DeQS_KCHK-KC-KOMB_EJ-2025_QIDB-RR-P_V01_2024-02-23.pdf","OPS_HCH_TiefeWundheilungsstoerung","OPS","OPS-Einschlusskodes für tiefe Wundheilungsstörung oder Mediastinitis","5343.3%","5343.3%"
"DeQS_KCHK-KC-KOMB_EJ-2025_QIDB-RR-P_V01_2024-02-23.pdf","OPS_HCH_TiefeWundheilungsstoerung","OPS","OPS-Einschlusskodes für tiefe Wundheilungsstörung oder Mediastinitis","5343.4%","5343.4%"
"DeQS_KCHK-KC-KOMB_EJ-2025_QIDB-RR-P_V01_2024-02-23.pdf","OPS_HCH_TiefeWundheilungsstoerung","OPS","OPS-Einschlusskodes für tiefe Wundheilungsstörung oder Mediastinitis","5343.5%","5343.5%"
"DeQS_KCHK-KC-KOMB_EJ-2025_QIDB-RR-P_V01_2024-02-23.pdf","OPS_HCH_TiefeWundheilungsstoerung","OPS","OPS-Einschlusskodes für tiefe Wundheilungsstörung oder Mediastinitis","5343.6%","5343.6%"
"DeQS_KCHK-KC-KOMB_EJ-2025_QIDB-RR-P_V01_2024-02-23.pdf","OPS_HCH_TiefeWundheilungsstoerung","OPS","OPS-Einschlusskodes für tiefe Wundheilungsstörung oder Mediastinitis","5343.7%","5343.7%"
"DeQS_KCHK-KC-KOMB_EJ-2025_QIDB-RR-P_V01_2024-02-23.pdf","OPS_HCH_TiefeWundheilungsstoerung","OPS","OPS-Einschlusskodes für tiefe Wundheilungsstörung oder Mediastinitis","5343.x%","5343.x%"
"DeQS_KCHK-KC-KOMB_EJ-2025_QIDB-RR-P_V01_2024-02-23.pdf","OPS_HCH_TiefeWundheilungsstoerung","OPS","OPS-Einschlusskodes für tiefe Wundheilungsstörung oder Mediastinitis","5343.y%","5343.y%"
"DeQS_KCHK-KC-KOMB_EJ-2025_QIDB-RR-P_V01_2024-02-23.pdf","OPS_HCH_TiefeWundheilungsstoerung","OPS","OPS-Einschlusskodes für tiefe Wundheilungsstörung oder Mediastinitis","5346.6%","5346.6%"
"DeQS_KCHK-KC-KOMB_EJ-2025_QIDB-RR-P_V01_2024-02-23.pdf","OPS_HCH_TiefeWundheilungsstoerung","OPS","OPS-Einschlusskodes für tiefe Wundheilungsstörung oder Mediastinitis","5346.60%","5346.60%"
"DeQS_KCHK-KC-KOMB_EJ-2025_QIDB-RR-P_V01_2024-02-23.pdf","OPS_HCH_TiefeWundheilungsstoerung","OPS","OPS-Einschlusskodes für tiefe Wundheilungsstörung oder Mediastinitis","5346.61%","5346.61%"
"DeQS_KCHK-KC-KOMB_EJ-2025_QIDB-RR-P_V01_2024-02-23.pdf","OPS_HCH_TiefeWundheilungsstoerung","OPS","OPS-Einschlusskodes für tiefe Wundheilungsstörung oder Mediastinitis","5346.62%","5346.62%"
"DeQS_KCHK-KC-KOMB_EJ-2025_QIDB-RR-P_V01_2024-02-23.pdf","OPS_HCH_TiefeWundheilungsstoerung","OPS","OPS-Einschlusskodes für tiefe Wundheilungsstörung oder Mediastinitis","5346.63%","5346.63%"
"DeQS_KCHK-KC-KOMB_EJ-2025_QIDB-RR-P_V01_2024-02-23.pdf","OPS_HCH_TiefeWundheilungsstoerung","OPS","OPS-Einschlusskodes für tiefe Wundheilungsstörung oder Mediastinitis","5346.6x%","5346.6x%"
"DeQS_KCHK-KC-KOMB_EJ-2025_QIDB-RR-P_V01_2024-02-23.pdf","OPS_HCH_TiefeWundheilungsstoerung","OPS","OPS-Einschlusskodes für tiefe Wundheilungsstörung oder Mediastinitis","5346.8%","5346.8%"
"DeQS_KCHK-KC-KOMB_EJ-2025_QIDB-RR-P_V01_2024-02-23.pdf","OPS_HCH_TiefeWundheilungsstoerung","OPS","OPS-Einschlusskodes für tiefe Wundheilungsstörung oder Mediastinitis","5346.80%","5346.80%"
"DeQS_KCHK-KC-KOMB_EJ-2025_QIDB-RR-P_V01_2024-02-23.pdf","OPS_HCH_TiefeWundheilungsstoerung","OPS","OPS-Einschlusskodes für tiefe Wundheilungsstörung oder Mediastinitis","5346.81%","5346.81%"
"DeQS_KCHK-KC-KOMB_EJ-2025_QIDB-RR-P_V01_2024-02-23.pdf","OPS_HCH_TiefeWundheilungsstoerung","OPS","OPS-Einschlusskodes für tiefe Wundheilungsstörung oder Mediastinitis","5346.8x%","5346.8x%"
"DeQS_KCHK-KC-KOMB_EJ-2025_QIDB-RR-P_V01_2024-02-23.pdf","OPS_HCH_TiefeWundheilungsstoerung","OPS","OPS-Einschlusskodes für tiefe Wundheilungsstörung oder Mediastinitis","5346.b%","5346.b%"
"DeQS_KCHK-KC-KOMB_EJ-2025_QIDB-RR-P_V01_2024-02-23.pdf","OPS_HCH_TiefeWundheilungsstoerung","OPS","OPS-Einschlusskodes für tiefe Wundheilungsstörung oder Mediastinitis","5346.c0%","5346.c0%"
"DeQS_KCHK-KC-KOMB_EJ-2025_QIDB-RR-P_V01_2024-02-23.pdf","OPS_HCH_TiefeWundheilungsstoerung","OPS","OPS-Einschlusskodes für tiefe Wundheilungsstörung oder Mediastinitis","5346.c1%","5346.c1%"
"DeQS_KCHK-KC-KOMB_EJ-2025_QIDB-RR-P_V01_2024-02-23.pdf","OPS_HCH_TiefeWundheilungsstoerung","OPS","OPS-Einschlusskodes für tiefe Wundheilungsstörung oder Mediastinitis","5346.c2%","5346.c2%"
"DeQS_KCHK-KC-KOMB_EJ-2025_QIDB-RR-P_V01_2024-02-23.pdf","OPS_HCH_TiefeWundheilungsstoerung","OPS","OPS-Einschlusskodes für tiefe Wundheilungsstörung oder Mediastinitis","5346.c3%","5346.c3%"
"DeQS_KCHK-KC-KOMB_EJ-2025_QIDB-RR-P_V01_2024-02-23.pdf","OPS_HCH_TiefeWundheilungsstoerung","OPS","OPS-Einschlusskodes für tiefe Wundheilungsstörung oder Mediastinitis","5346.cx%","5346.cx%"
"DeQS_KCHK-KC-KOMB_EJ-2025_QIDB-RR-P_V01_2024-02-23.pdf","OPS_HCH_TiefeWundheilungsstoerung","OPS","OPS-Einschlusskodes für tiefe Wundheilungsstörung oder Mediastinitis","5346.d0%","5346.d0%"
"DeQS_KCHK-KC-KOMB_EJ-2025_QIDB-RR-P_V01_2024-02-23.pdf","OPS_HCH_TiefeWundheilungsstoerung","OPS","OPS-Einschlusskodes für tiefe Wundheilungsstörung oder Mediastinitis","5346.d1%","5346.d1%"
"DeQS_KCHK-KC-KOMB_EJ-2025_QIDB-RR-P_V01_2024-02-23.pdf","OPS_HCH_TiefeWundheilungsstoerung","OPS","OPS-Einschlusskodes für tiefe Wundheilungsstörung oder Mediastinitis","5346.d2%","5346.d2%"
"DeQS_KCHK-KC-KOMB_EJ-2025_QIDB-RR-P_V01_2024-02-23.pdf","OPS_HCH_TiefeWundheilungsstoerung","OPS","OPS-Einschlusskodes für tiefe Wundheilungsstörung oder Mediastinitis","5346.d3%","5346.d3%"
"DeQS_KCHK-KC-KOMB_EJ-2025_QIDB-RR-P_V01_2024-02-23.pdf","OPS_HCH_TiefeWundheilungsstoerung","OPS","OPS-Einschlusskodes für tiefe Wundheilungsstörung oder Mediastinitis","5346.dx%","5346.dx%"
"DeQS_KCHK-KC-KOMB_EJ-2025_QIDB-RR-P_V01_2024-02-23.pdf","OPS_HCH_TiefeWundheilungsstoerung","OPS","OPS-Einschlusskodes für tiefe Wundheilungsstörung oder Mediastinitis","5349.1%","5349.1%"
"DeQS_KCHK-KC-KOMB_EJ-2025_QIDB-RR-P_V01_2024-02-23.pdf","OPS_HCH_TiefeWundheilungsstoerung","OPS","OPS-Einschlusskodes für tiefe Wundheilungsstörung oder Mediastinitis","5349.2%","5349.2%"
"DeQS_KCHK-KC-KOMB_EJ-2025_QIDB-RR-P_V01_2024-02-23.pdf","OPS_HCH_TiefeWundheilungsstoerung","OPS","OPS-Einschlusskodes für tiefe Wundheilungsstörung oder Mediastinitis","5916.a2%","5916.a2%"
"DeQS_KCHK-KC_EJ-2025_QIDB-RR-P_V01_2024-02-23.pdf","GOP_HCH_PCI_Erneut","GOP","GOP-Einschlusskodes für PCI 34292","ICD_HCH_Schlaganfall","ICD_HCH_Schlaganfall"
"DeQS_KCHK-KC_EJ-2025_QIDB-RR-P_V01_2024-02-23.pdf","ICD_HCH_Schlaganfall_Ausschluss","ICD","ICD-Ausschlusskodes für einen Schlaganfall","C70.0%","C70.0%"
"DeQS_KCHK-KC_EJ-2025_QIDB-RR-P_V01_2024-02-23.pdf","ICD_HCH_Schlaganfall_Ausschluss","ICD","ICD-Ausschlusskodes für einen Schlaganfall","C70.1%","C70.1%"
"DeQS_KCHK-KC_EJ-2025_QIDB-RR-P_V01_2024-02-23.pdf","ICD_HCH_Schlaganfall_Ausschluss","ICD","ICD-Ausschlusskodes für einen Schlaganfall","C70.9%","C70.9%"
"DeQS_KCHK-KC_EJ-2025_QIDB-RR-P_V01_2024-02-23.pdf","ICD_HCH_Schlaganfall_Ausschluss","ICD","ICD-Ausschlusskodes für einen Schlaganfall","C71%","C71%"
"DeQS_KCHK-KC_EJ-2025_QIDB-RR-P_V01_2024-02-23.pdf","ICD_HCH_Schlaganfall_Ausschluss","ICD","ICD-Ausschlusskodes für einen Schlaganfall","C71.0%","C71.0%"
"DeQS_KCHK-KC_EJ-2025_QIDB-RR-P_V01_2024-02-23.pdf","ICD_HCH_Schlaganfall_Ausschluss","ICD","ICD-Ausschlusskodes für einen Schlaganfall","C71.1%","C71.1%"
"DeQS_KCHK-KC_EJ-2025_QIDB-RR-P_V01_2024-02-23.pdf","ICD_HCH_Schlaganfall_Ausschluss","ICD","ICD-Ausschlusskodes für einen Schlaganfall","C71.2%","C71.2%"
"DeQS_KCHK-KC_EJ-2025_QIDB-RR-P_V01_2024-02-23.pdf","ICD_HCH_Schlaganfall_Ausschluss","ICD","ICD-Ausschlusskodes für einen Schlaganfall","C71.3%","C71.3%"
"DeQS_KCHK-KC_EJ-2025_QIDB-RR-P_V01_2024-02-23.pdf","ICD_HCH_Schlaganfall_Ausschluss","ICD","ICD-Ausschlusskodes für einen Schlaganfall","C71.4%","C71.4%"
"DeQS_KCHK-KC_EJ-2025_QIDB-RR-P_V01_2024-02-23.pdf","ICD_HCH_Schlaganfall_Ausschluss","ICD","ICD-Ausschlusskodes für einen Schlaganfall","C71.5%","C71.5%"
"DeQS_KCHK-KC_EJ-2025_QIDB-RR-P_V01_2024-02-23.pdf","ICD_HCH_Schlaganfall_Ausschluss","ICD","ICD-Ausschlusskodes für einen Schlaganfall","C71.6%","C71.6%"
"DeQS_KCHK-KC_EJ-2025_QIDB-RR-P_V01_2024-02-23.pdf","ICD_HCH_Schlaganfall_Ausschluss","ICD","ICD-Ausschlusskodes für einen Schlaganfall","C71.7%","C71.7%"
"DeQS_KCHK-KC_EJ-2025_QIDB-RR-P_V01_2024-02-23.pdf","ICD_HCH_Schlaganfall_Ausschluss","ICD","ICD-Ausschlusskodes für einen Schlaganfall","C71.8%","C71.8%"
"DeQS_KCHK-KC_EJ-2025_QIDB-RR-P_V01_2024-02-23.pdf","ICD_HCH_Schlaganfall_Ausschluss","ICD","ICD-Ausschlusskodes für einen Schlaganfall","C71.9%","C71.9%"
"DeQS_KCHK-KC_EJ-2025_QIDB-RR-P_V01_2024-02-23.pdf","ICD_HCH_Schlaganfall_Ausschluss","ICD","ICD-Ausschlusskodes für einen Schlaganfall","C72.0%","C72.0%"
"DeQS_KCHK-KC_EJ-2025_QIDB-RR-P_V01_2024-02-23.pdf","ICD_HCH_Schlaganfall_Ausschluss","ICD","ICD-Ausschlusskodes für einen Schlaganfall","C72.1%","C72.1%"
"DeQS_KCHK-KC_EJ-2025_QIDB-RR-P_V01_2024-02-23.pdf","ICD_HCH_Schlaganfall_Ausschluss","ICD","ICD-Ausschlusskodes für einen Schlaganfall","C72.2%","C72.2%"
"DeQS_KCHK-KC_EJ-2025_QIDB-RR-P_V01_2024-02-23.pdf","ICD_HCH_Schlaganfall_Ausschluss","ICD","ICD-Ausschlusskodes für einen Schlaganfall","C72.3%","C72.3%"
"DeQS_KCHK-KC_EJ-2025_QIDB-RR-P_V01_2024-02-23.pdf","ICD_HCH_Schlaganfall_Ausschluss","ICD","ICD-Ausschlusskodes für einen Schlaganfall","C72.4%","C72.4%"
"DeQS_KCHK-KC_EJ-2025_QIDB-RR-P_V01_2024-02-23.pdf","ICD_HCH_Schlaganfall_Ausschluss","ICD","ICD-Ausschlusskodes für einen Schlaganfall","C72.5%","C72.5%"
"DeQS_KCHK-KC_EJ-2025_QIDB-RR-P_V01_2024-02-23.pdf","ICD_HCH_Schlaganfall_Ausschluss","ICD","ICD-Ausschlusskodes für einen Schlaganfall","C72.8%","C72.8%"
"DeQS_KCHK-KC_EJ-2025_QIDB-RR-P_V01_2024-02-23.pdf","ICD_HCH_Schlaganfall_Ausschluss","ICD","ICD-Ausschlusskodes für einen Schlaganfall","C72.9%","C72.9%"
"DeQS_KCHK-KC_EJ-2025_QIDB-RR-P_V01_2024-02-23.pdf","ICD_HCH_Schlaganfall_Ausschluss","ICD","ICD-Ausschlusskodes für einen Schlaganfall","C79.3%","C79.3%"
"DeQS_KCHK-KC_EJ-2025_QIDB-RR-P_V01_2024-02-23.pdf","ICD_HCH_Schlaganfall_Ausschluss","ICD","ICD-Ausschlusskodes für einen Schlaganfall","D32.0%","D32.0%"
"DeQS_KCHK-KC_EJ-2025_QIDB-RR-P_V01_2024-02-23.pdf","ICD_HCH_Schlaganfall_Ausschluss","ICD","ICD-Ausschlusskodes für einen Schlaganfall","D32.1%","D32.1%"
"DeQS_KCHK-KC_EJ-2025_QIDB-RR-P_V01_2024-02-23.pdf","ICD_HCH_Schlaganfall_Ausschluss","ICD","ICD-Ausschlusskodes für einen Schlaganfall","D32.9%","D32.9%"
"DeQS_KCHK-KC_EJ-2025_QIDB-RR-P_V01_2024-02-23.pdf","ICD_HCH_Schlaganfall_Ausschluss","ICD","ICD-Ausschlusskodes für einen Schlaganfall","D33.0%","D33.0%"
"DeQS_KCHK-KC_EJ-2025_QIDB-RR-P_V01_2024-02-23.pdf","ICD_HCH_Schlaganfall_Ausschluss","ICD","ICD-Ausschlusskodes für einen Schlaganfall","D33.1%","D33.1%"
"DeQS_KCHK-KC_EJ-2025_QIDB-RR-P_V01_2024-02-23.pdf","ICD_HCH_Schlaganfall_Ausschluss","ICD","ICD-Ausschlusskodes für einen Schlaganfall","D33.2%","D33.2%"
"DeQS_KCHK-KC_EJ-2025_QIDB-RR-P_V01_2024-02-23.pdf","ICD_HCH_Schlaganfall_Ausschluss","ICD","ICD-Ausschlusskodes für einen Schlaganfall","D33.3%","D33.3%"
"DeQS_KCHK-KC_EJ-2025_QIDB-RR-P_V01_2024-02-23.pdf","ICD_HCH_Schlaganfall_Ausschluss","ICD","ICD-Ausschlusskodes für einen Schlaganfall","D33.4%","D33.4%"
"DeQS_KCHK-KC_EJ-2025_QIDB-RR-P_V01_2024-02-23.pdf","ICD_HCH_Schlaganfall_Ausschluss","ICD","ICD-Ausschlusskodes für einen Schlaganfall","D33.7%","D33.7%"
"DeQS_KCHK-KC_EJ-2025_QIDB-RR-P_V01_2024-02-23.pdf","ICD_HCH_Schlaganfall_Ausschluss","ICD","ICD-Ausschlusskodes für einen Schlaganfall","D33.9%","D33.9%"
"DeQS_KCHK-KC_EJ-2025_QIDB-RR-P_V01_2024-02-23.pdf","ICD_HCH_Schlaganfall_Ausschluss","ICD","ICD-Ausschlusskodes für einen Schlaganfall","I60.0%","I60.0%"
"DeQS_KCHK-KC_EJ-2025_QIDB-RR-P_V01_2024-02-23.pdf","ICD_HCH_Schlaganfall_Ausschluss","ICD","ICD-Ausschlusskodes für einen Schlaganfall","I60.1%","I60.1%"
"DeQS_KCHK-KC_EJ-2025_QIDB-RR-P_V01_2024-02-23.pdf","ICD_HCH_Schlaganfall_Ausschluss","ICD","ICD-Ausschlusskodes für einen Schlaganfall","I60.2%","I60.2%"
"DeQS_KCHK-KC_EJ-2025_QIDB-RR-P_V01_2024-02-23.pdf","ICD_HCH_Schlaganfall_Ausschluss","ICD","ICD-Ausschlusskodes für einen Schlaganfall","I60.3%","I60.3%"
"DeQS_KCHK-KC_EJ-2025_QIDB-RR-P_V01_2024-02-23.pdf","ICD_HCH_Schlaganfall_Ausschluss","ICD","ICD-Ausschlusskodes für einen Schlaganfall","I60.4%","I60.4%"
"DeQS_KCHK-KC_EJ-2025_QIDB-RR-P_V01_2024-02-23.pdf","ICD_HCH_Schlaganfall_Ausschluss","ICD","ICD-Ausschlusskodes für einen Schlaganfall","I60.5%","I60.5%"
"DeQS_KCHK-KC_EJ-2025_QIDB-RR-P_V01_2024-02-23.pdf","ICD_HCH_Schlaganfall_Ausschluss","ICD","ICD-Ausschlusskodes für einen Schlaganfall","I60.6%","I60.6%"
"DeQS_KCHK-KC_EJ-2025_QIDB-RR-P_V01_2024-02-23.pdf","ICD_HCH_Schlaganfall_Ausschluss","ICD","ICD-Ausschlusskodes für einen Schlaganfall","I60.7%","I60.7%"
"DeQS_KCHK-KC_EJ-2025_QIDB-RR-P_V01_2024-02-23.pdf","ICD_HCH_Schlaganfall_Ausschluss","ICD","ICD-Ausschlusskodes für einen Schlaganfall","I60.8%","I60.8%"
"DeQS_KCHK-KC_EJ-2025_QIDB-RR-P_V01_2024-02-23.pdf","ICD_HCH_Schlaganfall_Ausschluss","ICD","ICD-Ausschlusskodes für einen Schlaganfall","I60.9%","I60.9%"
"DeQS_KCHK-KC_EJ-2025_QIDB-RR-P_V01_2024-02-23.pdf","ICD_HCH_Schlaganfall_Ausschluss","ICD","ICD-Ausschlusskodes für einen Schlaganfall","I67.10%","I67.10%"
"DeQS_KCHK-KC_EJ-2025_QIDB-RR-P_V01_2024-02-23.pdf","ICD_HCH_Schlaganfall_Ausschluss","ICD","ICD-Ausschlusskodes für einen Schlaganfall","I67.11%","I67.11%"
"DeQS_KCHK-KC_EJ-2025_QIDB-RR-P_V01_2024-02-23.pdf","ICD_HCH_Schlaganfall_Ausschluss","ICD","ICD-Ausschlusskodes für einen Schlaganfall","S06.0%","S06.0%"
"DeQS_KCHK-KC_EJ-2025_QIDB-RR-P_V01_2024-02-23.pdf","ICD_HCH_Schlaganfall_Ausschluss","ICD","ICD-Ausschlusskodes für einen Schlaganfall","S06.1%","S06.1%"
"DeQS_KCHK-KC_EJ-2025_QIDB-RR-P_V01_2024-02-23.pdf","ICD_HCH_Schlaganfall_Ausschluss","ICD","ICD-Ausschlusskodes für einen Schlaganfall","S06.20%","S06.20%"
"DeQS_KCHK-KC_EJ-2025_QIDB-RR-P_V01_2024-02-23.pdf","ICD_HCH_Schlaganfall_Ausschluss","ICD","ICD-Ausschlusskodes für einen Schlaganfall","S06.21%","S06.21%"
"DeQS_KCHK-KC_EJ-2025_QIDB-RR-P_V01_2024-02-23.pdf","ICD_HCH_Schlaganfall_Ausschluss","ICD","ICD-Ausschlusskodes für einen Schlaganfall","S06.22%","S06.22%"
"DeQS_KCHK-KC_EJ-2025_QIDB-RR-P_V01_2024-02-23.pdf","ICD_HCH_Schlaganfall_Ausschluss","ICD","ICD-Ausschlusskodes für einen Schlaganfall","S06.23%","S06.23%"
"DeQS_KCHK-KC_EJ-2025_QIDB-RR-P_V01_2024-02-23.pdf","ICD_HCH_Schlaganfall_Ausschluss","ICD","ICD-Ausschlusskodes für einen Schlaganfall","S06.28%","S06.28%"
"DeQS_KCHK-KC_EJ-2025_QIDB-RR-P_V01_2024-02-23.pdf","ICD_HCH_Schlaganfall_Ausschluss","ICD","ICD-Ausschlusskodes für einen Schlaganfall","S06.30%","S06.30%"
"DeQS_KCHK-KC_EJ-2025_QIDB-RR-P_V01_2024-02-23.pdf","ICD_HCH_Schlaganfall_Ausschluss","ICD","ICD-Ausschlusskodes für einen Schlaganfall","S06.31%","S06.31%"
"DeQS_KCHK-KC_EJ-2025_QIDB-RR-P_V01_2024-02-23.pdf","ICD_HCH_Schlaganfall_Ausschluss","ICD","ICD-Ausschlusskodes für einen Schlaganfall","S06.32%","S06.32%"
"DeQS_KCHK-KC_EJ-2025_QIDB-RR-P_V01_2024-02-23.pdf","ICD_HCH_Schlaganfall_Ausschluss","ICD","ICD-Ausschlusskodes für einen Schlaganfall","S06.33%","S06.33%"
"DeQS_KCHK-KC_EJ-2025_QIDB-RR-P_V01_2024-02-23.pdf","ICD_HCH_Schlaganfall_Ausschluss","ICD","ICD-Ausschlusskodes für einen Schlaganfall","S06.34%","S06.34%"
"DeQS_KCHK-KC_EJ-2025_QIDB-RR-P_V01_2024-02-23.pdf","ICD_HCH_Schlaganfall_Ausschluss","ICD","ICD-Ausschlusskodes für einen Schlaganfall","S06.38%","S06.38%"
"DeQS_KCHK-KC_EJ-2025_QIDB-RR-P_V01_2024-02-23.pdf","ICD_HCH_Schlaganfall_Ausschluss","ICD","ICD-Ausschlusskodes für einen Schlaganfall","S06.4%","S06.4%"
"DeQS_KCHK-KC_EJ-2025_QIDB-RR-P_V01_2024-02-23.pdf","ICD_HCH_Schlaganfall_Ausschluss","ICD","ICD-Ausschlusskodes für einen Schlaganfall","S06.5%","S06.5%"
"DeQS_KCHK-KC_EJ-2025_QIDB-RR-P_V01_2024-02-23.pdf","ICD_HCH_Schlaganfall_Ausschluss","ICD","ICD-Ausschlusskodes für einen Schlaganfall","S06.6%","S06.6%"
"DeQS_KCHK-KC_EJ-2025_QIDB-RR-P_V01_2024-02-23.pdf","ICD_HCH_Schlaganfall_Ausschluss","ICD","ICD-Ausschlusskodes für einen Schlaganfall","S06.70%","S06.70%"
"DeQS_KCHK-KC_EJ-2025_QIDB-RR-P_V01_2024-02-23.pdf","ICD_HCH_Schlaganfall_Ausschluss","ICD","ICD-Ausschlusskodes für einen Schlaganfall","S06.71%","S06.71%"
"DeQS_KCHK-KC_EJ-2025_QIDB-RR-P_V01_2024-02-23.pdf","ICD_HCH_Schlaganfall_Ausschluss","ICD","ICD-Ausschlusskodes für einen Schlaganfall","S06.72%","S06.72%"
"DeQS_KCHK-KC_EJ-2025_QIDB-RR-P_V01_2024-02-23.pdf","ICD_HCH_Schlaganfall_Ausschluss","ICD","ICD-Ausschlusskodes für einen Schlaganfall","S06.73%","S06.73%"
"DeQS_KCHK-KC_EJ-2025_QIDB-RR-P_V01_2024-02-23.pdf","ICD_HCH_Schlaganfall_Ausschluss","ICD","ICD-Ausschlusskodes für einen Schlaganfall","S06.79%","S06.79%"
"DeQS_KCHK-KC_EJ-2025_QIDB-RR-P_V01_2024-02-23.pdf","ICD_HCH_Schlaganfall_Ausschluss","ICD","ICD-Ausschlusskodes für einen Schlaganfall","S06.8%","S06.8%"
"DeQS_KCHK-KC_EJ-2025_QIDB-RR-P_V01_2024-02-23.pdf","ICD_HCH_Schlaganfall_Ausschluss","ICD","ICD-Ausschlusskodes für einen Schlaganfall","S06.9%","S06.9%"
"DeQS_KCHK-KC_EJ-2025_QIDB-RR-P_V01_2024-02-23.pdf","ICD_HCH_TiefeWundheilungsstoerung","ICD","ICD-Einschlusskodes für tiefe Wundheilungsstörung oder Mediastinitis","J85.3%","J85.3%"
"DeQS_KCHK-KC_EJ-2025_QIDB-RR-P_V01_2024-02-23.pdf","ICD_HCH_TiefeWundheilungsstoerung","ICD","ICD-Einschlusskodes für tiefe Wundheilungsstörung oder Mediastinitis","J98.50%","J98.50%"
"DeQS_KCHK-KC_EJ-2025_QIDB-RR-P_V01_2024-02-23.pdf","ICD_HCH_TiefeWundheilungsstoerung","ICD","ICD-Einschlusskodes für tiefe Wundheilungsstörung oder Mediastinitis","T81.4%","T81.4%"
"DeQS_KCHK-KC_EJ-2025_QIDB-RR-P_V01_2024-02-23.pdf","ICD_HCH_TiefeWundheilungsstoerung","ICD","ICD-Einschlusskodes für tiefe Wundheilungsstörung oder Mediastinitis","T84.6%","T84.6%"
"DeQS_KCHK-KC_EJ-2025_QIDB-RR-P_V01_2024-02-23.pdf","OPS_HCH_KC_Erneut","OPS","OPS-Einschlusskodes für erneute Koronarchirurgie","5361.03%","5361.03%"
"DeQS_KCHK-KC_EJ-2025_QIDB-RR-P_V01_2024-02-23.pdf","OPS_HCH_KC_Erneut","OPS","OPS-Einschlusskodes für erneute Koronarchirurgie","5361.05%","5361.05%"
"DeQS_KCHK-KC_EJ-2025_QIDB-RR-P_V01_2024-02-23.pdf","OPS_HCH_KC_Erneut","OPS","OPS-Einschlusskodes für erneute Koronarchirurgie","5361.06%","5361.06%"
"DeQS_KCHK-KC_EJ-2025_QIDB-RR-P_V01_2024-02-23.pdf","OPS_HCH_KC_Erneut","OPS","OPS-Einschlusskodes für erneute Koronarchirurgie","5361.07%","5361.07%"
"DeQS_KCHK-KC_EJ-2025_QIDB-RR-P_V01_2024-02-23.pdf","OPS_HCH_KC_Erneut","OPS","OPS-Einschlusskodes für erneute Koronarchirurgie","5361.08%","5361.08%"
"DeQS_KCHK-KC_EJ-2025_QIDB-RR-P_V01_2024-02-23.pdf","OPS_HCH_KC_Erneut","OPS","OPS-Einschlusskodes für erneute Koronarchirurgie","5361.0x%","5361.0x%"
"DeQS_KCHK-KC_EJ-2025_QIDB-RR-P_V01_2024-02-23.pdf","OPS_HCH_KC_Erneut","OPS","OPS-Einschlusskodes für erneute Koronarchirurgie","5361.13%","5361.13%"
"DeQS_KCHK-KC_EJ-2025_QIDB-RR-P_V01_2024-02-23.pdf","OPS_HCH_KC_Erneut","OPS","OPS-Einschlusskodes für erneute Koronarchirurgie","5361.15%","5361.15%"
"DeQS_KCHK-KC_EJ-2025_QIDB-RR-P_V01_2024-02-23.pdf","OPS_HCH_KC_Erneut","OPS","OPS-Einschlusskodes für erneute Koronarchirurgie","5361.16%","5361.16%"
"DeQS_KCHK-KC_EJ-2025_QIDB-RR-P_V01_2024-02-23.pdf","OPS_HCH_KC_Erneut","OPS","OPS-Einschlusskodes für erneute Koronarchirurgie","5361.17%","5361.17%"
"DeQS_KCHK-KC_EJ-2025_QIDB-RR-P_V01_2024-02-23.pdf","OPS_HCH_KC_Erneut","OPS","OPS-Einschlusskodes für erneute Koronarchirurgie","5361.18%","5361.18%"
"DeQS_KCHK-KC_EJ-2025_QIDB-RR-P_V01_2024-02-23.pdf","OPS_HCH_KC_Erneut","OPS","OPS-Einschlusskodes für erneute Koronarchirurgie","5361.1x%","5361.1x%"
"DeQS_KCHK-KC_EJ-2025_QIDB-RR-P_V01_2024-02-23.pdf","OPS_HCH_KC_Erneut","OPS","OPS-Einschlusskodes für erneute Koronarchirurgie","5361.23%","5361.23%"
"DeQS_KCHK-KC_EJ-2025_QIDB-RR-P_V01_2024-02-23.pdf","OPS_HCH_KC_Erneut","OPS","OPS-Einschlusskodes für erneute Koronarchirurgie","5361.25%","5361.25%"
"DeQS_KCHK-KC_EJ-2025_QIDB-RR-P_V01_2024-02-23.pdf","OPS_HCH_KC_Erneut","OPS","OPS-Einschlusskodes für erneute Koronarchirurgie","5361.26%","5361.26%"
"DeQS_KCHK-KC_EJ-2025_QIDB-RR-P_V01_2024-02-23.pdf","OPS_HCH_KC_Erneut","OPS","OPS-Einschlusskodes für erneute Koronarchirurgie","5361.27%","5361.27%"
"DeQS_KCHK-KC_EJ-2025_QIDB-RR-P_V01_2024-02-23.pdf","OPS_HCH_KC_Erneut","OPS","OPS-Einschlusskodes für erneute Koronarchirurgie","5361.28%","5361.28%"
"DeQS_KCHK-KC_EJ-2025_QIDB-RR-P_V01_2024-02-23.pdf","OPS_HCH_KC_Erneut","OPS","OPS-Einschlusskodes für erneute Koronarchirurgie","5361.2x%","5361.2x%"
"DeQS_KCHK-KC_EJ-2025_QIDB-RR-P_V01_2024-02-23.pdf","OPS_HCH_KC_Erneut","OPS","OPS-Einschlusskodes für erneute Koronarchirurgie","5361.33%","5361.33%"
"DeQS_KCHK-KC_EJ-2025_QIDB-RR-P_V01_2024-02-23.pdf","OPS_HCH_KC_Erneut","OPS","OPS-Einschlusskodes für erneute Koronarchirurgie","5361.35%","5361.35%"
"DeQS_KCHK-KC_EJ-2025_QIDB-RR-P_V01_2024-02-23.pdf","OPS_HCH_KC_Erneut","OPS","OPS-Einschlusskodes für erneute Koronarchirurgie","5361.36%","5361.36%"
"DeQS_KCHK-KC_EJ-2025_QIDB-RR-P_V01_2024-02-23.pdf","OPS_HCH_KC_Erneut","OPS","OPS-Einschlusskodes für erneute Koronarchirurgie","5361.37%","5361.37%"
"DeQS_KCHK-KC_EJ-2025_QIDB-RR-P_V01_2024-02-23.pdf","OPS_HCH_KC_Erneut","OPS","OPS-Einschlusskodes für erneute Koronarchirurgie","5361.38%","5361.38%"
"DeQS_KCHK-KC_EJ-2025_QIDB-RR-P_V01_2024-02-23.pdf","OPS_HCH_KC_Erneut","OPS","OPS-Einschlusskodes für erneute Koronarchirurgie","5361.3x%","5361.3x%"
"DeQS_KCHK-KC_EJ-2025_QIDB-RR-P_V01_2024-02-23.pdf","OPS_HCH_KC_Erneut","OPS","OPS-Einschlusskodes für erneute Koronarchirurgie","5361.43%","5361.43%"
"DeQS_KCHK-KC_EJ-2025_QIDB-RR-P_V01_2024-02-23.pdf","OPS_HCH_KC_Erneut","OPS","OPS-Einschlusskodes für erneute Koronarchirurgie","5361.45%","5361.45%"
"DeQS_KCHK-KC_EJ-2025_QIDB-RR-P_V01_2024-02-23.pdf","OPS_HCH_KC_Erneut","OPS","OPS-Einschlusskodes für erneute Koronarchirurgie","5361.46%","5361.46%"
"DeQS_KCHK-KC_EJ-2025_QIDB-RR-P_V01_2024-02-23.pdf","OPS_HCH_KC_Erneut","OPS","OPS-Einschlusskodes für erneute Koronarchirurgie","5361.47%","5361.47%"
"DeQS_KCHK-KC_EJ-2025_QIDB-RR-P_V01_2024-02-23.pdf","OPS_HCH_KC_Erneut","OPS","OPS-Einschlusskodes für erneute Koronarchirurgie","5361.48%","5361.48%"
"DeQS_KCHK-KC_EJ-2025_QIDB-RR-P_V01_2024-02-23.pdf","OPS_HCH_KC_Erneut","OPS","OPS-Einschlusskodes für erneute Koronarchirurgie","5361.4x%","5361.4x%"
"DeQS_KCHK-KC_EJ-2025_QIDB-RR-P_V01_2024-02-23.pdf","OPS_HCH_KC_Erneut","OPS","OPS-Einschlusskodes für erneute Koronarchirurgie","5361.53%","5361.53%"
"DeQS_KCHK-KC_EJ-2025_QIDB-RR-P_V01_2024-02-23.pdf","OPS_HCH_KC_Erneut","OPS","OPS-Einschlusskodes für erneute Koronarchirurgie","5361.55%","5361.55%"
"DeQS_KCHK-KC_EJ-2025_QIDB-RR-P_V01_2024-02-23.pdf","OPS_HCH_KC_Erneut","OPS","OPS-Einschlusskodes für erneute Koronarchirurgie","5361.56%","5361.56%"
"DeQS_KCHK-KC_EJ-2025_QIDB-RR-P_V01_2024-02-23.pdf","OPS_HCH_KC_Erneut","OPS","OPS-Einschlusskodes für erneute Koronarchirurgie","5361.57%","5361.57%"
"DeQS_KCHK-KC_EJ-2025_QIDB-RR-P_V01_2024-02-23.pdf","OPS_HCH_KC_Erneut","OPS","OPS-Einschlusskodes für erneute Koronarchirurgie","5361.58%","5361.58%"
"DeQS_KCHK-KC_EJ-2025_QIDB-RR-P_V01_2024-02-23.pdf","OPS_HCH_KC_Erneut","OPS","OPS-Einschlusskodes für erneute Koronarchirurgie","5361.5x%","5361.5x%"
"DeQS_KCHK-KC_EJ-2025_QIDB-RR-P_V01_2024-02-23.pdf","OPS_HCH_KC_Erneut","OPS","OPS-Einschlusskodes für erneute Koronarchirurgie","5361.y%","5361.y%"
"DeQS_KCHK-KC_EJ-2025_QIDB-RR-P_V01_2024-02-23.pdf","OPS_HCH_KC_Erneut","OPS","OPS-Einschlusskodes für erneute Koronarchirurgie","5362.03%","5362.03%"
"DeQS_KCHK-KC_EJ-2025_QIDB-RR-P_V01_2024-02-23.pdf","OPS_HCH_KC_Erneut","OPS","OPS-Einschlusskodes für erneute Koronarchirurgie","5362.05%","5362.05%"
"DeQS_KCHK-KC_EJ-2025_QIDB-RR-P_V01_2024-02-23.pdf","OPS_HCH_KC_Erneut","OPS","OPS-Einschlusskodes für erneute Koronarchirurgie","5362.06%","5362.06%"
"DeQS_KCHK-KC_EJ-2025_QIDB-RR-P_V01_2024-02-23.pdf","OPS_HCH_KC_Erneut","OPS","OPS-Einschlusskodes für erneute Koronarchirurgie","5362.07%","5362.07%"
"DeQS_KCHK-KC_EJ-2025_QIDB-RR-P_V01_2024-02-23.pdf","OPS_HCH_KC_Erneut","OPS","OPS-Einschlusskodes für erneute Koronarchirurgie","5362.0x%","5362.0x%"
"DeQS_KCHK-KC_EJ-2025_QIDB-RR-P_V01_2024-02-23.pdf","OPS_HCH_KC_Erneut","OPS","OPS-Einschlusskodes für erneute Koronarchirurgie","5362.1%","5362.1%"
"DeQS_KCHK-KC_EJ-2025_QIDB-RR-P_V01_2024-02-23.pdf","OPS_HCH_KC_Erneut","OPS","OPS-Einschlusskodes für erneute Koronarchirurgie","5362.13%","5362.13%"
"DeQS_KCHK-KC_EJ-2025_QIDB-RR-P_V01_2024-02-23.pdf","OPS_HCH_KC_Erneut","OPS","OPS-Einschlusskodes für erneute Koronarchirurgie","5362.15%","5362.15%"
"DeQS_KCHK-KC_EJ-2025_QIDB-RR-P_V01_2024-02-23.pdf","OPS_HCH_KC_Erneut","OPS","OPS-Einschlusskodes für erneute Koronarchirurgie","5362.16%","5362.16%"
"DeQS_KCHK-KC_EJ-2025_QIDB-RR-P_V01_2024-02-23.pdf","OPS_HCH_KC_Erneut","OPS","OPS-Einschlusskodes für erneute Koronarchirurgie","5362.17%","5362.17%"
"DeQS_KCHK-KC_EJ-2025_QIDB-RR-P_V01_2024-02-23.pdf","OPS_HCH_KC_Erneut","OPS","OPS-Einschlusskodes für erneute Koronarchirurgie","5362.1x%","5362.1x%"
"DeQS_KCHK-KC_EJ-2025_QIDB-RR-P_V01_2024-02-23.pdf","OPS_HCH_KC_Erneut","OPS","OPS-Einschlusskodes für erneute Koronarchirurgie","5362.23%","5362.23%"
"DeQS_KCHK-KC_EJ-2025_QIDB-RR-P_V01_2024-02-23.pdf","OPS_HCH_KC_Erneut","OPS","OPS-Einschlusskodes für erneute Koronarchirurgie","5362.25%","5362.25%"
"DeQS_KCHK-KC_EJ-2025_QIDB-RR-P_V01_2024-02-23.pdf","OPS_HCH_KC_Erneut","OPS","OPS-Einschlusskodes für erneute Koronarchirurgie","5362.26%","5362.26%"
"DeQS_KCHK-KC_EJ-2025_QIDB-RR-P_V01_2024-02-23.pdf","OPS_HCH_KC_Erneut","OPS","OPS-Einschlusskodes für erneute Koronarchirurgie","5362.27%","5362.27%"
"DeQS_KCHK-KC_EJ-2025_QIDB-RR-P_V01_2024-02-23.pdf","OPS_HCH_KC_Erneut","OPS","OPS-Einschlusskodes für erneute Koronarchirurgie","5362.2x%","5362.2x%"
"DeQS_KCHK-KC_EJ-2025_QIDB-RR-P_V01_2024-02-23.pdf","OPS_HCH_PCI_Erneut","OPS","OPS-Einschlusskodes für PCI","8837.00%","8837.00%"
"DeQS_KCHK-KC_EJ-2025_QIDB-RR-P_V01_2024-02-23.pdf","OPS_HCH_PCI_Erneut","OPS","OPS-Einschlusskodes für PCI","8837.01%","8837.01%"
"DeQS_KCHK-KC_EJ-2025_QIDB-RR-P_V01_2024-02-23.pdf","OPS_HCH_PCI_Erneut","OPS","OPS-Einschlusskodes für PCI","8837.10%","8837.10%"
"DeQS_KCHK-KC_EJ-2025_QIDB-RR-P_V01_2024-02-23.pdf","OPS_HCH_PCI_Erneut","OPS","OPS-Einschlusskodes für PCI","8837.11%","8837.11%"
"DeQS_KCHK-KC_EJ-2025_QIDB-RR-P_V01_2024-02-23.pdf","OPS_HCH_PCI_Erneut","OPS","OPS-Einschlusskodes für PCI","8837.20%","8837.20%"
"DeQS_KCHK-KC_EJ-2025_QIDB-RR-P_V01_2024-02-23.pdf","OPS_HCH_PCI_Erneut","OPS","OPS-Einschlusskodes für PCI","8837.21%","8837.21%"
"DeQS_KCHK-KC_EJ-2025_QIDB-RR-P_V01_2024-02-23.pdf","OPS_HCH_PCI_Erneut","OPS","OPS-Einschlusskodes für PCI","8837.50%","8837.50%"
"DeQS_KCHK-KC_EJ-2025_QIDB-RR-P_V01_2024-02-23.pdf","OPS_HCH_PCI_Erneut","OPS","OPS-Einschlusskodes für PCI","8837.51%","8837.51%"
"DeQS_KCHK-KC_EJ-2025_QIDB-RR-P_V01_2024-02-23.pdf","OPS_HCH_PCI_Erneut","OPS","OPS-Einschlusskodes für PCI","8837.60%","8837.60%"
"DeQS_KCHK-KC_EJ-2025_QIDB-RR-P_V01_2024-02-23.pdf","OPS_HCH_PCI_Erneut","OPS","OPS-Einschlusskodes für PCI","8837.61%","8837.61%"
"DeQS_KCHK-KC_EJ-2025_QIDB-RR-P_V01_2024-02-23.pdf","OPS_HCH_PCI_Erneut","OPS","OPS-Einschlusskodes für PCI","8837.8%","8837.8%"
"DeQS_KCHK-KC_EJ-2025_QIDB-RR-P_V01_2024-02-23.pdf","OPS_HCH_PCI_Erneut","OPS","OPS-Einschlusskodes für PCI","8837.9%","8837.9%"
"DeQS_KCHK-KC_EJ-2025_QIDB-RR-P_V01_2024-02-23.pdf","OPS_HCH_PCI_Erneut","OPS","OPS-Einschlusskodes für PCI","8837.k0%","8837.k0%"
"DeQS_KCHK-KC_EJ-2025_QIDB-RR-P_V01_2024-02-23.pdf","OPS_HCH_PCI_Erneut","OPS","OPS-Einschlusskodes für PCI","8837.k3%","8837.k3%"
"DeQS_KCHK-KC_EJ-2025_QIDB-RR-P_V01_2024-02-23.pdf","OPS_HCH_PCI_Erneut","OPS","OPS-Einschlusskodes für PCI","8837.k4%","8837.k4%"
"DeQS_KCHK-KC_EJ-2025_QIDB-RR-P_V01_2024-02-23.pdf","OPS_HCH_PCI_Erneut","OPS","OPS-Einschlusskodes für PCI","8837.k5%","8837.k5%"
"DeQS_KCHK-KC_EJ-2025_QIDB-RR-P_V01_2024-02-23.pdf","OPS_HCH_PCI_Erneut","OPS","OPS-Einschlusskodes für PCI","8837.k6%","8837.k6%"
"DeQS_KCHK-KC_EJ-2025_QIDB-RR-P_V01_2024-02-23.pdf","OPS_HCH_PCI_Erneut","OPS","OPS-Einschlusskodes für PCI","8837.k7%","8837.k7%"
"DeQS_KCHK-KC_EJ-2025_QIDB-RR-P_V01_2024-02-23.pdf","OPS_HCH_PCI_Erneut","OPS","OPS-Einschlusskodes für PCI","8837.k8%","8837.k8%"
"DeQS_KCHK-KC_EJ-2025_QIDB-RR-P_V01_2024-02-23.pdf","OPS_HCH_PCI_Erneut","OPS","OPS-Einschlusskodes für PCI","8837.k9%","8837.k9%"
"DeQS_KCHK-KC_EJ-2025_QIDB-RR-P_V01_2024-02-23.pdf","OPS_HCH_PCI_Erneut","OPS","OPS-Einschlusskodes für PCI","8837.ka%","8837.ka%"
"DeQS_KCHK-KC_EJ-2025_QIDB-RR-P_V01_2024-02-23.pdf","OPS_HCH_PCI_Erneut","OPS","OPS-Einschlusskodes für PCI","8837.kb%","8837.kb%"
"DeQS_KCHK-KC_EJ-2025_QIDB-RR-P_V01_2024-02-23.pdf","OPS_HCH_PCI_Erneut","OPS","OPS-Einschlusskodes für PCI","8837.kc%","8837.kc%"
"DeQS_KCHK-KC_EJ-2025_QIDB-RR-P_V01_2024-02-23.pdf","OPS_HCH_PCI_Erneut","OPS","OPS-Einschlusskodes für PCI","8837.kx%","8837.kx%"
"DeQS_KCHK-KC_EJ-2025_QIDB-RR-P_V01_2024-02-23.pdf","OPS_HCH_PCI_Erneut","OPS","OPS-Einschlusskodes für PCI","8837.m0%","8837.m0%"
"DeQS_KCHK-KC_EJ-2025_QIDB-RR-P_V01_2024-02-23.pdf","OPS_HCH_PCI_Erneut","OPS","OPS-Einschlusskodes für PCI","8837.m1%","8837.m1%"
"DeQS_KCHK-KC_EJ-2025_QIDB-RR-P_V01_2024-02-23.pdf","OPS_HCH_PCI_Erneut","OPS","OPS-Einschlusskodes für PCI","8837.m2%","8837.m2%"
"DeQS_KCHK-KC_EJ-2025_QIDB-RR-P_V01_2024-02-23.pdf","OPS_HCH_PCI_Erneut","OPS","OPS-Einschlusskodes für PCI","8837.m3%","8837.m3%"
"DeQS_KCHK-KC_EJ-2025_QIDB-RR-P_V01_2024-02-23.pdf","OPS_HCH_PCI_Erneut","OPS","OPS-Einschlusskodes für PCI","8837.m4%","8837.m4%"
"DeQS_KCHK-KC_EJ-2025_QIDB-RR-P_V01_2024-02-23.pdf","OPS_HCH_PCI_Erneut","OPS","OPS-Einschlusskodes für PCI","8837.m5%","8837.m5%"
"DeQS_KCHK-KC_EJ-2025_QIDB-RR-P_V01_2024-02-23.pdf","OPS_HCH_PCI_Erneut","OPS","OPS-Einschlusskodes für PCI","8837.m6%","8837.m6%"
"DeQS_KCHK-KC_EJ-2025_QIDB-RR-P_V01_2024-02-23.pdf","OPS_HCH_PCI_Erneut","OPS","OPS-Einschlusskodes für PCI","8837.m7%","8837.m7%"
"DeQS_KCHK-KC_EJ-2025_QIDB-RR-P_V01_2024-02-23.pdf","OPS_HCH_PCI_Erneut","OPS","OPS-Einschlusskodes für PCI","8837.m8%","8837.m8%"
"DeQS_KCHK-KC_EJ-2025_QIDB-RR-P_V01_2024-02-23.pdf","OPS_HCH_PCI_Erneut","OPS","OPS-Einschlusskodes für PCI","8837.m9%","8837.m9%"
"DeQS_KCHK-KC_EJ-2025_QIDB-RR-P_V01_2024-02-23.pdf","OPS_HCH_PCI_Erneut","OPS","OPS-Einschlusskodes für PCI","8837.ma%","8837.ma%"
"DeQS_KCHK-KC_EJ-2025_QIDB-RR-P_V01_2024-02-23.pdf","OPS_HCH_PCI_Erneut","OPS","OPS-Einschlusskodes für PCI","8837.mx%","8837.mx%"
"DeQS_KCHK-KC_EJ-2025_QIDB-RR-P_V01_2024-02-23.pdf","OPS_HCH_PCI_Erneut","OPS","OPS-Einschlusskodes für PCI","8837.p%","8837.p%"
"DeQS_KCHK-KC_EJ-2025_QIDB-RR-P_V01_2024-02-23.pdf","OPS_HCH_PCI_Erneut","OPS","OPS-Einschlusskodes für PCI","8837.q%","8837.q%"
"DeQS_KCHK-KC_EJ-2025_QIDB-RR-P_V01_2024-02-23.pdf","OPS_HCH_PCI_Erneut","OPS","OPS-Einschlusskodes für PCI","8837.t%","8837.t%"
"DeQS_KCHK-KC_EJ-2025_QIDB-RR-P_V01_2024-02-23.pdf","OPS_HCH_PCI_Erneut","OPS","OPS-Einschlusskodes für PCI","8837.u%","8837.u%"
"DeQS_KCHK-KC_EJ-2025_QIDB-RR-P_V01_2024-02-23.pdf","OPS_HCH_PCI_Erneut","OPS","OPS-Einschlusskodes für PCI","8837.v%","8837.v%"
"DeQS_KCHK-KC_EJ-2025_QIDB-RR-P_V01_2024-02-23.pdf","OPS_HCH_PCI_Erneut","OPS","OPS-Einschlusskodes für PCI","8837.w0%","8837.w0%"
"DeQS_KCHK-KC_EJ-2025_QIDB-RR-P_V01_2024-02-23.pdf","OPS_HCH_PCI_Erneut","OPS","OPS-Einschlusskodes für PCI","8837.w1%","8837.w1%"
"DeQS_KCHK-KC_EJ-2025_QIDB-RR-P_V01_2024-02-23.pdf","OPS_HCH_PCI_Erneut","OPS","OPS-Einschlusskodes für PCI","8837.w2%","8837.w2%"
"DeQS_KCHK-KC_EJ-2025_QIDB-RR-P_V01_2024-02-23.pdf","OPS_HCH_PCI_Erneut","OPS","OPS-Einschlusskodes für PCI","8837.w3%","8837.w3%"
"DeQS_KCHK-KC_EJ-2025_QIDB-RR-P_V01_2024-02-23.pdf","OPS_HCH_PCI_Erneut","OPS","OPS-Einschlusskodes für PCI","8837.w4%","8837.w4%"
"DeQS_KCHK-KC_EJ-2025_QIDB-RR-P_V01_2024-02-23.pdf","OPS_HCH_PCI_Erneut","OPS","OPS-Einschlusskodes für PCI","8837.w5%","8837.w5%"
"DeQS_KCHK-KC_EJ-2025_QIDB-RR-P_V01_2024-02-23.pdf","OPS_HCH_PCI_Erneut","OPS","OPS-Einschlusskodes für PCI","8837.w6%","8837.w6%"
"DeQS_KCHK-KC_EJ-2025_QIDB-RR-P_V01_2024-02-23.pdf","OPS_HCH_PCI_Erneut","OPS","OPS-Einschlusskodes für PCI","8837.w7%","8837.w7%"
"DeQS_KCHK-KC_EJ-2025_QIDB-RR-P_V01_2024-02-23.pdf","OPS_HCH_PCI_Erneut","OPS","OPS-Einschlusskodes für PCI","8837.w8%","8837.w8%"
"DeQS_KCHK-KC_EJ-2025_QIDB-RR-P_V01_2024-02-23.pdf","OPS_HCH_PCI_Erneut","OPS","OPS-Einschlusskodes für PCI","8837.w9%","8837.w9%"
"DeQS_KCHK-KC_EJ-2025_QIDB-RR-P_V01_2024-02-23.pdf","OPS_HCH_PCI_Erneut","OPS","OPS-Einschlusskodes für PCI","8837.wa%","8837.wa%"
"DeQS_KCHK-KC_EJ-2025_QIDB-RR-P_V01_2024-02-23.pdf","OPS_HCH_PCI_Erneut","OPS","OPS-Einschlusskodes für PCI","8837.wx%","8837.wx%"
"DeQS_KCHK-KC_EJ-2025_QIDB-RR-P_V01_2024-02-23.pdf","OPS_HCH_PCI_Erneut","OPS","OPS-Einschlusskodes für PCI","8837.x%","8837.x%"
"DeQS_KCHK-KC_EJ-2025_QIDB-RR-P_V01_2024-02-23.pdf","OPS_HCH_PCI_Erneut","OPS","OPS-Einschlusskodes für PCI","8837.y%","8837.y%"
"DeQS_KCHK-KC_EJ-2025_QIDB-RR-P_V01_2024-02-23.pdf","OPS_HCH_Schlaganfall","OPS","OPS-Einschlusskodes für einen Schlaganfall","8981.0%","8981.0%"
"DeQS_KCHK-KC_EJ-2025_QIDB-RR-P_V01_2024-02-23.pdf","OPS_HCH_Schlaganfall","OPS","OPS-Einschlusskodes für einen Schlaganfall","8981.1%","8981.1%"
"DeQS_KCHK-KC_EJ-2025_QIDB-RR-P_V01_2024-02-23.pdf","OPS_HCH_Schlaganfall","OPS","OPS-Einschlusskodes für einen Schlaganfall","8981.20%","8981.20%"
"DeQS_KCHK-KC_EJ-2025_QIDB-RR-P_V01_2024-02-23.pdf","OPS_HCH_Schlaganfall","OPS","OPS-Einschlusskodes für einen Schlaganfall","8981.21%","8981.21%"
"DeQS_KCHK-KC_EJ-2025_QIDB-RR-P_V01_2024-02-23.pdf","OPS_HCH_Schlaganfall","OPS","OPS-Einschlusskodes für einen Schlaganfall","8981.22%","8981.22%"
"DeQS_KCHK-KC_EJ-2025_QIDB-RR-P_V01_2024-02-23.pdf","OPS_HCH_Schlaganfall","OPS","OPS-Einschlusskodes für einen Schlaganfall","8981.23%","8981.23%"
"DeQS_KCHK-KC_EJ-2025_QIDB-RR-P_V01_2024-02-23.pdf","OPS_HCH_Schlaganfall","OPS","OPS-Einschlusskodes für einen Schlaganfall","8981.30%","8981.30%"
"DeQS_KCHK-KC_EJ-2025_QIDB-RR-P_V01_2024-02-23.pdf","OPS_HCH_Schlaganfall","OPS","OPS-Einschlusskodes für einen Schlaganfall","8981.31%","8981.31%"
"DeQS_KCHK-KC_EJ-2025_QIDB-RR-P_V01_2024-02-23.pdf","OPS_HCH_Schlaganfall","OPS","OPS-Einschlusskodes für einen Schlaganfall","8981.32%","8981.32%"
"DeQS_KCHK-KC_EJ-2025_QIDB-RR-P_V01_2024-02-23.pdf","OPS_HCH_Schlaganfall","OPS","OPS-Einschlusskodes für einen Schlaganfall","8981.33%","8981.33%"
"DeQS_KCHK-KC_EJ-2025_QIDB-RR-P_V01_2024-02-23.pdf","OPS_HCH_Schlaganfall","OPS","OPS-Einschlusskodes für einen Schlaganfall","898b.00%","898b.00%"
"DeQS_KCHK-KC_EJ-2025_QIDB-RR-P_V01_2024-02-23.pdf","OPS_HCH_Schlaganfall","OPS","OPS-Einschlusskodes für einen Schlaganfall","898b.01%","898b.01%"
"DeQS_KCHK-KC_EJ-2025_QIDB-RR-P_V01_2024-02-23.pdf","OPS_HCH_Schlaganfall","OPS","OPS-Einschlusskodes für einen Schlaganfall","898b.1%","898b.1%"
"DeQS_KCHK-KC_EJ-2025_QIDB-RR-P_V01_2024-02-23.pdf","OPS_HCH_Schlaganfall","OPS","OPS-Einschlusskodes für einen Schlaganfall","898b.10%","898b.10%"
"DeQS_KCHK-KC_EJ-2025_QIDB-RR-P_V01_2024-02-23.pdf","OPS_HCH_Schlaganfall","OPS","OPS-Einschlusskodes für einen Schlaganfall","898b.11%","898b.11%"
"DeQS_KCHK-KC_EJ-2025_QIDB-RR-P_V01_2024-02-23.pdf","OPS_HCH_Schlaganfall","OPS","OPS-Einschlusskodes für einen Schlaganfall","898b.20%","898b.20%"
"DeQS_KCHK-MK-CHIR_EJ-2025_QIDB-RR-P_V01_2024-02-23.pdf","ICD_HCH_Endokarditis","ICD","ICD-Einschlusskodes für Endokarditis","I33.0%","I33.0%"
"DeQS_KCHK-MK-CHIR_EJ-2025_QIDB-RR-P_V01_2024-02-23.pdf","ICD_HCH_Endokarditis","ICD","ICD-Einschlusskodes für Endokarditis","I33.9%","I33.9%"
"DeQS_KCHK-MK-CHIR_EJ-2025_QIDB-RR-P_V01_2024-02-23.pdf","ICD_HCH_Endokarditis","ICD","ICD-Einschlusskodes für Endokarditis","I38%","I38%"
"DeQS_KCHK-MK-CHIR_EJ-2025_QIDB-RR-P_V01_2024-02-23.pdf","ICD_HCH_Endokarditis","ICD","ICD-Einschlusskodes für Endokarditis","T82.6%","T82.6%"
"DeQS_KCHK-MK-CHIR_EJ-2025_QIDB-RR-P_V01_2024-02-23.pdf","ICD_HCH_Herzinsuffizienz","ICD","ICD-Einschlusskodes für Herzinsuffizienz","I50.00%","I50.00%"
"DeQS_KCHK-MK-CHIR_EJ-2025_QIDB-RR-P_V01_2024-02-23.pdf","ICD_HCH_Herzinsuffizienz","ICD","ICD-Einschlusskodes für Herzinsuffizienz","I50.01%","I50.01%"
"DeQS_KCHK-MK-CHIR_EJ-2025_QIDB-RR-P_V01_2024-02-23.pdf","ICD_HCH_Herzinsuffizienz","ICD","ICD-Einschlusskodes für Herzinsuffizienz","I50.11%","I50.11%"
"DeQS_KCHK-MK-CHIR_EJ-2025_QIDB-RR-P_V01_2024-02-23.pdf","ICD_HCH_Herzinsuffizienz","ICD","ICD-Einschlusskodes für Herzinsuffizienz","I50.12%","I50.12%"
"DeQS_KCHK-MK-CHIR_EJ-2025_QIDB-RR-P_V01_2024-02-23.pdf","ICD_HCH_Herzinsuffizienz","ICD","ICD-Einschlusskodes für Herzinsuffizienz","I50.13%","I50.13%"
"DeQS_KCHK-MK-CHIR_EJ-2025_QIDB-RR-P_V01_2024-02-23.pdf","ICD_HCH_Herzinsuffizienz","ICD","ICD-Einschlusskodes für Herzinsuffizienz","I50.14%","I50.14%"
"DeQS_KCHK-MK-CHIR_EJ-2025_QIDB-RR-P_V01_2024-02-23.pdf","ICD_HCH_Herzinsuffizienz","ICD","ICD-Einschlusskodes für Herzinsuffizienz","I50.19%","I50.19%"
"DeQS_KCHK-MK-CHIR_EJ-2025_QIDB-RR-P_V01_2024-02-23.pdf","ICD_HCH_Herzinsuffizienz","ICD","ICD-Einschlusskodes für Herzinsuffizienz","I50.9%","I50.9%"
"DeQS_KCHK-MK-CHIR_EJ-2025_QIDB-RR-P_V01_2024-02-23.pdf","ICD_HCH_Komplikationen_Gefaesskomplikationen","ICD","ICD-Einschlusskodes für therapiebedürftige zugangsassoziierte Gefäßkomplikation","I71.01%","I71.01%"
"DeQS_KCHK-MK-CHIR_EJ-2025_QIDB-RR-P_V01_2024-02-23.pdf","ICD_HCH_Komplikationen_Gefaesskomplikationen","ICD","ICD-Einschlusskodes für therapiebedürftige zugangsassoziierte Gefäßkomplikation","I71.02%","I71.02%"
"DeQS_KCHK-MK-CHIR_EJ-2025_QIDB-RR-P_V01_2024-02-23.pdf","ICD_HCH_Komplikationen_Gefaesskomplikationen","ICD","ICD-Einschlusskodes für therapiebedürftige zugangsassoziierte Gefäßkomplikation","I72.4%","I72.4%"
"DeQS_KCHK-MK-CHIR_EJ-2025_QIDB-RR-P_V01_2024-02-23.pdf","ICD_HCH_Komplikationen_Gefaesskomplikationen","ICD","ICD-Einschlusskodes für therapiebedürftige zugangsassoziierte Gefäßkomplikation","I72.8%","I72.8%"
"DeQS_KCHK-MK-CHIR_EJ-2025_QIDB-RR-P_V01_2024-02-23.pdf","ICD_HCH_Komplikationen_Gefaesskomplikationen","ICD","ICD-Einschlusskodes für therapiebedürftige zugangsassoziierte Gefäßkomplikation","I72.9%","I72.9%"
"DeQS_KCHK-MK-CHIR_EJ-2025_QIDB-RR-P_V01_2024-02-23.pdf","ICD_HCH_Komplikationen_Gefaesskomplikationen","ICD","ICD-Einschlusskodes für therapiebedürftige zugangsassoziierte Gefäßkomplikation","I74.0%","I74.0%"
"DeQS_KCHK-MK-CHIR_EJ-2025_QIDB-RR-P_V01_2024-02-23.pdf","ICD_HCH_Komplikationen_Gefaesskomplikationen","ICD","ICD-Einschlusskodes für therapiebedürftige zugangsassoziierte Gefäßkomplikation","I74.3%","I74.3%"
"DeQS_KCHK-MK-CHIR_EJ-2025_QIDB-RR-P_V01_2024-02-23.pdf","ICD_HCH_Komplikationen_Gefaesskomplikationen","ICD","ICD-Einschlusskodes für therapiebedürftige zugangsassoziierte Gefäßkomplikation","I74.5%","I74.5%"
"DeQS_KCHK-MK-CHIR_EJ-2025_QIDB-RR-P_V01_2024-02-23.pdf","ICD_HCH_Komplikationen_Gefaesskomplikationen","ICD","ICD-Einschlusskodes für therapiebedürftige zugangsassoziierte Gefäßkomplikation","I77.0%","I77.0%"
"DeQS_KCHK-MK-CHIR_EJ-2025_QIDB-RR-P_V01_2024-02-23.pdf","ICD_HCH_Komplikationen_Gefaesskomplikationen","ICD","ICD-Einschlusskodes für therapiebedürftige zugangsassoziierte Gefäßkomplikation","I77.2%","I77.2%"
"DeQS_KCHK-MK-CHIR_EJ-2025_QIDB-RR-P_V01_2024-02-23.pdf","ICD_HCH_Komplikationen_Gefaesskomplikationen","ICD","ICD-Einschlusskodes für therapiebedürftige zugangsassoziierte Gefäßkomplikation","I77.8%","I77.8%"
"DeQS_KCHK-MK-CHIR_EJ-2025_QIDB-RR-P_V01_2024-02-23.pdf","ICD_HCH_Komplikationen_Gefaesskomplikationen","ICD","ICD-Einschlusskodes für therapiebedürftige zugangsassoziierte Gefäßkomplikation","I77.80%","I77.80%"
"DeQS_KCHK-MK-CHIR_EJ-2025_QIDB-RR-P_V01_2024-02-23.pdf","ICD_HCH_Komplikationen_Gefaesskomplikationen","ICD","ICD-Einschlusskodes für therapiebedürftige zugangsassoziierte Gefäßkomplikation","I77.9%","I77.9%"
"DeQS_KCHK-MK-CHIR_EJ-2025_QIDB-RR-P_V01_2024-02-23.pdf","ICD_HCH_Komplikationen_Gefaesskomplikationen","ICD","ICD-Einschlusskodes für therapiebedürftige zugangsassoziierte Gefäßkomplikation","I80.1%","I80.1%"
"DeQS_KCHK-MK-CHIR_EJ-2025_QIDB-RR-P_V01_2024-02-23.pdf","ICD_HCH_Komplikationen_Gefaesskomplikationen","ICD","ICD-Einschlusskodes für therapiebedürftige zugangsassoziierte Gefäßkomplikation","I80.20%","I80.20%"
"DeQS_KCHK-MK-CHIR_EJ-2025_QIDB-RR-P_V01_2024-02-23.pdf","ICD_HCH_Komplikationen_Gefaesskomplikationen","ICD","ICD-Einschlusskodes für therapiebedürftige zugangsassoziierte Gefäßkomplikation","I80.28%","I80.28%"
"DeQS_KCHK-MK-CHIR_EJ-2025_QIDB-RR-P_V01_2024-02-23.pdf","ICD_HCH_Komplikationen_Gefaesskomplikationen","ICD","ICD-Einschlusskodes für therapiebedürftige zugangsassoziierte Gefäßkomplikation","I80.80%","I80.80%"
"DeQS_KCHK-MK-CHIR_EJ-2025_QIDB-RR-P_V01_2024-02-23.pdf","ICD_HCH_Komplikationen_Gefaesskomplikationen","ICD","ICD-Einschlusskodes für therapiebedürftige zugangsassoziierte Gefäßkomplikation","I80.81%","I80.81%"
"DeQS_KCHK-MK-CHIR_EJ-2025_QIDB-RR-P_V01_2024-02-23.pdf","ICD_HCH_Komplikationen_Gefaesskomplikationen","ICD","ICD-Einschlusskodes für therapiebedürftige zugangsassoziierte Gefäßkomplikation","I80.88%","I80.88%"
"DeQS_KCHK-MK-CHIR_EJ-2025_QIDB-RR-P_V01_2024-02-23.pdf","ICD_HCH_Komplikationen_Gefaesskomplikationen","ICD","ICD-Einschlusskodes für therapiebedürftige zugangsassoziierte Gefäßkomplikation","I82.2%","I82.2%"
"DeQS_KCHK-MK-CHIR_EJ-2025_QIDB-RR-P_V01_2024-02-23.pdf","ICD_HCH_Komplikationen_Gefaesskomplikationen","ICD","ICD-Einschlusskodes für therapiebedürftige zugangsassoziierte Gefäßkomplikation","T81.0%","T81.0%"
"DeQS_KCHK-MK-CHIR_EJ-2025_QIDB-RR-P_V01_2024-02-23.pdf","ICD_HCH_Komplikationen_Gefaesskomplikationen","ICD","ICD-Einschlusskodes für therapiebedürftige zugangsassoziierte Gefäßkomplikation","T81.7%","T81.7%"
"DeQS_KCHK-MK-CHIR_EJ-2025_QIDB-RR-P_V01_2024-02-23.pdf","ICD_HCH_Komplikationen_Infektionen","ICD","ICD-Einschlusskodes für therapiebedürftige zugangsassoziierte Infektion","J85.3%","J85.3%"
"DeQS_KCHK-MK-CHIR_EJ-2025_QIDB-RR-P_V01_2024-02-23.pdf","ICD_HCH_Komplikationen_Infektionen","ICD","ICD-Einschlusskodes für therapiebedürftige zugangsassoziierte Infektion","J98.50%","J98.50%"
"DeQS_KCHK-MK-CHIR_EJ-2025_QIDB-RR-P_V01_2024-02-23.pdf","ICD_HCH_Komplikationen_Infektionen","ICD","ICD-Einschlusskodes für therapiebedürftige zugangsassoziierte Infektion","L02.4%","L02.4%"
"DeQS_KCHK-MK-CHIR_EJ-2025_QIDB-RR-P_V01_2024-02-23.pdf","ICD_HCH_Komplikationen_Infektionen","ICD","ICD-Einschlusskodes für therapiebedürftige zugangsassoziierte Infektion","L03.3%","L03.3%"
"DeQS_KCHK-MK-CHIR_EJ-2025_QIDB-RR-P_V01_2024-02-23.pdf","ICD_HCH_Komplikationen_Infektionen","ICD","ICD-Einschlusskodes für therapiebedürftige zugangsassoziierte Infektion","T81.4%","T81.4%"
"DeQS_KCHK-MK-CHIR_EJ-2025_QIDB-RR-P_V01_2024-02-23.pdf","ICD_HCH_Komplikationen_Infektionen","ICD","ICD-Einschlusskodes für therapiebedürftige zugangsassoziierte Infektion","T84.6%","T84.6%"
"DeQS_KCHK-MK-CHIR_EJ-2025_QIDB-RR-P_V01_2024-02-23.pdf","ICD_HCH_Komplikationen_mechanisch","ICD","ICD-Einschlusskodes für mechanische Komplikation durch eingebrachtes Fremdmaterial oder paravulväre Leckage","T82.0%","T82.0%"
"DeQS_KCHK-MK-CHIR_EJ-2025_QIDB-RR-P_V01_2024-02-23.pdf","ICD_HCH_Komplikationen_mechanisch","ICD","ICD-Einschlusskodes für mechanische Komplikation durch eingebrachtes Fremdmaterial oder paravulväre Leckage","T82.5%","T82.5%"
"DeQS_KCHK-MK-CHIR_EJ-2025_QIDB-RR-P_V01_2024-02-23.pdf","ICD_HCH_Komplikationen_mechanisch","ICD","ICD-Einschlusskodes für mechanische Komplikation durch eingebrachtes Fremdmaterial oder paravulväre Leckage","T82.9%","T82.9%"
"DeQS_KCHK-MK-CHIR_EJ-2025_QIDB-RR-P_V01_2024-02-23.pdf","ICD_HCH_Schlaganfall","ICD","ICD-Einschlusskodes für einen Schlaganfall","I61.0%","I61.0%"
"DeQS_KCHK-MK-CHIR_EJ-2025_QIDB-RR-P_V01_2024-02-23.pdf","ICD_HCH_Schlaganfall","ICD","ICD-Einschlusskodes für einen Schlaganfall","I61.1%","I61.1%"
"DeQS_KCHK-MK-CHIR_EJ-2025_QIDB-RR-P_V01_2024-02-23.pdf","ICD_HCH_Schlaganfall","ICD","ICD-Einschlusskodes für einen Schlaganfall","I61.2%","I61.2%"
"DeQS_KCHK-MK-CHIR_EJ-2025_QIDB-RR-P_V01_2024-02-23.pdf","ICD_HCH_Schlaganfall","ICD","ICD-Einschlusskodes für einen Schlaganfall","I61.3%","I61.3%"
"DeQS_KCHK-MK-CHIR_EJ-2025_QIDB-RR-P_V01_2024-02-23.pdf","ICD_HCH_Schlaganfall","ICD","ICD-Einschlusskodes für einen Schlaganfall","I61.4%","I61.4%"
"DeQS_KCHK-MK-CHIR_EJ-2025_QIDB-RR-P_V01_2024-02-23.pdf","ICD_HCH_Schlaganfall","ICD","ICD-Einschlusskodes für einen Schlaganfall","I61.5%","I61.5%"
"DeQS_KCHK-MK-CHIR_EJ-2025_QIDB-RR-P_V01_2024-02-23.pdf","ICD_HCH_Schlaganfall","ICD","ICD-Einschlusskodes für einen Schlaganfall","I61.6%","I61.6%"
"DeQS_KCHK-MK-CHIR_EJ-2025_QIDB-RR-P_V01_2024-02-23.pdf","ICD_HCH_Schlaganfall","ICD","ICD-Einschlusskodes für einen Schlaganfall","I61.8%","I61.8%"
"DeQS_KCHK-MK-CHIR_EJ-2025_QIDB-RR-P_V01_2024-02-23.pdf","ICD_HCH_Schlaganfall","ICD","ICD-Einschlusskodes für einen Schlaganfall","I61.9%","I61.9%"
"DeQS_KCHK-MK-CHIR_EJ-2025_QIDB-RR-P_V01_2024-02-23.pdf","ICD_HCH_Schlaganfall","ICD","ICD-Einschlusskodes für einen Schlaganfall","I62.00%","I62.00%"
"DeQS_KCHK-MK-CHIR_EJ-2025_QIDB-RR-P_V01_2024-02-23.pdf","ICD_HCH_Schlaganfall","ICD","ICD-Einschlusskodes für einen Schlaganfall","I62.01%","I62.01%"
"DeQS_KCHK-MK-CHIR_EJ-2025_QIDB-RR-P_V01_2024-02-23.pdf","ICD_HCH_Schlaganfall","ICD","ICD-Einschlusskodes für einen Schlaganfall","I62.1%","I62.1%"
"DeQS_KCHK-MK-CHIR_EJ-2025_QIDB-RR-P_V01_2024-02-23.pdf","ICD_HCH_Schlaganfall","ICD","ICD-Einschlusskodes für einen Schlaganfall","I62.9%","I62.9%"
"DeQS_KCHK-MK-CHIR_EJ-2025_QIDB-RR-P_V01_2024-02-23.pdf","ICD_HCH_Schlaganfall","ICD","ICD-Einschlusskodes für einen Schlaganfall","I63.0%","I63.0%"
"DeQS_KCHK-MK-CHIR_EJ-2025_QIDB-RR-P_V01_2024-02-23.pdf","ICD_HCH_Schlaganfall","ICD","ICD-Einschlusskodes für einen Schlaganfall","I63.1%","I63.1%"
"DeQS_KCHK-MK-CHIR_EJ-2025_QIDB-RR-P_V01_2024-02-23.pdf","ICD_HCH_Schlaganfall","ICD","ICD-Einschlusskodes für einen Schlaganfall","I63.2%","I63.2%"
"DeQS_KCHK-MK-CHIR_EJ-2025_QIDB-RR-P_V01_2024-02-23.pdf","ICD_HCH_Schlaganfall","ICD","ICD-Einschlusskodes für einen Schlaganfall","I63.3%","I63.3%"
"DeQS_KCHK-MK-CHIR_EJ-2025_QIDB-RR-P_V01_2024-02-23.pdf","ICD_HCH_Schlaganfall","ICD","ICD-Einschlusskodes für einen Schlaganfall","I63.4%","I63.4%"
"DeQS_KCHK-MK-CHIR_EJ-2025_QIDB-RR-P_V01_2024-02-23.pdf","ICD_HCH_Schlaganfall","ICD","ICD-Einschlusskodes für einen Schlaganfall","I63.5%","I63.5%"
"DeQS_KCHK-MK-CHIR_EJ-2025_QIDB-RR-P_V01_2024-02-23.pdf","ICD_HCH_Schlaganfall","ICD","ICD-Einschlusskodes für einen Schlaganfall","I63.6%","I63.6%"
"DeQS_KCHK-MK-CHIR_EJ-2025_QIDB-RR-P_V01_2024-02-23.pdf","ICD_HCH_Schlaganfall","ICD","ICD-Einschlusskodes für einen Schlaganfall","I63.8%","I63.8%"
"DeQS_KCHK-MK-CHIR_EJ-2025_QIDB-RR-P_V01_2024-02-23.pdf","ICD_HCH_Schlaganfall","ICD","ICD-Einschlusskodes für einen Schlaganfall","I63.9%","I63.9%"
"DeQS_KCHK-MK-CHIR_EJ-2025_QIDB-RR-P_V01_2024-02-23.pdf","ICD_HCH_Schlaganfall","ICD","ICD-Einschlusskodes für einen Schlaganfall","I64%","I64%"
"DeQS_KCHK-MK-CHIR_EJ-2025_QIDB-RR-P_V01_2024-02-23.pdf","ICD_HCH_Schlaganfall_Ausschluss","ICD","ICD-Ausschlusskodes für einen Schlaganfall","C70.0%","C70.0%"
"DeQS_KCHK-MK-CHIR_EJ-2025_QIDB-RR-P_V01_2024-02-23.pdf","ICD_HCH_Schlaganfall_Ausschluss","ICD","ICD-Ausschlusskodes für einen Schlaganfall","C70.1%","C70.1%"
"DeQS_KCHK-MK-CHIR_EJ-2025_QIDB-RR-P_V01_2024-02-23.pdf","ICD_HCH_Schlaganfall_Ausschluss","ICD","ICD-Ausschlusskodes für einen Schlaganfall","C70.9%","C70.9%"
"DeQS_KCHK-MK-CHIR_EJ-2025_QIDB-RR-P_V01_2024-02-23.pdf","ICD_HCH_Schlaganfall_Ausschluss","ICD","ICD-Ausschlusskodes für einen Schlaganfall","C71%","C71%"
"DeQS_KCHK-MK-CHIR_EJ-2025_QIDB-RR-P_V01_2024-02-23.pdf","ICD_HCH_Schlaganfall_Ausschluss","ICD","ICD-Ausschlusskodes für einen Schlaganfall","C71.0%","C71.0%"
"DeQS_KCHK-MK-CHIR_EJ-2025_QIDB-RR-P_V01_2024-02-23.pdf","ICD_HCH_Schlaganfall_Ausschluss","ICD","ICD-Ausschlusskodes für einen Schlaganfall","C71.1%","C71.1%"
"DeQS_KCHK-MK-CHIR_EJ-2025_QIDB-RR-P_V01_2024-02-23.pdf","ICD_HCH_Schlaganfall_Ausschluss","ICD","ICD-Ausschlusskodes für einen Schlaganfall","C71.2%","C71.2%"
"DeQS_KCHK-MK-CHIR_EJ-2025_QIDB-RR-P_V01_2024-02-23.pdf","ICD_HCH_Schlaganfall_Ausschluss","ICD","ICD-Ausschlusskodes für einen Schlaganfall","C71.3%","C71.3%"
"DeQS_KCHK-MK-CHIR_EJ-2025_QIDB-RR-P_V01_2024-02-23.pdf","ICD_HCH_Schlaganfall_Ausschluss","ICD","ICD-Ausschlusskodes für einen Schlaganfall","C71.4%","C71.4%"
"DeQS_KCHK-MK-CHIR_EJ-2025_QIDB-RR-P_V01_2024-02-23.pdf","ICD_HCH_Schlaganfall_Ausschluss","ICD","ICD-Ausschlusskodes für einen Schlaganfall","C71.5%","C71.5%"
"DeQS_KCHK-MK-CHIR_EJ-2025_QIDB-RR-P_V01_2024-02-23.pdf","ICD_HCH_Schlaganfall_Ausschluss","ICD","ICD-Ausschlusskodes für einen Schlaganfall","C71.6%","C71.6%"
"DeQS_KCHK-MK-CHIR_EJ-2025_QIDB-RR-P_V01_2024-02-23.pdf","ICD_HCH_Schlaganfall_Ausschluss","ICD","ICD-Ausschlusskodes für einen Schlaganfall","C71.7%","C71.7%"
"DeQS_KCHK-MK-CHIR_EJ-2025_QIDB-RR-P_V01_2024-02-23.pdf","ICD_HCH_Schlaganfall_Ausschluss","ICD","ICD-Ausschlusskodes für einen Schlaganfall","C71.8%","C71.8%"
"DeQS_KCHK-MK-CHIR_EJ-2025_QIDB-RR-P_V01_2024-02-23.pdf","ICD_HCH_Schlaganfall_Ausschluss","ICD","ICD-Ausschlusskodes für einen Schlaganfall","C71.9%","C71.9%"
"DeQS_KCHK-MK-CHIR_EJ-2025_QIDB-RR-P_V01_2024-02-23.pdf","ICD_HCH_Schlaganfall_Ausschluss","ICD","ICD-Ausschlusskodes für einen Schlaganfall","C72.0%","C72.0%"
"DeQS_KCHK-MK-CHIR_EJ-2025_QIDB-RR-P_V01_2024-02-23.pdf","ICD_HCH_Schlaganfall_Ausschluss","ICD","ICD-Ausschlusskodes für einen Schlaganfall","C72.1%","C72.1%"
"DeQS_KCHK-MK-CHIR_EJ-2025_QIDB-RR-P_V01_2024-02-23.pdf","ICD_HCH_Schlaganfall_Ausschluss","ICD","ICD-Ausschlusskodes für einen Schlaganfall","C72.2%","C72.2%"
"DeQS_KCHK-MK-CHIR_EJ-2025_QIDB-RR-P_V01_2024-02-23.pdf","ICD_HCH_Schlaganfall_Ausschluss","ICD","ICD-Ausschlusskodes für einen Schlaganfall","C72.3%","C72.3%"
"DeQS_KCHK-MK-CHIR_EJ-2025_QIDB-RR-P_V01_2024-02-23.pdf","ICD_HCH_Schlaganfall_Ausschluss","ICD","ICD-Ausschlusskodes für einen Schlaganfall","C72.4%","C72.4%"
"DeQS_KCHK-MK-CHIR_EJ-2025_QIDB-RR-P_V01_2024-02-23.pdf","ICD_HCH_Schlaganfall_Ausschluss","ICD","ICD-Ausschlusskodes für einen Schlaganfall","C72.5%","C72.5%"
"DeQS_KCHK-MK-CHIR_EJ-2025_QIDB-RR-P_V01_2024-02-23.pdf","ICD_HCH_Schlaganfall_Ausschluss","ICD","ICD-Ausschlusskodes für einen Schlaganfall","C72.8%","C72.8%"
"DeQS_KCHK-MK-CHIR_EJ-2025_QIDB-RR-P_V01_2024-02-23.pdf","ICD_HCH_Schlaganfall_Ausschluss","ICD","ICD-Ausschlusskodes für einen Schlaganfall","C72.9%","C72.9%"
"DeQS_KCHK-MK-CHIR_EJ-2025_QIDB-RR-P_V01_2024-02-23.pdf","ICD_HCH_Schlaganfall_Ausschluss","ICD","ICD-Ausschlusskodes für einen Schlaganfall","C79.3%","C79.3%"
"DeQS_KCHK-MK-CHIR_EJ-2025_QIDB-RR-P_V01_2024-02-23.pdf","ICD_HCH_Schlaganfall_Ausschluss","ICD","ICD-Ausschlusskodes für einen Schlaganfall","D32.0%","D32.0%"
"DeQS_KCHK-MK-CHIR_EJ-2025_QIDB-RR-P_V01_2024-02-23.pdf","ICD_HCH_Schlaganfall_Ausschluss","ICD","ICD-Ausschlusskodes für einen Schlaganfall","D32.1%","D32.1%"
"DeQS_KCHK-MK-CHIR_EJ-2025_QIDB-RR-P_V01_2024-02-23.pdf","ICD_HCH_Schlaganfall_Ausschluss","ICD","ICD-Ausschlusskodes für einen Schlaganfall","D32.9%","D32.9%"
"DeQS_KCHK-MK-CHIR_EJ-2025_QIDB-RR-P_V01_2024-02-23.pdf","ICD_HCH_Schlaganfall_Ausschluss","ICD","ICD-Ausschlusskodes für einen Schlaganfall","D33.0%","D33.0%"
"DeQS_KCHK-MK-CHIR_EJ-2025_QIDB-RR-P_V01_2024-02-23.pdf","ICD_HCH_Schlaganfall_Ausschluss","ICD","ICD-Ausschlusskodes für einen Schlaganfall","D33.1%","D33.1%"
"DeQS_KCHK-MK-CHIR_EJ-2025_QIDB-RR-P_V01_2024-02-23.pdf","ICD_HCH_Schlaganfall_Ausschluss","ICD","ICD-Ausschlusskodes für einen Schlaganfall","D33.2%","D33.2%"
"DeQS_KCHK-MK-CHIR_EJ-2025_QIDB-RR-P_V01_2024-02-23.pdf","ICD_HCH_Schlaganfall_Ausschluss","ICD","ICD-Ausschlusskodes für einen Schlaganfall","D33.3%","D33.3%"
"DeQS_KCHK-MK-CHIR_EJ-2025_QIDB-RR-P_V01_2024-02-23.pdf","ICD_HCH_Schlaganfall_Ausschluss","ICD","ICD-Ausschlusskodes für einen Schlaganfall","D33.4%","D33.4%"
"DeQS_KCHK-MK-CHIR_EJ-2025_QIDB-RR-P_V01_2024-02-23.pdf","ICD_HCH_Schlaganfall_Ausschluss","ICD","ICD-Ausschlusskodes für einen Schlaganfall","D33.7%","D33.7%"
"DeQS_KCHK-MK-CHIR_EJ-2025_QIDB-RR-P_V01_2024-02-23.pdf","ICD_HCH_Schlaganfall_Ausschluss","ICD","ICD-Ausschlusskodes für einen Schlaganfall","D33.9%","D33.9%"
"DeQS_KCHK-MK-CHIR_EJ-2025_QIDB-RR-P_V01_2024-02-23.pdf","ICD_HCH_Schlaganfall_Ausschluss","ICD","ICD-Ausschlusskodes für einen Schlaganfall","I60.0%","I60.0%"
"DeQS_KCHK-MK-CHIR_EJ-2025_QIDB-RR-P_V01_2024-02-23.pdf","ICD_HCH_Schlaganfall_Ausschluss","ICD","ICD-Ausschlusskodes für einen Schlaganfall","I60.1%","I60.1%"
"DeQS_KCHK-MK-CHIR_EJ-2025_QIDB-RR-P_V01_2024-02-23.pdf","ICD_HCH_Schlaganfall_Ausschluss","ICD","ICD-Ausschlusskodes für einen Schlaganfall","I60.2%","I60.2%"
"DeQS_KCHK-MK-CHIR_EJ-2025_QIDB-RR-P_V01_2024-02-23.pdf","ICD_HCH_Schlaganfall_Ausschluss","ICD","ICD-Ausschlusskodes für einen Schlaganfall","I60.3%","I60.3%"
"DeQS_KCHK-MK-CHIR_EJ-2025_QIDB-RR-P_V01_2024-02-23.pdf","ICD_HCH_Schlaganfall_Ausschluss","ICD","ICD-Ausschlusskodes für einen Schlaganfall","I60.4%","I60.4%"
"DeQS_KCHK-MK-CHIR_EJ-2025_QIDB-RR-P_V01_2024-02-23.pdf","ICD_HCH_Schlaganfall_Ausschluss","ICD","ICD-Ausschlusskodes für einen Schlaganfall","I60.5%","I60.5%"
"DeQS_KCHK-MK-CHIR_EJ-2025_QIDB-RR-P_V01_2024-02-23.pdf","ICD_HCH_Schlaganfall_Ausschluss","ICD","ICD-Ausschlusskodes für einen Schlaganfall","I60.6%","I60.6%"
"DeQS_KCHK-MK-CHIR_EJ-2025_QIDB-RR-P_V01_2024-02-23.pdf","ICD_HCH_Schlaganfall_Ausschluss","ICD","ICD-Ausschlusskodes für einen Schlaganfall","I60.7%","I60.7%"
"DeQS_KCHK-MK-CHIR_EJ-2025_QIDB-RR-P_V01_2024-02-23.pdf","ICD_HCH_Schlaganfall_Ausschluss","ICD","ICD-Ausschlusskodes für einen Schlaganfall","I60.8%","I60.8%"
"DeQS_KCHK-MK-CHIR_EJ-2025_QIDB-RR-P_V01_2024-02-23.pdf","ICD_HCH_Schlaganfall_Ausschluss","ICD","ICD-Ausschlusskodes für einen Schlaganfall","I60.9%","I60.9%"
"DeQS_KCHK-MK-CHIR_EJ-2025_QIDB-RR-P_V01_2024-02-23.pdf","ICD_HCH_Schlaganfall_Ausschluss","ICD","ICD-Ausschlusskodes für einen Schlaganfall","I67.10%","I67.10%"
"DeQS_KCHK-MK-CHIR_EJ-2025_QIDB-RR-P_V01_2024-02-23.pdf","ICD_HCH_Schlaganfall_Ausschluss","ICD","ICD-Ausschlusskodes für einen Schlaganfall","I67.11%","I67.11%"
"DeQS_KCHK-MK-CHIR_EJ-2025_QIDB-RR-P_V01_2024-02-23.pdf","ICD_HCH_Schlaganfall_Ausschluss","ICD","ICD-Ausschlusskodes für einen Schlaganfall","S06.0%","S06.0%"
"DeQS_KCHK-MK-CHIR_EJ-2025_QIDB-RR-P_V01_2024-02-23.pdf","ICD_HCH_Schlaganfall_Ausschluss","ICD","ICD-Ausschlusskodes für einen Schlaganfall","S06.1%","S06.1%"
"DeQS_KCHK-MK-CHIR_EJ-2025_QIDB-RR-P_V01_2024-02-23.pdf","ICD_HCH_Schlaganfall_Ausschluss","ICD","ICD-Ausschlusskodes für einen Schlaganfall","S06.20%","S06.20%"
"DeQS_KCHK-MK-CHIR_EJ-2025_QIDB-RR-P_V01_2024-02-23.pdf","ICD_HCH_Schlaganfall_Ausschluss","ICD","ICD-Ausschlusskodes für einen Schlaganfall","S06.21%","S06.21%"
"DeQS_KCHK-MK-CHIR_EJ-2025_QIDB-RR-P_V01_2024-02-23.pdf","ICD_HCH_Schlaganfall_Ausschluss","ICD","ICD-Ausschlusskodes für einen Schlaganfall","S06.22%","S06.22%"
"DeQS_KCHK-MK-CHIR_EJ-2025_QIDB-RR-P_V01_2024-02-23.pdf","ICD_HCH_Schlaganfall_Ausschluss","ICD","ICD-Ausschlusskodes für einen Schlaganfall","S06.23%","S06.23%"
"DeQS_KCHK-MK-CHIR_EJ-2025_QIDB-RR-P_V01_2024-02-23.pdf","ICD_HCH_Schlaganfall_Ausschluss","ICD","ICD-Ausschlusskodes für einen Schlaganfall","S06.28%","S06.28%"
"DeQS_KCHK-MK-CHIR_EJ-2025_QIDB-RR-P_V01_2024-02-23.pdf","ICD_HCH_Schlaganfall_Ausschluss","ICD","ICD-Ausschlusskodes für einen Schlaganfall","S06.30%","S06.30%"
"DeQS_KCHK-MK-CHIR_EJ-2025_QIDB-RR-P_V01_2024-02-23.pdf","ICD_HCH_Schlaganfall_Ausschluss","ICD","ICD-Ausschlusskodes für einen Schlaganfall","S06.31%","S06.31%"
"DeQS_KCHK-MK-CHIR_EJ-2025_QIDB-RR-P_V01_2024-02-23.pdf","ICD_HCH_Schlaganfall_Ausschluss","ICD","ICD-Ausschlusskodes für einen Schlaganfall","S06.32%","S06.32%"
"DeQS_KCHK-MK-CHIR_EJ-2025_QIDB-RR-P_V01_2024-02-23.pdf","ICD_HCH_Schlaganfall_Ausschluss","ICD","ICD-Ausschlusskodes für einen Schlaganfall","S06.33%","S06.33%"
"DeQS_KCHK-MK-CHIR_EJ-2025_QIDB-RR-P_V01_2024-02-23.pdf","ICD_HCH_Schlaganfall_Ausschluss","ICD","ICD-Ausschlusskodes für einen Schlaganfall","S06.34%","S06.34%"
"DeQS_KCHK-MK-CHIR_EJ-2025_QIDB-RR-P_V01_2024-02-23.pdf","ICD_HCH_Schlaganfall_Ausschluss","ICD","ICD-Ausschlusskodes für einen Schlaganfall","S06.38%","S06.38%"
"DeQS_KCHK-MK-CHIR_EJ-2025_QIDB-RR-P_V01_2024-02-23.pdf","ICD_HCH_Schlaganfall_Ausschluss","ICD","ICD-Ausschlusskodes für einen Schlaganfall","S06.4%","S06.4%"
"DeQS_KCHK-MK-CHIR_EJ-2025_QIDB-RR-P_V01_2024-02-23.pdf","ICD_HCH_Schlaganfall_Ausschluss","ICD","ICD-Ausschlusskodes für einen Schlaganfall","S06.5%","S06.5%"
"DeQS_KCHK-MK-CHIR_EJ-2025_QIDB-RR-P_V01_2024-02-23.pdf","ICD_HCH_Schlaganfall_Ausschluss","ICD","ICD-Ausschlusskodes für einen Schlaganfall","S06.6%","S06.6%"
"DeQS_KCHK-MK-CHIR_EJ-2025_QIDB-RR-P_V01_2024-02-23.pdf","ICD_HCH_Schlaganfall_Ausschluss","ICD","ICD-Ausschlusskodes für einen Schlaganfall","S06.70%","S06.70%"
"DeQS_KCHK-MK-CHIR_EJ-2025_QIDB-RR-P_V01_2024-02-23.pdf","ICD_HCH_Schlaganfall_Ausschluss","ICD","ICD-Ausschlusskodes für einen Schlaganfall","S06.71%","S06.71%"
"DeQS_KCHK-MK-CHIR_EJ-2025_QIDB-RR-P_V01_2024-02-23.pdf","ICD_HCH_Schlaganfall_Ausschluss","ICD","ICD-Ausschlusskodes für einen Schlaganfall","S06.72%","S06.72%"
"DeQS_KCHK-MK-CHIR_EJ-2025_QIDB-RR-P_V01_2024-02-23.pdf","ICD_HCH_Schlaganfall_Ausschluss","ICD","ICD-Ausschlusskodes für einen Schlaganfall","S06.73%","S06.73%"
"DeQS_KCHK-MK-CHIR_EJ-2025_QIDB-RR-P_V01_2024-02-23.pdf","ICD_HCH_Schlaganfall_Ausschluss","ICD","ICD-Ausschlusskodes für einen Schlaganfall","S06.79%","S06.79%"
"DeQS_KCHK-MK-CHIR_EJ-2025_QIDB-RR-P_V01_2024-02-23.pdf","ICD_HCH_Schlaganfall_Ausschluss","ICD","ICD-Ausschlusskodes für einen Schlaganfall","S06.8%","S06.8%"
"DeQS_KCHK-MK-CHIR_EJ-2025_QIDB-RR-P_V01_2024-02-23.pdf","ICD_HCH_Schlaganfall_Ausschluss","ICD","ICD-Ausschlusskodes für einen Schlaganfall","S06.9%","S06.9%"
"DeQS_KCHK-MK-CHIR_EJ-2025_QIDB-RR-P_V01_2024-02-23.pdf","OPS_HCH_Komplikationen_Gefaesskomplikationen","OPS","OPS-Einschlusskodes für therapiebedürftige zugangsassoziierte Gefäßkomplikation","5380.12%","5380.12%"
"DeQS_KCHK-MK-CHIR_EJ-2025_QIDB-RR-P_V01_2024-02-23.pdf","OPS_HCH_Komplikationen_Gefaesskomplikationen","OPS","OPS-Einschlusskodes für therapiebedürftige zugangsassoziierte Gefäßkomplikation","5380.52%","5380.52%"
"DeQS_KCHK-MK-CHIR_EJ-2025_QIDB-RR-P_V01_2024-02-23.pdf","OPS_HCH_Komplikationen_Gefaesskomplikationen","OPS","OPS-Einschlusskodes für therapiebedürftige zugangsassoziierte Gefäßkomplikation","5380.54%","5380.54%"
"DeQS_KCHK-MK-CHIR_EJ-2025_QIDB-RR-P_V01_2024-02-23.pdf","OPS_HCH_Komplikationen_Gefaesskomplikationen","OPS","OPS-Einschlusskodes für therapiebedürftige zugangsassoziierte Gefäßkomplikation","5380.56%","5380.56%"
"DeQS_KCHK-MK-CHIR_EJ-2025_QIDB-RR-P_V01_2024-02-23.pdf","OPS_HCH_Komplikationen_Gefaesskomplikationen","OPS","OPS-Einschlusskodes für therapiebedürftige zugangsassoziierte Gefäßkomplikation","5380.70%","5380.70%"
"DeQS_KCHK-MK-CHIR_EJ-2025_QIDB-RR-P_V01_2024-02-23.pdf","OPS_HCH_Komplikationen_Gefaesskomplikationen","OPS","OPS-Einschlusskodes für therapiebedürftige zugangsassoziierte Gefäßkomplikation","5380.71%","5380.71%"
"DeQS_KCHK-MK-CHIR_EJ-2025_QIDB-RR-P_V01_2024-02-23.pdf","OPS_HCH_Komplikationen_Gefaesskomplikationen","OPS","OPS-Einschlusskodes für therapiebedürftige zugangsassoziierte Gefäßkomplikation","5380.72%","5380.72%"
"DeQS_KCHK-MK-CHIR_EJ-2025_QIDB-RR-P_V01_2024-02-23.pdf","OPS_HCH_Komplikationen_Gefaesskomplikationen","OPS","OPS-Einschlusskodes für therapiebedürftige zugangsassoziierte Gefäßkomplikation","5380.96%","5380.96%"
"DeQS_KCHK-MK-CHIR_EJ-2025_QIDB-RR-P_V01_2024-02-23.pdf","OPS_HCH_Komplikationen_Gefaesskomplikationen","OPS","OPS-Einschlusskodes für therapiebedürftige zugangsassoziierte Gefäßkomplikation","5380.9b%","5380.9b%"
"DeQS_KCHK-MK-CHIR_EJ-2025_QIDB-RR-P_V01_2024-02-23.pdf","OPS_HCH_Komplikationen_Gefaesskomplikationen","OPS","OPS-Einschlusskodes für therapiebedürftige zugangsassoziierte Gefäßkomplikation","5381.33%","5381.33%"
"DeQS_KCHK-MK-CHIR_EJ-2025_QIDB-RR-P_V01_2024-02-23.pdf","OPS_HCH_Komplikationen_Gefaesskomplikationen","OPS","OPS-Einschlusskodes für therapiebedürftige zugangsassoziierte Gefäßkomplikation","5381.54%","5381.54%"
"DeQS_KCHK-MK-CHIR_EJ-2025_QIDB-RR-P_V01_2024-02-23.pdf","OPS_HCH_Komplikationen_Gefaesskomplikationen","OPS","OPS-Einschlusskodes für therapiebedürftige zugangsassoziierte Gefäßkomplikation","5381.70%","5381.70%"
"DeQS_KCHK-MK-CHIR_EJ-2025_QIDB-RR-P_V01_2024-02-23.pdf","OPS_HCH_Komplikationen_Gefaesskomplikationen","OPS","OPS-Einschlusskodes für therapiebedürftige zugangsassoziierte Gefäßkomplikation","5381.71%","5381.71%"
"DeQS_KCHK-MK-CHIR_EJ-2025_QIDB-RR-P_V01_2024-02-23.pdf","OPS_HCH_Komplikationen_Gefaesskomplikationen","OPS","OPS-Einschlusskodes für therapiebedürftige zugangsassoziierte Gefäßkomplikation","5383.70%","5383.70%"
"DeQS_KCHK-MK-CHIR_EJ-2025_QIDB-RR-P_V01_2024-02-23.pdf","OPS_HCH_Komplikationen_Gefaesskomplikationen","OPS","OPS-Einschlusskodes für therapiebedürftige zugangsassoziierte Gefäßkomplikation","5384.01%","5384.01%"
"DeQS_KCHK-MK-CHIR_EJ-2025_QIDB-RR-P_V01_2024-02-23.pdf","OPS_HCH_Komplikationen_Gefaesskomplikationen","OPS","OPS-Einschlusskodes für therapiebedürftige zugangsassoziierte Gefäßkomplikation","5384.12%","5384.12%"
"DeQS_KCHK-MK-CHIR_EJ-2025_QIDB-RR-P_V01_2024-02-23.pdf","OPS_HCH_Komplikationen_Gefaesskomplikationen","OPS","OPS-Einschlusskodes für therapiebedürftige zugangsassoziierte Gefäßkomplikation","5384.1x%","5384.1x%"
"DeQS_KCHK-MK-CHIR_EJ-2025_QIDB-RR-P_V01_2024-02-23.pdf","OPS_HCH_Komplikationen_Gefaesskomplikationen","OPS","OPS-Einschlusskodes für therapiebedürftige zugangsassoziierte Gefäßkomplikation","5384.74%","5384.74%"
"DeQS_KCHK-MK-CHIR_EJ-2025_QIDB-RR-P_V01_2024-02-23.pdf","OPS_HCH_Komplikationen_Gefaesskomplikationen","OPS","OPS-Einschlusskodes für therapiebedürftige zugangsassoziierte Gefäßkomplikation","5384.d1%","5384.d1%"
"DeQS_KCHK-MK-CHIR_EJ-2025_QIDB-RR-P_V01_2024-02-23.pdf","OPS_HCH_Komplikationen_Gefaesskomplikationen","OPS","OPS-Einschlusskodes für therapiebedürftige zugangsassoziierte Gefäßkomplikation","5384.d2%","5384.d2%"
"DeQS_KCHK-MK-CHIR_EJ-2025_QIDB-RR-P_V01_2024-02-23.pdf","OPS_HCH_Komplikationen_Gefaesskomplikationen","OPS","OPS-Einschlusskodes für therapiebedürftige zugangsassoziierte Gefäßkomplikation","5384.dx%","5384.dx%"
"DeQS_KCHK-MK-CHIR_EJ-2025_QIDB-RR-P_V01_2024-02-23.pdf","OPS_HCH_Komplikationen_Gefaesskomplikationen","OPS","OPS-Einschlusskodes für therapiebedürftige zugangsassoziierte Gefäßkomplikation","5384.e%","5384.e%"
"DeQS_KCHK-MK-CHIR_EJ-2025_QIDB-RR-P_V01_2024-02-23.pdf","OPS_HCH_Komplikationen_Gefaesskomplikationen","OPS","OPS-Einschlusskodes für therapiebedürftige zugangsassoziierte Gefäßkomplikation","5384.e1%","5384.e1%"
"DeQS_KCHK-MK-CHIR_EJ-2025_QIDB-RR-P_V01_2024-02-23.pdf","OPS_HCH_Komplikationen_Gefaesskomplikationen","OPS","OPS-Einschlusskodes für therapiebedürftige zugangsassoziierte Gefäßkomplikation","5384.e2%","5384.e2%"
"DeQS_KCHK-MK-CHIR_EJ-2025_QIDB-RR-P_V01_2024-02-23.pdf","OPS_HCH_Komplikationen_Gefaesskomplikationen","OPS","OPS-Einschlusskodes für therapiebedürftige zugangsassoziierte Gefäßkomplikation","5384.ex%","5384.ex%"
"DeQS_KCHK-MK-CHIR_EJ-2025_QIDB-RR-P_V01_2024-02-23.pdf","OPS_HCH_Komplikationen_Gefaesskomplikationen","OPS","OPS-Einschlusskodes für therapiebedürftige zugangsassoziierte Gefäßkomplikation","5384.f1%","5384.f1%"
"DeQS_KCHK-MK-CHIR_EJ-2025_QIDB-RR-P_V01_2024-02-23.pdf","OPS_HCH_Komplikationen_Gefaesskomplikationen","OPS","OPS-Einschlusskodes für therapiebedürftige zugangsassoziierte Gefäßkomplikation","5384.f2%","5384.f2%"
"DeQS_KCHK-MK-CHIR_EJ-2025_QIDB-RR-P_V01_2024-02-23.pdf","OPS_HCH_Komplikationen_Gefaesskomplikationen","OPS","OPS-Einschlusskodes für therapiebedürftige zugangsassoziierte Gefäßkomplikation","5384.fx%","5384.fx%"
"DeQS_KCHK-MK-CHIR_EJ-2025_QIDB-RR-P_V01_2024-02-23.pdf","OPS_HCH_Komplikationen_Gefaesskomplikationen","OPS","OPS-Einschlusskodes für therapiebedürftige zugangsassoziierte Gefäßkomplikation","5388.11%","5388.11%"
"DeQS_KCHK-MK-CHIR_EJ-2025_QIDB-RR-P_V01_2024-02-23.pdf","OPS_HCH_Komplikationen_Gefaesskomplikationen","OPS","OPS-Einschlusskodes für therapiebedürftige zugangsassoziierte Gefäßkomplikation","5388.12%","5388.12%"
"DeQS_KCHK-MK-CHIR_EJ-2025_QIDB-RR-P_V01_2024-02-23.pdf","OPS_HCH_Komplikationen_Gefaesskomplikationen","OPS","OPS-Einschlusskodes für therapiebedürftige zugangsassoziierte Gefäßkomplikation","5388.30%","5388.30%"
"DeQS_KCHK-MK-CHIR_EJ-2025_QIDB-RR-P_V01_2024-02-23.pdf","OPS_HCH_Komplikationen_Gefaesskomplikationen","OPS","OPS-Einschlusskodes für therapiebedürftige zugangsassoziierte Gefäßkomplikation","5388.70%","5388.70%"
"DeQS_KCHK-MK-CHIR_EJ-2025_QIDB-RR-P_V01_2024-02-23.pdf","OPS_HCH_Komplikationen_Gefaesskomplikationen","OPS","OPS-Einschlusskodes für therapiebedürftige zugangsassoziierte Gefäßkomplikation","5388.72%","5388.72%"
"DeQS_KCHK-MK-CHIR_EJ-2025_QIDB-RR-P_V01_2024-02-23.pdf","OPS_HCH_Komplikationen_Gefaesskomplikationen","OPS","OPS-Einschlusskodes für therapiebedürftige zugangsassoziierte Gefäßkomplikation","5388.91%","5388.91%"
"DeQS_KCHK-MK-CHIR_EJ-2025_QIDB-RR-P_V01_2024-02-23.pdf","OPS_HCH_Komplikationen_Gefaesskomplikationen","OPS","OPS-Einschlusskodes für therapiebedürftige zugangsassoziierte Gefäßkomplikation","5388.96%","5388.96%"
"DeQS_KCHK-MK-CHIR_EJ-2025_QIDB-RR-P_V01_2024-02-23.pdf","OPS_HCH_Komplikationen_Gefaesskomplikationen","OPS","OPS-Einschlusskodes für therapiebedürftige zugangsassoziierte Gefäßkomplikation","5388.99%","5388.99%"
"DeQS_KCHK-MK-CHIR_EJ-2025_QIDB-RR-P_V01_2024-02-23.pdf","OPS_HCH_Komplikationen_Gefaesskomplikationen","OPS","OPS-Einschlusskodes für therapiebedürftige zugangsassoziierte Gefäßkomplikation","5388.9b%","5388.9b%"
"DeQS_KCHK-MK-CHIR_EJ-2025_QIDB-RR-P_V01_2024-02-23.pdf","OPS_HCH_Komplikationen_Gefaesskomplikationen","OPS","OPS-Einschlusskodes für therapiebedürftige zugangsassoziierte Gefäßkomplikation","5389.70%","5389.70%"
"DeQS_KCHK-MK-CHIR_EJ-2025_QIDB-RR-P_V01_2024-02-23.pdf","OPS_HCH_Komplikationen_Gefaesskomplikationen","OPS","OPS-Einschlusskodes für therapiebedürftige zugangsassoziierte Gefäßkomplikation","5389.9b%","5389.9b%"
"DeQS_KCHK-MK-CHIR_EJ-2025_QIDB-RR-P_V01_2024-02-23.pdf","OPS_HCH_Komplikationen_Gefaesskomplikationen","OPS","OPS-Einschlusskodes für therapiebedürftige zugangsassoziierte Gefäßkomplikation","5395.70%","5395.70%"
"DeQS_KCHK-MK-CHIR_EJ-2025_QIDB-RR-P_V01_2024-02-23.pdf","OPS_HCH_Komplikationen_Gefaesskomplikationen","OPS","OPS-Einschlusskodes für therapiebedürftige zugangsassoziierte Gefäßkomplikation","5395.71%","5395.71%"
"DeQS_KCHK-MK-CHIR_EJ-2025_QIDB-RR-P_V01_2024-02-23.pdf","OPS_HCH_Komplikationen_Gefaesskomplikationen","OPS","OPS-Einschlusskodes für therapiebedürftige zugangsassoziierte Gefäßkomplikation","5395.96%","5395.96%"
"DeQS_KCHK-MK-CHIR_EJ-2025_QIDB-RR-P_V01_2024-02-23.pdf","OPS_HCH_Komplikationen_Gefaesskomplikationen","OPS","OPS-Einschlusskodes für therapiebedürftige zugangsassoziierte Gefäßkomplikation","5395.97%","5395.97%"
"DeQS_KCHK-MK-CHIR_EJ-2025_QIDB-RR-P_V01_2024-02-23.pdf","OPS_HCH_Komplikationen_Gefaesskomplikationen","OPS","OPS-Einschlusskodes für therapiebedürftige zugangsassoziierte Gefäßkomplikation","5397.70%","5397.70%"
"DeQS_KCHK-MK-CHIR_EJ-2025_QIDB-RR-P_V01_2024-02-23.pdf","OPS_HCH_Komplikationen_Gefaesskomplikationen","OPS","OPS-Einschlusskodes für therapiebedürftige zugangsassoziierte Gefäßkomplikation","5397.72%","5397.72%"
"DeQS_KCHK-MK-CHIR_EJ-2025_QIDB-RR-P_V01_2024-02-23.pdf","OPS_HCH_Komplikationen_Gefaesskomplikationen","OPS","OPS-Einschlusskodes für therapiebedürftige zugangsassoziierte Gefäßkomplikation","5397.97%","5397.97%"
"DeQS_KCHK-MK-CHIR_EJ-2025_QIDB-RR-P_V01_2024-02-23.pdf","OPS_HCH_Komplikationen_Gefaesskomplikationen","OPS","OPS-Einschlusskodes für therapiebedürftige zugangsassoziierte Gefäßkomplikation","5399.1%","5399.1%"
"DeQS_KCHK-MK-CHIR_EJ-2025_QIDB-RR-P_V01_2024-02-23.pdf","OPS_HCH_Komplikationen_Gefaesskomplikationen","OPS","OPS-Einschlusskodes für therapiebedürftige zugangsassoziierte Gefäßkomplikation","8836.02%","8836.02%"
"DeQS_KCHK-MK-CHIR_EJ-2025_QIDB-RR-P_V01_2024-02-23.pdf","OPS_HCH_Komplikationen_Gefaesskomplikationen","OPS","OPS-Einschlusskodes für therapiebedürftige zugangsassoziierte Gefäßkomplikation","8836.y%","8836.y%"
"DeQS_KCHK-MK-CHIR_EJ-2025_QIDB-RR-P_V01_2024-02-23.pdf","OPS_HCH_Komplikationen_Gefaesskomplikationen","OPS","OPS-Einschlusskodes für therapiebedürftige zugangsassoziierte Gefäßkomplikation","8842.02%","8842.02%"
"DeQS_KCHK-MK-CHIR_EJ-2025_QIDB-RR-P_V01_2024-02-23.pdf","OPS_HCH_Komplikationen_Infektionen","OPS","OPS-Einschlusskodes für therapiebedürftige zugangsassoziierte Infektion","5343.0%","5343.0%"
"DeQS_KCHK-MK-CHIR_EJ-2025_QIDB-RR-P_V01_2024-02-23.pdf","OPS_HCH_Komplikationen_Infektionen","OPS","OPS-Einschlusskodes für therapiebedürftige zugangsassoziierte Infektion","5343.1%","5343.1%"
"DeQS_KCHK-MK-CHIR_EJ-2025_QIDB-RR-P_V01_2024-02-23.pdf","OPS_HCH_Komplikationen_Infektionen","OPS","OPS-Einschlusskodes für therapiebedürftige zugangsassoziierte Infektion","5343.2%","5343.2%"
"DeQS_KCHK-MK-CHIR_EJ-2025_QIDB-RR-P_V01_2024-02-23.pdf","OPS_HCH_Komplikationen_Infektionen","OPS","OPS-Einschlusskodes für therapiebedürftige zugangsassoziierte Infektion","5343.3%","5343.3%"
"DeQS_KCHK-MK-CHIR_EJ-2025_QIDB-RR-P_V01_2024-02-23.pdf","OPS_HCH_Komplikationen_Infektionen","OPS","OPS-Einschlusskodes für therapiebedürftige zugangsassoziierte Infektion","5343.4%","5343.4%"
"DeQS_KCHK-MK-CHIR_EJ-2025_QIDB-RR-P_V01_2024-02-23.pdf","OPS_HCH_Komplikationen_Infektionen","OPS","OPS-Einschlusskodes für therapiebedürftige zugangsassoziierte Infektion","5343.5%","5343.5%"
"DeQS_KCHK-MK-CHIR_EJ-2025_QIDB-RR-P_V01_2024-02-23.pdf","OPS_HCH_Komplikationen_Infektionen","OPS","OPS-Einschlusskodes für therapiebedürftige zugangsassoziierte Infektion","5343.6%","5343.6%"
"DeQS_KCHK-MK-CHIR_EJ-2025_QIDB-RR-P_V01_2024-02-23.pdf","OPS_HCH_Komplikationen_Infektionen","OPS","OPS-Einschlusskodes für therapiebedürftige zugangsassoziierte Infektion","5343.7%","5343.7%"
"DeQS_KCHK-MK-CHIR_EJ-2025_QIDB-RR-P_V01_2024-02-23.pdf","OPS_HCH_Komplikationen_Infektionen","OPS","OPS-Einschlusskodes für therapiebedürftige zugangsassoziierte Infektion","5343.x%","5343.x%"
"DeQS_KCHK-MK-CHIR_EJ-2025_QIDB-RR-P_V01_2024-02-23.pdf","OPS_HCH_Komplikationen_Infektionen","OPS","OPS-Einschlusskodes für therapiebedürftige zugangsassoziierte Infektion","5343.y%","5343.y%"
"DeQS_KCHK-MK-CHIR_EJ-2025_QIDB-RR-P_V01_2024-02-23.pdf","OPS_HCH_Komplikationen_Infektionen","OPS","OPS-Einschlusskodes für therapiebedürftige zugangsassoziierte Infektion","5346.60%","5346.60%"
"DeQS_KCHK-MK-CHIR_EJ-2025_QIDB-RR-P_V01_2024-02-23.pdf","OPS_HCH_Komplikationen_Infektionen","OPS","OPS-Einschlusskodes für therapiebedürftige zugangsassoziierte Infektion","5346.61%","5346.61%"
"DeQS_KCHK-MK-CHIR_EJ-2025_QIDB-RR-P_V01_2024-02-23.pdf","OPS_HCH_Komplikationen_Infektionen","OPS","OPS-Einschlusskodes für therapiebedürftige zugangsassoziierte Infektion","5346.62%","5346.62%"
"DeQS_KCHK-MK-CHIR_EJ-2025_QIDB-RR-P_V01_2024-02-23.pdf","OPS_HCH_Komplikationen_Infektionen","OPS","OPS-Einschlusskodes für therapiebedürftige zugangsassoziierte Infektion","5346.63%","5346.63%"
"DeQS_KCHK-MK-CHIR_EJ-2025_QIDB-RR-P_V01_2024-02-23.pdf","OPS_HCH_Komplikationen_Infektionen","OPS","OPS-Einschlusskodes für therapiebedürftige zugangsassoziierte Infektion","5346.6x%","5346.6x%"
"DeQS_KCHK-MK-CHIR_EJ-2025_QIDB-RR-P_V01_2024-02-23.pdf","OPS_HCH_Komplikationen_Infektionen","OPS","OPS-Einschlusskodes für therapiebedürftige zugangsassoziierte Infektion","5346.80%","5346.80%"
"DeQS_KCHK-MK-CHIR_EJ-2025_QIDB-RR-P_V01_2024-02-23.pdf","OPS_HCH_Komplikationen_Infektionen","OPS","OPS-Einschlusskodes für therapiebedürftige zugangsassoziierte Infektion","5346.81%","5346.81%"
"DeQS_KCHK-MK-CHIR_EJ-2025_QIDB-RR-P_V01_2024-02-23.pdf","OPS_HCH_Komplikationen_Infektionen","OPS","OPS-Einschlusskodes für therapiebedürftige zugangsassoziierte Infektion","5346.8x%","5346.8x%"
"DeQS_KCHK-MK-CHIR_EJ-2025_QIDB-RR-P_V01_2024-02-23.pdf","OPS_HCH_Komplikationen_Infektionen","OPS","OPS-Einschlusskodes für therapiebedürftige zugangsassoziierte Infektion","5346.b%","5346.b%"
"DeQS_KCHK-MK-CHIR_EJ-2025_QIDB-RR-P_V01_2024-02-23.pdf","OPS_HCH_Komplikationen_Infektionen","OPS","OPS-Einschlusskodes für therapiebedürftige zugangsassoziierte Infektion","5349.1%","5349.1%"
"DeQS_KCHK-MK-CHIR_EJ-2025_QIDB-RR-P_V01_2024-02-23.pdf","OPS_HCH_Komplikationen_Infektionen","OPS","OPS-Einschlusskodes für therapiebedürftige zugangsassoziierte Infektion","5349.2%","5349.2%"
"DeQS_KCHK-MK-CHIR_EJ-2025_QIDB-RR-P_V01_2024-02-23.pdf","OPS_HCH_Komplikationen_Infektionen","OPS","OPS-Einschlusskodes für therapiebedürftige zugangsassoziierte Infektion","5894.0c%","5894.0c%"
"DeQS_KCHK-MK-CHIR_EJ-2025_QIDB-RR-P_V01_2024-02-23.pdf","OPS_HCH_Komplikationen_Infektionen","OPS","OPS-Einschlusskodes für therapiebedürftige zugangsassoziierte Infektion","5894.1c%","5894.1c%"
"DeQS_KCHK-MK-CHIR_EJ-2025_QIDB-RR-P_V01_2024-02-23.pdf","OPS_HCH_Komplikationen_Infektionen","OPS","OPS-Einschlusskodes für therapiebedürftige zugangsassoziierte Infektion","5895.2c%","5895.2c%"
"DeQS_KCHK-MK-CHIR_EJ-2025_QIDB-RR-P_V01_2024-02-23.pdf","OPS_HCH_Komplikationen_Infektionen","OPS","OPS-Einschlusskodes für therapiebedürftige zugangsassoziierte Infektion","5896.0c%","5896.0c%"
"DeQS_KCHK-MK-CHIR_EJ-2025_QIDB-RR-P_V01_2024-02-23.pdf","OPS_HCH_Komplikationen_Infektionen","OPS","OPS-Einschlusskodes für therapiebedürftige zugangsassoziierte Infektion","5896.1c%","5896.1c%"
"DeQS_KCHK-MK-CHIR_EJ-2025_QIDB-RR-P_V01_2024-02-23.pdf","OPS_HCH_Komplikationen_Infektionen","OPS","OPS-Einschlusskodes für therapiebedürftige zugangsassoziierte Infektion","5896.26%","5896.26%"
"DeQS_KCHK-MK-CHIR_EJ-2025_QIDB-RR-P_V01_2024-02-23.pdf","OPS_HCH_Komplikationen_Infektionen","OPS","OPS-Einschlusskodes für therapiebedürftige zugangsassoziierte Infektion","5896.2c%","5896.2c%"
"DeQS_KCHK-MK-CHIR_EJ-2025_QIDB-RR-P_V01_2024-02-23.pdf","OPS_HCH_Komplikationen_Infektionen","OPS","OPS-Einschlusskodes für therapiebedürftige zugangsassoziierte Infektion","5916.a2%","5916.a2%"
"DeQS_KCHK-MK-CHIR_EJ-2025_QIDB-RR-P_V01_2024-02-23.pdf","OPS_HCH_Komplikationen_mechanisch","OPS","OPS-Einschlusskodes für mechanische Komplikation durch eingebrachtes Fremdmaterial oder paravulväre Leckage","5354.13%","5354.13%"
"DeQS_KCHK-MK-CHIR_EJ-2025_QIDB-RR-P_V01_2024-02-23.pdf","OPS_HCH_Komplikationen_mechanisch","OPS","OPS-Einschlusskodes für mechanische Komplikation durch eingebrachtes Fremdmaterial oder paravulväre Leckage","5354.1x%","5354.1x%"
"DeQS_KCHK-MK-CHIR_EJ-2025_QIDB-RR-P_V01_2024-02-23.pdf","OPS_HCH_MK_Erneut","OPS","OPS-Einschlusskodes für erneuten Mitralklappeneingriff","5350.2%","5350.2%"
"DeQS_KCHK-MK-CHIR_EJ-2025_QIDB-RR-P_V01_2024-02-23.pdf","OPS_HCH_MK_Erneut","OPS","OPS-Einschlusskodes für erneuten Mitralklappeneingriff","5350.3%","5350.3%"
"DeQS_KCHK-MK-CHIR_EJ-2025_QIDB-RR-P_V01_2024-02-23.pdf","OPS_HCH_MK_Erneut","OPS","OPS-Einschlusskodes für erneuten Mitralklappeneingriff","5351.11%","5351.11%"
"DeQS_KCHK-MK-CHIR_EJ-2025_QIDB-RR-P_V01_2024-02-23.pdf","OPS_HCH_MK_Erneut","OPS","OPS-Einschlusskodes für erneuten Mitralklappeneingriff","5351.12%","5351.12%"
"DeQS_KCHK-MK-CHIR_EJ-2025_QIDB-RR-P_V01_2024-02-23.pdf","OPS_HCH_MK_Erneut","OPS","OPS-Einschlusskodes für erneuten Mitralklappeneingriff","5351.13%","5351.13%"
"DeQS_KCHK-MK-CHIR_EJ-2025_QIDB-RR-P_V01_2024-02-23.pdf","OPS_HCH_MK_Erneut","OPS","OPS-Einschlusskodes für erneuten Mitralklappeneingriff","5351.14%","5351.14%"
"DeQS_KCHK-MK-CHIR_EJ-2025_QIDB-RR-P_V01_2024-02-23.pdf","OPS_HCH_MK_Erneut","OPS","OPS-Einschlusskodes für erneuten Mitralklappeneingriff","5351.1x%","5351.1x%"
"DeQS_KCHK-MK-CHIR_EJ-2025_QIDB-RR-P_V01_2024-02-23.pdf","OPS_HCH_MK_Erneut","OPS","OPS-Einschlusskodes für erneuten Mitralklappeneingriff","5351.21%","5351.21%"
"DeQS_KCHK-MK-CHIR_EJ-2025_QIDB-RR-P_V01_2024-02-23.pdf","OPS_HCH_MK_Erneut","OPS","OPS-Einschlusskodes für erneuten Mitralklappeneingriff","5351.22%","5351.22%"
"DeQS_KCHK-MK-CHIR_EJ-2025_QIDB-RR-P_V01_2024-02-23.pdf","OPS_HCH_MK_Erneut","OPS","OPS-Einschlusskodes für erneuten Mitralklappeneingriff","5351.23%","5351.23%"
"DeQS_KCHK-MK-CHIR_EJ-2025_QIDB-RR-P_V01_2024-02-23.pdf","OPS_HCH_MK_Erneut","OPS","OPS-Einschlusskodes für erneuten Mitralklappeneingriff","5351.24%","5351.24%"
"DeQS_KCHK-MK-CHIR_EJ-2025_QIDB-RR-P_V01_2024-02-23.pdf","OPS_HCH_MK_Erneut","OPS","OPS-Einschlusskodes für erneuten Mitralklappeneingriff","5351.2x%","5351.2x%"
"DeQS_KCHK-MK-CHIR_EJ-2025_QIDB-RR-P_V01_2024-02-23.pdf","OPS_HCH_MK_Erneut","OPS","OPS-Einschlusskodes für erneuten Mitralklappeneingriff","5352.10%","5352.10%"
"DeQS_KCHK-MK-CHIR_EJ-2025_QIDB-RR-P_V01_2024-02-23.pdf","OPS_HCH_MK_Erneut","OPS","OPS-Einschlusskodes für erneuten Mitralklappeneingriff","5352.11%","5352.11%"
"DeQS_KCHK-MK-CHIR_EJ-2025_QIDB-RR-P_V01_2024-02-23.pdf","OPS_HCH_MK_Erneut","OPS","OPS-Einschlusskodes für erneuten Mitralklappeneingriff","5352.12%","5352.12%"
"DeQS_KCHK-MK-CHIR_EJ-2025_QIDB-RR-P_V01_2024-02-23.pdf","OPS_HCH_MK_Erneut","OPS","OPS-Einschlusskodes für erneuten Mitralklappeneingriff","5352.13%","5352.13%"
"DeQS_KCHK-MK-CHIR_EJ-2025_QIDB-RR-P_V01_2024-02-23.pdf","OPS_HCH_MK_Erneut","OPS","OPS-Einschlusskodes für erneuten Mitralklappeneingriff","5352.1x%","5352.1x%"
"DeQS_KCHK-MK-CHIR_EJ-2025_QIDB-RR-P_V01_2024-02-23.pdf","OPS_HCH_MK_Erneut","OPS","OPS-Einschlusskodes für erneuten Mitralklappeneingriff","5353.1%","5353.1%"
"DeQS_KCHK-MK-CHIR_EJ-2025_QIDB-RR-P_V01_2024-02-23.pdf","OPS_HCH_MK_Erneut","OPS","OPS-Einschlusskodes für erneuten Mitralklappeneingriff","5353.2%","5353.2%"
"DeQS_KCHK-MK-CHIR_EJ-2025_QIDB-RR-P_V01_2024-02-23.pdf","OPS_HCH_MK_Erneut","OPS","OPS-Einschlusskodes für erneuten Mitralklappeneingriff","5354.11%","5354.11%"
"DeQS_KCHK-MK-CHIR_EJ-2025_QIDB-RR-P_V01_2024-02-23.pdf","OPS_HCH_MK_Erneut","OPS","OPS-Einschlusskodes für erneuten Mitralklappeneingriff","5354.12%","5354.12%"
"DeQS_KCHK-MK-CHIR_EJ-2025_QIDB-RR-P_V01_2024-02-23.pdf","OPS_HCH_MK_Erneut","OPS","OPS-Einschlusskodes für erneuten Mitralklappeneingriff","5354.13%","5354.13%"
"DeQS_KCHK-MK-CHIR_EJ-2025_QIDB-RR-P_V01_2024-02-23.pdf","OPS_HCH_MK_Erneut","OPS","OPS-Einschlusskodes für erneuten Mitralklappeneingriff","5354.14%","5354.14%"
"DeQS_KCHK-MK-CHIR_EJ-2025_QIDB-RR-P_V01_2024-02-23.pdf","OPS_HCH_MK_Erneut","OPS","OPS-Einschlusskodes für erneuten Mitralklappeneingriff","5354.1x%","5354.1x%"
"DeQS_KCHK-MK-CHIR_EJ-2025_QIDB-RR-P_V01_2024-02-23.pdf","OPS_HCH_MK_Erneut","OPS","OPS-Einschlusskodes für erneuten Mitralklappeneingriff","535a.2%","535a.2%"
"DeQS_KCHK-MK-CHIR_EJ-2025_QIDB-RR-P_V01_2024-02-23.pdf","OPS_HCH_MK_Erneut","OPS","OPS-Einschlusskodes für erneuten Mitralklappeneingriff","535a.30%","535a.30%"
"DeQS_KCHK-MK-CHIR_EJ-2025_QIDB-RR-P_V01_2024-02-23.pdf","OPS_HCH_MK_Erneut","OPS","OPS-Einschlusskodes für erneuten Mitralklappeneingriff","535a.31%","535a.31%"
"DeQS_KCHK-MK-CHIR_EJ-2025_QIDB-RR-P_V01_2024-02-23.pdf","OPS_HCH_MK_Erneut","OPS","OPS-Einschlusskodes für erneuten Mitralklappeneingriff","535a.32%","535a.32%"
"DeQS_KCHK-MK-CHIR_EJ-2025_QIDB-RR-P_V01_2024-02-23.pdf","OPS_HCH_MK_Erneut","OPS","OPS-Einschlusskodes für erneuten Mitralklappeneingriff","535a.40%","535a.40%"
"DeQS_KCHK-MK-CHIR_EJ-2025_QIDB-RR-P_V01_2024-02-23.pdf","OPS_HCH_MK_Erneut","OPS","OPS-Einschlusskodes für erneuten Mitralklappeneingriff","535a.41%","535a.41%"
"DeQS_KCHK-MK-CHIR_EJ-2025_QIDB-RR-P_V01_2024-02-23.pdf","OPS_HCH_MK_Erneut","OPS","OPS-Einschlusskodes für erneuten Mitralklappeneingriff","535a.42%","535a.42%"
"DeQS_KCHK-MK-CHIR_EJ-2025_QIDB-RR-P_V01_2024-02-23.pdf","OPS_HCH_MK_Erneut","OPS","OPS-Einschlusskodes für erneuten Mitralklappeneingriff","8837.a1%","8837.a1%"
"DeQS_KCHK-MK-CHIR_EJ-2025_QIDB-RR-P_V01_2024-02-23.pdf","OPS_HCH_Schlaganfall","OPS","OPS-Einschlusskodes für einen Schlaganfall","8981.0%","8981.0%"
"DeQS_KCHK-MK-CHIR_EJ-2025_QIDB-RR-P_V01_2024-02-23.pdf","OPS_HCH_Schlaganfall","OPS","OPS-Einschlusskodes für einen Schlaganfall","8981.1%","8981.1%"
"DeQS_KCHK-MK-CHIR_EJ-2025_QIDB-RR-P_V01_2024-02-23.pdf","OPS_HCH_Schlaganfall","OPS","OPS-Einschlusskodes für einen Schlaganfall","8981.20%","8981.20%"
"DeQS_KCHK-MK-CHIR_EJ-2025_QIDB-RR-P_V01_2024-02-23.pdf","OPS_HCH_Schlaganfall","OPS","OPS-Einschlusskodes für einen Schlaganfall","8981.21%","8981.21%"
"DeQS_KCHK-MK-CHIR_EJ-2025_QIDB-RR-P_V01_2024-02-23.pdf","OPS_HCH_Schlaganfall","OPS","OPS-Einschlusskodes für einen Schlaganfall","8981.22%","8981.22%"
"DeQS_KCHK-MK-CHIR_EJ-2025_QIDB-RR-P_V01_2024-02-23.pdf","OPS_HCH_Schlaganfall","OPS","OPS-Einschlusskodes für einen Schlaganfall","8981.23%","8981.23%"
"DeQS_KCHK-MK-CHIR_EJ-2025_QIDB-RR-P_V01_2024-02-23.pdf","OPS_HCH_Schlaganfall","OPS","OPS-Einschlusskodes für einen Schlaganfall","8981.30%","8981.30%"
"DeQS_KCHK-MK-CHIR_EJ-2025_QIDB-RR-P_V01_2024-02-23.pdf","OPS_HCH_Schlaganfall","OPS","OPS-Einschlusskodes für einen Schlaganfall","8981.31%","8981.31%"
"DeQS_KCHK-MK-CHIR_EJ-2025_QIDB-RR-P_V01_2024-02-23.pdf","OPS_HCH_Schlaganfall","OPS","OPS-Einschlusskodes für einen Schlaganfall","8981.32%","8981.32%"
"DeQS_KCHK-MK-CHIR_EJ-2025_QIDB-RR-P_V01_2024-02-23.pdf","OPS_HCH_Schlaganfall","OPS","OPS-Einschlusskodes für einen Schlaganfall","8981.33%","8981.33%"
"DeQS_KCHK-MK-CHIR_EJ-2025_QIDB-RR-P_V01_2024-02-23.pdf","OPS_HCH_Schlaganfall","OPS","OPS-Einschlusskodes für einen Schlaganfall","898b.00%","898b.00%"
"DeQS_KCHK-MK-CHIR_EJ-2025_QIDB-RR-P_V01_2024-02-23.pdf","OPS_HCH_Schlaganfall","OPS","OPS-Einschlusskodes für einen Schlaganfall","898b.01%","898b.01%"
"DeQS_KCHK-MK-CHIR_EJ-2025_QIDB-RR-P_V01_2024-02-23.pdf","OPS_HCH_Schlaganfall","OPS","OPS-Einschlusskodes für einen Schlaganfall","898b.1%","898b.1%"
"DeQS_KCHK-MK-CHIR_EJ-2025_QIDB-RR-P_V01_2024-02-23.pdf","OPS_HCH_Schlaganfall","OPS","OPS-Einschlusskodes für einen Schlaganfall","898b.10%","898b.10%"
"DeQS_KCHK-MK-CHIR_EJ-2025_QIDB-RR-P_V01_2024-02-23.pdf","OPS_HCH_Schlaganfall","OPS","OPS-Einschlusskodes für einen Schlaganfall","898b.11%","898b.11%"
"DeQS_KCHK-MK-CHIR_EJ-2025_QIDB-RR-P_V01_2024-02-23.pdf","OPS_HCH_Schlaganfall","OPS","OPS-Einschlusskodes für einen Schlaganfall","898b.20%","898b.20%"
"DeQS_KCHK-MK-CHIR_EJ-2025_QIDB-RR-P_V01_2024-02-23.pdf","OPS_HCH_Schlaganfall","OPS","OPS-Einschlusskodes für einen Schlaganfall","898b.21%","898b.21%"
"DeQS_KCHK-MK-CHIR_EJ-2025_QIDB-RR-P_V01_2024-02-23.pdf","OPS_HCH_Schlaganfall","OPS","OPS-Einschlusskodes für einen Schlaganfall","898b.22%","898b.22%"
"DeQS_KCHK-MK-CHIR_EJ-2025_QIDB-RR-P_V01_2024-02-23.pdf","OPS_HCH_Schlaganfall","OPS","OPS-Einschlusskodes für einen Schlaganfall","898b.23%","898b.23%"
"DeQS_KCHK-MK-CHIR_EJ-2025_QIDB-RR-P_V01_2024-02-23.pdf","OPS_HCH_Schlaganfall","OPS","OPS-Einschlusskodes für einen Schlaganfall","898b.30%","898b.30%"
"DeQS_KCHK-MK-CHIR_EJ-2025_QIDB-RR-P_V01_2024-02-23.pdf","OPS_HCH_Schlaganfall","OPS","OPS-Einschlusskodes für einen Schlaganfall","898b.31%","898b.31%"
"DeQS_KCHK-MK-CHIR_EJ-2025_QIDB-RR-P_V01_2024-02-23.pdf","OPS_HCH_Schlaganfall","OPS","OPS-Einschlusskodes für einen Schlaganfall","898b.32%","898b.32%"
"DeQS_KCHK-MK-CHIR_EJ-2025_QIDB-RR-P_V01_2024-02-23.pdf","OPS_HCH_Schlaganfall","OPS","OPS-Einschlusskodes für einen Schlaganfall","898b.33%","898b.33%"
"DeQS_KCHK-MK-KATH_EJ-2025_QIDB-RR-P_V01_2024-02-23.pdf","ICD_HCH_Endokarditis","ICD","ICD-Einschlusskodes für Endokarditis","I33.0%","I33.0%"
"DeQS_KCHK-MK-KATH_EJ-2025_QIDB-RR-P_V01_2024-02-23.pdf","ICD_HCH_Endokarditis","ICD","ICD-Einschlusskodes für Endokarditis","I33.9%","I33.9%"
"DeQS_KCHK-MK-KATH_EJ-2025_QIDB-RR-P_V01_2024-02-23.pdf","ICD_HCH_Endokarditis","ICD","ICD-Einschlusskodes für Endokarditis","I38%","I38%"
"DeQS_KCHK-MK-KATH_EJ-2025_QIDB-RR-P_V01_2024-02-23.pdf","ICD_HCH_Endokarditis","ICD","ICD-Einschlusskodes für Endokarditis","T82.6%","T82.6%"
"DeQS_KCHK-MK-KATH_EJ-2025_QIDB-RR-P_V01_2024-02-23.pdf","ICD_HCH_Herzinsuffizienz","ICD","ICD-Einschlusskodes für Herzinsuffizienz","I50.00%","I50.00%"
"DeQS_KCHK-MK-KATH_EJ-2025_QIDB-RR-P_V01_2024-02-23.pdf","ICD_HCH_Herzinsuffizienz","ICD","ICD-Einschlusskodes für Herzinsuffizienz","I50.01%","I50.01%"
"DeQS_KCHK-MK-KATH_EJ-2025_QIDB-RR-P_V01_2024-02-23.pdf","ICD_HCH_Herzinsuffizienz","ICD","ICD-Einschlusskodes für Herzinsuffizienz","I50.11%","I50.11%"
"DeQS_KCHK-MK-KATH_EJ-2025_QIDB-RR-P_V01_2024-02-23.pdf","ICD_HCH_Herzinsuffizienz","ICD","ICD-Einschlusskodes für Herzinsuffizienz","I50.12%","I50.12%"
"DeQS_KCHK-MK-KATH_EJ-2025_QIDB-RR-P_V01_2024-02-23.pdf","ICD_HCH_Herzinsuffizienz","ICD","ICD-Einschlusskodes für Herzinsuffizienz","I50.13%","I50.13%"
"DeQS_KCHK-MK-KATH_EJ-2025_QIDB-RR-P_V01_2024-02-23.pdf","ICD_HCH_Herzinsuffizienz","ICD","ICD-Einschlusskodes für Herzinsuffizienz","I50.14%","I50.14%"
"DeQS_KCHK-MK-KATH_EJ-2025_QIDB-RR-P_V01_2024-02-23.pdf","ICD_HCH_Herzinsuffizienz","ICD","ICD-Einschlusskodes für Herzinsuffizienz","I50.19%","I50.19%"
"DeQS_KCHK-MK-KATH_EJ-2025_QIDB-RR-P_V01_2024-02-23.pdf","ICD_HCH_Herzinsuffizienz","ICD","ICD-Einschlusskodes für Herzinsuffizienz","I50.9%","I50.9%"
"DeQS_KCHK-MK-KATH_EJ-2025_QIDB-RR-P_V01_2024-02-23.pdf","ICD_HCH_Komplikationen_Gefaesskomplikationen","ICD","ICD-Einschlusskodes für therapiebedürftige zugangsassoziierte Gefäßkomplikation","I71.01%","I71.01%"
"DeQS_KCHK-MK-KATH_EJ-2025_QIDB-RR-P_V01_2024-02-23.pdf","ICD_HCH_Komplikationen_Gefaesskomplikationen","ICD","ICD-Einschlusskodes für therapiebedürftige zugangsassoziierte Gefäßkomplikation","I71.02%","I71.02%"
"DeQS_KCHK-MK-KATH_EJ-2025_QIDB-RR-P_V01_2024-02-23.pdf","ICD_HCH_Komplikationen_Gefaesskomplikationen","ICD","ICD-Einschlusskodes für therapiebedürftige zugangsassoziierte Gefäßkomplikation","I72.4%","I72.4%"
"DeQS_KCHK-MK-KATH_EJ-2025_QIDB-RR-P_V01_2024-02-23.pdf","ICD_HCH_Komplikationen_Gefaesskomplikationen","ICD","ICD-Einschlusskodes für therapiebedürftige zugangsassoziierte Gefäßkomplikation","I72.8%","I72.8%"
"DeQS_KCHK-MK-KATH_EJ-2025_QIDB-RR-P_V01_2024-02-23.pdf","ICD_HCH_Komplikationen_Gefaesskomplikationen","ICD","ICD-Einschlusskodes für therapiebedürftige zugangsassoziierte Gefäßkomplikation","I72.9%","I72.9%"
"DeQS_KCHK-MK-KATH_EJ-2025_QIDB-RR-P_V01_2024-02-23.pdf","ICD_HCH_Komplikationen_Gefaesskomplikationen","ICD","ICD-Einschlusskodes für therapiebedürftige zugangsassoziierte Gefäßkomplikation","I74.0%","I74.0%"
"DeQS_KCHK-MK-KATH_EJ-2025_QIDB-RR-P_V01_2024-02-23.pdf","ICD_HCH_Komplikationen_Gefaesskomplikationen","ICD","ICD-Einschlusskodes für therapiebedürftige zugangsassoziierte Gefäßkomplikation","I74.3%","I74.3%"
"DeQS_KCHK-MK-KATH_EJ-2025_QIDB-RR-P_V01_2024-02-23.pdf","ICD_HCH_Komplikationen_Gefaesskomplikationen","ICD","ICD-Einschlusskodes für therapiebedürftige zugangsassoziierte Gefäßkomplikation","I74.5%","I74.5%"
"DeQS_KCHK-MK-KATH_EJ-2025_QIDB-RR-P_V01_2024-02-23.pdf","ICD_HCH_Komplikationen_Gefaesskomplikationen","ICD","ICD-Einschlusskodes für therapiebedürftige zugangsassoziierte Gefäßkomplikation","I77.0%","I77.0%"
"DeQS_KCHK-MK-KATH_EJ-2025_QIDB-RR-P_V01_2024-02-23.pdf","ICD_HCH_Komplikationen_Gefaesskomplikationen","ICD","ICD-Einschlusskodes für therapiebedürftige zugangsassoziierte Gefäßkomplikation","I77.2%","I77.2%"
"DeQS_KCHK-MK-KATH_EJ-2025_QIDB-RR-P_V01_2024-02-23.pdf","ICD_HCH_Komplikationen_Gefaesskomplikationen","ICD","ICD-Einschlusskodes für therapiebedürftige zugangsassoziierte Gefäßkomplikation","I77.8%","I77.8%"
"DeQS_KCHK-MK-KATH_EJ-2025_QIDB-RR-P_V01_2024-02-23.pdf","ICD_HCH_Komplikationen_Gefaesskomplikationen","ICD","ICD-Einschlusskodes für therapiebedürftige zugangsassoziierte Gefäßkomplikation","I77.80%","I77.80%"
"DeQS_KCHK-MK-KATH_EJ-2025_QIDB-RR-P_V01_2024-02-23.pdf","ICD_HCH_Komplikationen_Gefaesskomplikationen","ICD","ICD-Einschlusskodes für therapiebedürftige zugangsassoziierte Gefäßkomplikation","I77.9%","I77.9%"
"DeQS_KCHK-MK-KATH_EJ-2025_QIDB-RR-P_V01_2024-02-23.pdf","ICD_HCH_Komplikationen_Gefaesskomplikationen","ICD","ICD-Einschlusskodes für therapiebedürftige zugangsassoziierte Gefäßkomplikation","I80.1%","I80.1%"
"DeQS_KCHK-MK-KATH_EJ-2025_QIDB-RR-P_V01_2024-02-23.pdf","ICD_HCH_Komplikationen_Gefaesskomplikationen","ICD","ICD-Einschlusskodes für therapiebedürftige zugangsassoziierte Gefäßkomplikation","I80.20%","I80.20%"
"DeQS_KCHK-MK-KATH_EJ-2025_QIDB-RR-P_V01_2024-02-23.pdf","ICD_HCH_Komplikationen_Gefaesskomplikationen","ICD","ICD-Einschlusskodes für therapiebedürftige zugangsassoziierte Gefäßkomplikation","I80.28%","I80.28%"
"DeQS_KCHK-MK-KATH_EJ-2025_QIDB-RR-P_V01_2024-02-23.pdf","ICD_HCH_Komplikationen_Gefaesskomplikationen","ICD","ICD-Einschlusskodes für therapiebedürftige zugangsassoziierte Gefäßkomplikation","I80.80%","I80.80%"
"DeQS_KCHK-MK-KATH_EJ-2025_QIDB-RR-P_V01_2024-02-23.pdf","ICD_HCH_Komplikationen_Gefaesskomplikationen","ICD","ICD-Einschlusskodes für therapiebedürftige zugangsassoziierte Gefäßkomplikation","I80.81%","I80.81%"
"DeQS_KCHK-MK-KATH_EJ-2025_QIDB-RR-P_V01_2024-02-23.pdf","ICD_HCH_Komplikationen_Gefaesskomplikationen","ICD","ICD-Einschlusskodes für therapiebedürftige zugangsassoziierte Gefäßkomplikation","I80.88%","I80.88%"
"DeQS_KCHK-MK-KATH_EJ-2025_QIDB-RR-P_V01_2024-02-23.pdf","ICD_HCH_Komplikationen_Gefaesskomplikationen","ICD","ICD-Einschlusskodes für therapiebedürftige zugangsassoziierte Gefäßkomplikation","I82.2%","I82.2%"
"DeQS_KCHK-MK-KATH_EJ-2025_QIDB-RR-P_V01_2024-02-23.pdf","ICD_HCH_Komplikationen_Gefaesskomplikationen","ICD","ICD-Einschlusskodes für therapiebedürftige zugangsassoziierte Gefäßkomplikation","T81.0%","T81.0%"
"DeQS_KCHK-MK-KATH_EJ-2025_QIDB-RR-P_V01_2024-02-23.pdf","ICD_HCH_Komplikationen_Gefaesskomplikationen","ICD","ICD-Einschlusskodes für therapiebedürftige zugangsassoziierte Gefäßkomplikation","T81.7%","T81.7%"
"DeQS_KCHK-MK-KATH_EJ-2025_QIDB-RR-P_V01_2024-02-23.pdf","ICD_HCH_Komplikationen_Infektionen","ICD","ICD-Einschlusskodes für therapiebedürftige zugangsassoziierte Infektion","J85.3%","J85.3%"
"DeQS_KCHK-MK-KATH_EJ-2025_QIDB-RR-P_V01_2024-02-23.pdf","ICD_HCH_Komplikationen_Infektionen","ICD","ICD-Einschlusskodes für therapiebedürftige zugangsassoziierte Infektion","J98.50%","J98.50%"
"DeQS_KCHK-MK-KATH_EJ-2025_QIDB-RR-P_V01_2024-02-23.pdf","ICD_HCH_Komplikationen_Infektionen","ICD","ICD-Einschlusskodes für therapiebedürftige zugangsassoziierte Infektion","L02.4%","L02.4%"
"DeQS_KCHK-MK-KATH_EJ-2025_QIDB-RR-P_V01_2024-02-23.pdf","ICD_HCH_Komplikationen_Infektionen","ICD","ICD-Einschlusskodes für therapiebedürftige zugangsassoziierte Infektion","L03.3%","L03.3%"
"DeQS_KCHK-MK-KATH_EJ-2025_QIDB-RR-P_V01_2024-02-23.pdf","ICD_HCH_Komplikationen_Infektionen","ICD","ICD-Einschlusskodes für therapiebedürftige zugangsassoziierte Infektion","T81.4%","T81.4%"
"DeQS_KCHK-MK-KATH_EJ-2025_QIDB-RR-P_V01_2024-02-23.pdf","ICD_HCH_Komplikationen_Infektionen","ICD","ICD-Einschlusskodes für therapiebedürftige zugangsassoziierte Infektion","T84.6%","T84.6%"
"DeQS_KCHK-MK-KATH_EJ-2025_QIDB-RR-P_V01_2024-02-23.pdf","ICD_HCH_Komplikationen_mechanisch","ICD","ICD-Einschlusskodes für mechanische Komplikation durch eingebrachtes Fremdmaterial oder paravulväre Leckage","T82.0%","T82.0%"
"DeQS_KCHK-MK-KATH_EJ-2025_QIDB-RR-P_V01_2024-02-23.pdf","ICD_HCH_Komplikationen_mechanisch","ICD","ICD-Einschlusskodes für mechanische Komplikation durch eingebrachtes Fremdmaterial oder paravulväre Leckage","T82.5%","T82.5%"
"DeQS_KCHK-MK-KATH_EJ-2025_QIDB-RR-P_V01_2024-02-23.pdf","ICD_HCH_Komplikationen_mechanisch","ICD","ICD-Einschlusskodes für mechanische Komplikation durch eingebrachtes Fremdmaterial oder paravulväre Leckage","T82.9%","T82.9%"
"DeQS_KCHK-MK-KATH_EJ-2025_QIDB-RR-P_V01_2024-02-23.pdf","ICD_HCH_Schlaganfall","ICD","ICD-Einschlusskodes für einen Schlaganfall","I61.0%","I61.0%"
"DeQS_KCHK-MK-KATH_EJ-2025_QIDB-RR-P_V01_2024-02-23.pdf","ICD_HCH_Schlaganfall","ICD","ICD-Einschlusskodes für einen Schlaganfall","I61.1%","I61.1%"
"DeQS_KCHK-MK-KATH_EJ-2025_QIDB-RR-P_V01_2024-02-23.pdf","ICD_HCH_Schlaganfall","ICD","ICD-Einschlusskodes für einen Schlaganfall","I61.2%","I61.2%"
"DeQS_KCHK-MK-KATH_EJ-2025_QIDB-RR-P_V01_2024-02-23.pdf","ICD_HCH_Schlaganfall","ICD","ICD-Einschlusskodes für einen Schlaganfall","I61.3%","I61.3%"
"DeQS_KCHK-MK-KATH_EJ-2025_QIDB-RR-P_V01_2024-02-23.pdf","ICD_HCH_Schlaganfall","ICD","ICD-Einschlusskodes für einen Schlaganfall","I61.4%","I61.4%"
"DeQS_KCHK-MK-KATH_EJ-2025_QIDB-RR-P_V01_2024-02-23.pdf","ICD_HCH_Schlaganfall","ICD","ICD-Einschlusskodes für einen Schlaganfall","I61.5%","I61.5%"
"DeQS_KCHK-MK-KATH_EJ-2025_QIDB-RR-P_V01_2024-02-23.pdf","ICD_HCH_Schlaganfall","ICD","ICD-Einschlusskodes für einen Schlaganfall","I61.6%","I61.6%"
"DeQS_KCHK-MK-KATH_EJ-2025_QIDB-RR-P_V01_2024-02-23.pdf","ICD_HCH_Schlaganfall","ICD","ICD-Einschlusskodes für einen Schlaganfall","I61.8%","I61.8%"
"DeQS_KCHK-MK-KATH_EJ-2025_QIDB-RR-P_V01_2024-02-23.pdf","ICD_HCH_Schlaganfall","ICD","ICD-Einschlusskodes für einen Schlaganfall","I61.9%","I61.9%"
"DeQS_KCHK-MK-KATH_EJ-2025_QIDB-RR-P_V01_2024-02-23.pdf","ICD_HCH_Schlaganfall","ICD","ICD-Einschlusskodes für einen Schlaganfall","I62.00%","I62.00%"
"DeQS_KCHK-MK-KATH_EJ-2025_QIDB-RR-P_V01_2024-02-23.pdf","ICD_HCH_Schlaganfall","ICD","ICD-Einschlusskodes für einen Schlaganfall","I62.01%","I62.01%"
"DeQS_KCHK-MK-KATH_EJ-2025_QIDB-RR-P_V01_2024-02-23.pdf","ICD_HCH_Schlaganfall","ICD","ICD-Einschlusskodes für einen Schlaganfall","I62.1%","I62.1%"
"DeQS_KCHK-MK-KATH_EJ-2025_QIDB-RR-P_V01_2024-02-23.pdf","ICD_HCH_Schlaganfall","ICD","ICD-Einschlusskodes für einen Schlaganfall","I62.9%","I62.9%"
"DeQS_KCHK-MK-KATH_EJ-2025_QIDB-RR-P_V01_2024-02-23.pdf","ICD_HCH_Schlaganfall","ICD","ICD-Einschlusskodes für einen Schlaganfall","I63.0%","I63.0%"
"DeQS_KCHK-MK-KATH_EJ-2025_QIDB-RR-P_V01_2024-02-23.pdf","ICD_HCH_Schlaganfall","ICD","ICD-Einschlusskodes für einen Schlaganfall","I63.1%","I63.1%"
"DeQS_KCHK-MK-KATH_EJ-2025_QIDB-RR-P_V01_2024-02-23.pdf","ICD_HCH_Schlaganfall","ICD","ICD-Einschlusskodes für einen Schlaganfall","I63.2%","I63.2%"
"DeQS_KCHK-MK-KATH_EJ-2025_QIDB-RR-P_V01_2024-02-23.pdf","ICD_HCH_Schlaganfall","ICD","ICD-Einschlusskodes für einen Schlaganfall","I63.3%","I63.3%"
"DeQS_KCHK-MK-KATH_EJ-2025_QIDB-RR-P_V01_2024-02-23.pdf","ICD_HCH_Schlaganfall","ICD","ICD-Einschlusskodes für einen Schlaganfall","I63.4%","I63.4%"
"DeQS_KCHK-MK-KATH_EJ-2025_QIDB-RR-P_V01_2024-02-23.pdf","ICD_HCH_Schlaganfall","ICD","ICD-Einschlusskodes für einen Schlaganfall","I63.5%","I63.5%"
"DeQS_KCHK-MK-KATH_EJ-2025_QIDB-RR-P_V01_2024-02-23.pdf","ICD_HCH_Schlaganfall","ICD","ICD-Einschlusskodes für einen Schlaganfall","I63.6%","I63.6%"
"DeQS_KCHK-MK-KATH_EJ-2025_QIDB-RR-P_V01_2024-02-23.pdf","ICD_HCH_Schlaganfall","ICD","ICD-Einschlusskodes für einen Schlaganfall","I63.8%","I63.8%"
"DeQS_KCHK-MK-KATH_EJ-2025_QIDB-RR-P_V01_2024-02-23.pdf","ICD_HCH_Schlaganfall","ICD","ICD-Einschlusskodes für einen Schlaganfall","I63.9%","I63.9%"
"DeQS_KCHK-MK-KATH_EJ-2025_QIDB-RR-P_V01_2024-02-23.pdf","ICD_HCH_Schlaganfall","ICD","ICD-Einschlusskodes für einen Schlaganfall","I64%","I64%"
"DeQS_KCHK-MK-KATH_EJ-2025_QIDB-RR-P_V01_2024-02-23.pdf","ICD_HCH_Schlaganfall_Ausschluss","ICD","ICD-Ausschlusskodes für einen Schlaganfall","C70.0%","C70.0%"
"DeQS_KCHK-MK-KATH_EJ-2025_QIDB-RR-P_V01_2024-02-23.pdf","ICD_HCH_Schlaganfall_Ausschluss","ICD","ICD-Ausschlusskodes für einen Schlaganfall","C70.1%","C70.1%"
"DeQS_KCHK-MK-KATH_EJ-2025_QIDB-RR-P_V01_2024-02-23.pdf","ICD_HCH_Schlaganfall_Ausschluss","ICD","ICD-Ausschlusskodes für einen Schlaganfall","C70.9%","C70.9%"
"DeQS_KCHK-MK-KATH_EJ-2025_QIDB-RR-P_V01_2024-02-23.pdf","ICD_HCH_Schlaganfall_Ausschluss","ICD","ICD-Ausschlusskodes für einen Schlaganfall","C71%","C71%"
"DeQS_KCHK-MK-KATH_EJ-2025_QIDB-RR-P_V01_2024-02-23.pdf","ICD_HCH_Schlaganfall_Ausschluss","ICD","ICD-Ausschlusskodes für einen Schlaganfall","C71.0%","C71.0%"
"DeQS_KCHK-MK-KATH_EJ-2025_QIDB-RR-P_V01_2024-02-23.pdf","ICD_HCH_Schlaganfall_Ausschluss","ICD","ICD-Ausschlusskodes für einen Schlaganfall","C71.1%","C71.1%"
"DeQS_KCHK-MK-KATH_EJ-2025_QIDB-RR-P_V01_2024-02-23.pdf","ICD_HCH_Schlaganfall_Ausschluss","ICD","ICD-Ausschlusskodes für einen Schlaganfall","C71.2%","C71.2%"
"DeQS_KCHK-MK-KATH_EJ-2025_QIDB-RR-P_V01_2024-02-23.pdf","ICD_HCH_Schlaganfall_Ausschluss","ICD","ICD-Ausschlusskodes für einen Schlaganfall","C71.3%","C71.3%"
"DeQS_KCHK-MK-KATH_EJ-2025_QIDB-RR-P_V01_2024-02-23.pdf","ICD_HCH_Schlaganfall_Ausschluss","ICD","ICD-Ausschlusskodes für einen Schlaganfall","C71.4%","C71.4%"
"DeQS_KCHK-MK-KATH_EJ-2025_QIDB-RR-P_V01_2024-02-23.pdf","ICD_HCH_Schlaganfall_Ausschluss","ICD","ICD-Ausschlusskodes für einen Schlaganfall","C71.5%","C71.5%"
"DeQS_KCHK-MK-KATH_EJ-2025_QIDB-RR-P_V01_2024-02-23.pdf","ICD_HCH_Schlaganfall_Ausschluss","ICD","ICD-Ausschlusskodes für einen Schlaganfall","C71.6%","C71.6%"
"DeQS_KCHK-MK-KATH_EJ-2025_QIDB-RR-P_V01_2024-02-23.pdf","ICD_HCH_Schlaganfall_Ausschluss","ICD","ICD-Ausschlusskodes für einen Schlaganfall","C71.7%","C71.7%"
"DeQS_KCHK-MK-KATH_EJ-2025_QIDB-RR-P_V01_2024-02-23.pdf","ICD_HCH_Schlaganfall_Ausschluss","ICD","ICD-Ausschlusskodes für einen Schlaganfall","C71.8%","C71.8%"
"DeQS_KCHK-MK-KATH_EJ-2025_QIDB-RR-P_V01_2024-02-23.pdf","ICD_HCH_Schlaganfall_Ausschluss","ICD","ICD-Ausschlusskodes für einen Schlaganfall","C71.9%","C71.9%"
"DeQS_KCHK-MK-KATH_EJ-2025_QIDB-RR-P_V01_2024-02-23.pdf","ICD_HCH_Schlaganfall_Ausschluss","ICD","ICD-Ausschlusskodes für einen Schlaganfall","C72.0%","C72.0%"
"DeQS_KCHK-MK-KATH_EJ-2025_QIDB-RR-P_V01_2024-02-23.pdf","ICD_HCH_Schlaganfall_Ausschluss","ICD","ICD-Ausschlusskodes für einen Schlaganfall","C72.1%","C72.1%"
"DeQS_KCHK-MK-KATH_EJ-2025_QIDB-RR-P_V01_2024-02-23.pdf","ICD_HCH_Schlaganfall_Ausschluss","ICD","ICD-Ausschlusskodes für einen Schlaganfall","C72.2%","C72.2%"
"DeQS_KCHK-MK-KATH_EJ-2025_QIDB-RR-P_V01_2024-02-23.pdf","ICD_HCH_Schlaganfall_Ausschluss","ICD","ICD-Ausschlusskodes für einen Schlaganfall","C72.3%","C72.3%"
"DeQS_KCHK-MK-KATH_EJ-2025_QIDB-RR-P_V01_2024-02-23.pdf","ICD_HCH_Schlaganfall_Ausschluss","ICD","ICD-Ausschlusskodes für einen Schlaganfall","C72.4%","C72.4%"
"DeQS_KCHK-MK-KATH_EJ-2025_QIDB-RR-P_V01_2024-02-23.pdf","ICD_HCH_Schlaganfall_Ausschluss","ICD","ICD-Ausschlusskodes für einen Schlaganfall","C72.5%","C72.5%"
"DeQS_KCHK-MK-KATH_EJ-2025_QIDB-RR-P_V01_2024-02-23.pdf","ICD_HCH_Schlaganfall_Ausschluss","ICD","ICD-Ausschlusskodes für einen Schlaganfall","C72.8%","C72.8%"
"DeQS_KCHK-MK-KATH_EJ-2025_QIDB-RR-P_V01_2024-02-23.pdf","ICD_HCH_Schlaganfall_Ausschluss","ICD","ICD-Ausschlusskodes für einen Schlaganfall","C72.9%","C72.9%"
"DeQS_KCHK-MK-KATH_EJ-2025_QIDB-RR-P_V01_2024-02-23.pdf","ICD_HCH_Schlaganfall_Ausschluss","ICD","ICD-Ausschlusskodes für einen Schlaganfall","C79.3%","C79.3%"
"DeQS_KCHK-MK-KATH_EJ-2025_QIDB-RR-P_V01_2024-02-23.pdf","ICD_HCH_Schlaganfall_Ausschluss","ICD","ICD-Ausschlusskodes für einen Schlaganfall","D32.0%","D32.0%"
"DeQS_KCHK-MK-KATH_EJ-2025_QIDB-RR-P_V01_2024-02-23.pdf","ICD_HCH_Schlaganfall_Ausschluss","ICD","ICD-Ausschlusskodes für einen Schlaganfall","D32.1%","D32.1%"
"DeQS_KCHK-MK-KATH_EJ-2025_QIDB-RR-P_V01_2024-02-23.pdf","ICD_HCH_Schlaganfall_Ausschluss","ICD","ICD-Ausschlusskodes für einen Schlaganfall","D32.9%","D32.9%"
"DeQS_KCHK-MK-KATH_EJ-2025_QIDB-RR-P_V01_2024-02-23.pdf","ICD_HCH_Schlaganfall_Ausschluss","ICD","ICD-Ausschlusskodes für einen Schlaganfall","D33.0%","D33.0%"
"DeQS_KCHK-MK-KATH_EJ-2025_QIDB-RR-P_V01_2024-02-23.pdf","ICD_HCH_Schlaganfall_Ausschluss","ICD","ICD-Ausschlusskodes für einen Schlaganfall","D33.1%","D33.1%"
"DeQS_KCHK-MK-KATH_EJ-2025_QIDB-RR-P_V01_2024-02-23.pdf","ICD_HCH_Schlaganfall_Ausschluss","ICD","ICD-Ausschlusskodes für einen Schlaganfall","D33.2%","D33.2%"
"DeQS_KCHK-MK-KATH_EJ-2025_QIDB-RR-P_V01_2024-02-23.pdf","ICD_HCH_Schlaganfall_Ausschluss","ICD","ICD-Ausschlusskodes für einen Schlaganfall","D33.3%","D33.3%"
"DeQS_KCHK-MK-KATH_EJ-2025_QIDB-RR-P_V01_2024-02-23.pdf","ICD_HCH_Schlaganfall_Ausschluss","ICD","ICD-Ausschlusskodes für einen Schlaganfall","D33.4%","D33.4%"
"DeQS_KCHK-MK-KATH_EJ-2025_QIDB-RR-P_V01_2024-02-23.pdf","ICD_HCH_Schlaganfall_Ausschluss","ICD","ICD-Ausschlusskodes für einen Schlaganfall","D33.7%","D33.7%"
"DeQS_KCHK-MK-KATH_EJ-2025_QIDB-RR-P_V01_2024-02-23.pdf","ICD_HCH_Schlaganfall_Ausschluss","ICD","ICD-Ausschlusskodes für einen Schlaganfall","D33.9%","D33.9%"
"DeQS_KCHK-MK-KATH_EJ-2025_QIDB-RR-P_V01_2024-02-23.pdf","ICD_HCH_Schlaganfall_Ausschluss","ICD","ICD-Ausschlusskodes für einen Schlaganfall","I60.0%","I60.0%"
"DeQS_KCHK-MK-KATH_EJ-2025_QIDB-RR-P_V01_2024-02-23.pdf","ICD_HCH_Schlaganfall_Ausschluss","ICD","ICD-Ausschlusskodes für einen Schlaganfall","I60.1%","I60.1%"
"DeQS_KCHK-MK-KATH_EJ-2025_QIDB-RR-P_V01_2024-02-23.pdf","ICD_HCH_Schlaganfall_Ausschluss","ICD","ICD-Ausschlusskodes für einen Schlaganfall","I60.2%","I60.2%"
"DeQS_KCHK-MK-KATH_EJ-2025_QIDB-RR-P_V01_2024-02-23.pdf","ICD_HCH_Schlaganfall_Ausschluss","ICD","ICD-Ausschlusskodes für einen Schlaganfall","I60.3%","I60.3%"
"DeQS_KCHK-MK-KATH_EJ-2025_QIDB-RR-P_V01_2024-02-23.pdf","ICD_HCH_Schlaganfall_Ausschluss","ICD","ICD-Ausschlusskodes für einen Schlaganfall","I60.4%","I60.4%"
"DeQS_KCHK-MK-KATH_EJ-2025_QIDB-RR-P_V01_2024-02-23.pdf","ICD_HCH_Schlaganfall_Ausschluss","ICD","ICD-Ausschlusskodes für einen Schlaganfall","I60.5%","I60.5%"
"DeQS_KCHK-MK-KATH_EJ-2025_QIDB-RR-P_V01_2024-02-23.pdf","ICD_HCH_Schlaganfall_Ausschluss","ICD","ICD-Ausschlusskodes für einen Schlaganfall","I60.6%","I60.6%"
"DeQS_KCHK-MK-KATH_EJ-2025_QIDB-RR-P_V01_2024-02-23.pdf","ICD_HCH_Schlaganfall_Ausschluss","ICD","ICD-Ausschlusskodes für einen Schlaganfall","I60.7%","I60.7%"
"DeQS_KCHK-MK-KATH_EJ-2025_QIDB-RR-P_V01_2024-02-23.pdf","ICD_HCH_Schlaganfall_Ausschluss","ICD","ICD-Ausschlusskodes für einen Schlaganfall","I60.8%","I60.8%"
"DeQS_KCHK-MK-KATH_EJ-2025_QIDB-RR-P_V01_2024-02-23.pdf","ICD_HCH_Schlaganfall_Ausschluss","ICD","ICD-Ausschlusskodes für einen Schlaganfall","I60.9%","I60.9%"
"DeQS_KCHK-MK-KATH_EJ-2025_QIDB-RR-P_V01_2024-02-23.pdf","ICD_HCH_Schlaganfall_Ausschluss","ICD","ICD-Ausschlusskodes für einen Schlaganfall","I67.10%","I67.10%"
"DeQS_KCHK-MK-KATH_EJ-2025_QIDB-RR-P_V01_2024-02-23.pdf","ICD_HCH_Schlaganfall_Ausschluss","ICD","ICD-Ausschlusskodes für einen Schlaganfall","I67.11%","I67.11%"
"DeQS_KCHK-MK-KATH_EJ-2025_QIDB-RR-P_V01_2024-02-23.pdf","ICD_HCH_Schlaganfall_Ausschluss","ICD","ICD-Ausschlusskodes für einen Schlaganfall","S06.0%","S06.0%"
"DeQS_KCHK-MK-KATH_EJ-2025_QIDB-RR-P_V01_2024-02-23.pdf","ICD_HCH_Schlaganfall_Ausschluss","ICD","ICD-Ausschlusskodes für einen Schlaganfall","S06.1%","S06.1%"
"DeQS_KCHK-MK-KATH_EJ-2025_QIDB-RR-P_V01_2024-02-23.pdf","ICD_HCH_Schlaganfall_Ausschluss","ICD","ICD-Ausschlusskodes für einen Schlaganfall","S06.20%","S06.20%"
"DeQS_KCHK-MK-KATH_EJ-2025_QIDB-RR-P_V01_2024-02-23.pdf","ICD_HCH_Schlaganfall_Ausschluss","ICD","ICD-Ausschlusskodes für einen Schlaganfall","S06.21%","S06.21%"
"DeQS_KCHK-MK-KATH_EJ-2025_QIDB-RR-P_V01_2024-02-23.pdf","ICD_HCH_Schlaganfall_Ausschluss","ICD","ICD-Ausschlusskodes für einen Schlaganfall","S06.22%","S06.22%"
"DeQS_KCHK-MK-KATH_EJ-2025_QIDB-RR-P_V01_2024-02-23.pdf","ICD_HCH_Schlaganfall_Ausschluss","ICD","ICD-Ausschlusskodes für einen Schlaganfall","S06.23%","S06.23%"
"DeQS_KCHK-MK-KATH_EJ-2025_QIDB-RR-P_V01_2024-02-23.pdf","ICD_HCH_Schlaganfall_Ausschluss","ICD","ICD-Ausschlusskodes für einen Schlaganfall","S06.28%","S06.28%"
"DeQS_KCHK-MK-KATH_EJ-2025_QIDB-RR-P_V01_2024-02-23.pdf","ICD_HCH_Schlaganfall_Ausschluss","ICD","ICD-Ausschlusskodes für einen Schlaganfall","S06.30%","S06.30%"
"DeQS_KCHK-MK-KATH_EJ-2025_QIDB-RR-P_V01_2024-02-23.pdf","ICD_HCH_Schlaganfall_Ausschluss","ICD","ICD-Ausschlusskodes für einen Schlaganfall","S06.31%","S06.31%"
"DeQS_KCHK-MK-KATH_EJ-2025_QIDB-RR-P_V01_2024-02-23.pdf","ICD_HCH_Schlaganfall_Ausschluss","ICD","ICD-Ausschlusskodes für einen Schlaganfall","S06.32%","S06.32%"
"DeQS_KCHK-MK-KATH_EJ-2025_QIDB-RR-P_V01_2024-02-23.pdf","ICD_HCH_Schlaganfall_Ausschluss","ICD","ICD-Ausschlusskodes für einen Schlaganfall","S06.33%","S06.33%"
"DeQS_KCHK-MK-KATH_EJ-2025_QIDB-RR-P_V01_2024-02-23.pdf","ICD_HCH_Schlaganfall_Ausschluss","ICD","ICD-Ausschlusskodes für einen Schlaganfall","S06.34%","S06.34%"
"DeQS_KCHK-MK-KATH_EJ-2025_QIDB-RR-P_V01_2024-02-23.pdf","ICD_HCH_Schlaganfall_Ausschluss","ICD","ICD-Ausschlusskodes für einen Schlaganfall","S06.38%","S06.38%"
"DeQS_KCHK-MK-KATH_EJ-2025_QIDB-RR-P_V01_2024-02-23.pdf","ICD_HCH_Schlaganfall_Ausschluss","ICD","ICD-Ausschlusskodes für einen Schlaganfall","S06.4%","S06.4%"
"DeQS_KCHK-MK-KATH_EJ-2025_QIDB-RR-P_V01_2024-02-23.pdf","ICD_HCH_Schlaganfall_Ausschluss","ICD","ICD-Ausschlusskodes für einen Schlaganfall","S06.5%","S06.5%"
"DeQS_KCHK-MK-KATH_EJ-2025_QIDB-RR-P_V01_2024-02-23.pdf","ICD_HCH_Schlaganfall_Ausschluss","ICD","ICD-Ausschlusskodes für einen Schlaganfall","S06.6%","S06.6%"
"DeQS_KCHK-MK-KATH_EJ-2025_QIDB-RR-P_V01_2024-02-23.pdf","ICD_HCH_Schlaganfall_Ausschluss","ICD","ICD-Ausschlusskodes für einen Schlaganfall","S06.70%","S06.70%"
"DeQS_KCHK-MK-KATH_EJ-2025_QIDB-RR-P_V01_2024-02-23.pdf","ICD_HCH_Schlaganfall_Ausschluss","ICD","ICD-Ausschlusskodes für einen Schlaganfall","S06.71%","S06.71%"
"DeQS_KCHK-MK-KATH_EJ-2025_QIDB-RR-P_V01_2024-02-23.pdf","ICD_HCH_Schlaganfall_Ausschluss","ICD","ICD-Ausschlusskodes für einen Schlaganfall","S06.72%","S06.72%"
"DeQS_KCHK-MK-KATH_EJ-2025_QIDB-RR-P_V01_2024-02-23.pdf","ICD_HCH_Schlaganfall_Ausschluss","ICD","ICD-Ausschlusskodes für einen Schlaganfall","S06.73%","S06.73%"
"DeQS_KCHK-MK-KATH_EJ-2025_QIDB-RR-P_V01_2024-02-23.pdf","ICD_HCH_Schlaganfall_Ausschluss","ICD","ICD-Ausschlusskodes für einen Schlaganfall","S06.79%","S06.79%"
"DeQS_KCHK-MK-KATH_EJ-2025_QIDB-RR-P_V01_2024-02-23.pdf","ICD_HCH_Schlaganfall_Ausschluss","ICD","ICD-Ausschlusskodes für einen Schlaganfall","S06.8%","S06.8%"
"DeQS_KCHK-MK-KATH_EJ-2025_QIDB-RR-P_V01_2024-02-23.pdf","ICD_HCH_Schlaganfall_Ausschluss","ICD","ICD-Ausschlusskodes für einen Schlaganfall","S06.9%","S06.9%"
"DeQS_KCHK-MK-KATH_EJ-2025_QIDB-RR-P_V01_2024-02-23.pdf","OPS_HCH_Komplikationen_Gefaesskomplikationen","OPS","OPS-Einschlusskodes für therapiebedürftige zugangsassoziierte Gefäßkomplikation","5380.12%","5380.12%"
"DeQS_KCHK-MK-KATH_EJ-2025_QIDB-RR-P_V01_2024-02-23.pdf","OPS_HCH_Komplikationen_Gefaesskomplikationen","OPS","OPS-Einschlusskodes für therapiebedürftige zugangsassoziierte Gefäßkomplikation","5380.52%","5380.52%"
"DeQS_KCHK-MK-KATH_EJ-2025_QIDB-RR-P_V01_2024-02-23.pdf","OPS_HCH_Komplikationen_Gefaesskomplikationen","OPS","OPS-Einschlusskodes für therapiebedürftige zugangsassoziierte Gefäßkomplikation","5380.54%","5380.54%"
"DeQS_KCHK-MK-KATH_EJ-2025_QIDB-RR-P_V01_2024-02-23.pdf","OPS_HCH_Komplikationen_Gefaesskomplikationen","OPS","OPS-Einschlusskodes für therapiebedürftige zugangsassoziierte Gefäßkomplikation","5380.56%","5380.56%"
"DeQS_KCHK-MK-KATH_EJ-2025_QIDB-RR-P_V01_2024-02-23.pdf","OPS_HCH_Komplikationen_Gefaesskomplikationen","OPS","OPS-Einschlusskodes für therapiebedürftige zugangsassoziierte Gefäßkomplikation","5380.70%","5380.70%"
"DeQS_KCHK-MK-KATH_EJ-2025_QIDB-RR-P_V01_2024-02-23.pdf","OPS_HCH_Komplikationen_Gefaesskomplikationen","OPS","OPS-Einschlusskodes für therapiebedürftige zugangsassoziierte Gefäßkomplikation","5380.71%","5380.71%"
"DeQS_KCHK-MK-KATH_EJ-2025_QIDB-RR-P_V01_2024-02-23.pdf","OPS_HCH_Komplikationen_Gefaesskomplikationen","OPS","OPS-Einschlusskodes für therapiebedürftige zugangsassoziierte Gefäßkomplikation","5380.72%","5380.72%"
"DeQS_KCHK-MK-KATH_EJ-2025_QIDB-RR-P_V01_2024-02-23.pdf","OPS_HCH_Komplikationen_Gefaesskomplikationen","OPS","OPS-Einschlusskodes für therapiebedürftige zugangsassoziierte Gefäßkomplikation","5380.96%","5380.96%"
"DeQS_KCHK-MK-KATH_EJ-2025_QIDB-RR-P_V01_2024-02-23.pdf","OPS_HCH_Komplikationen_Gefaesskomplikationen","OPS","OPS-Einschlusskodes für therapiebedürftige zugangsassoziierte Gefäßkomplikation","5380.9b%","5380.9b%"
"DeQS_KCHK-MK-KATH_EJ-2025_QIDB-RR-P_V01_2024-02-23.pdf","OPS_HCH_Komplikationen_Gefaesskomplikationen","OPS","OPS-Einschlusskodes für therapiebedürftige zugangsassoziierte Gefäßkomplikation","5381.33%","5381.33%"
"DeQS_KCHK-MK-KATH_EJ-2025_QIDB-RR-P_V01_2024-02-23.pdf","OPS_HCH_Komplikationen_Gefaesskomplikationen","OPS","OPS-Einschlusskodes für therapiebedürftige zugangsassoziierte Gefäßkomplikation","5381.54%","5381.54%"
"DeQS_KCHK-MK-KATH_EJ-2025_QIDB-RR-P_V01_2024-02-23.pdf","OPS_HCH_Komplikationen_Gefaesskomplikationen","OPS","OPS-Einschlusskodes für therapiebedürftige zugangsassoziierte Gefäßkomplikation","5381.70%","5381.70%"
"DeQS_KCHK-MK-KATH_EJ-2025_QIDB-RR-P_V01_2024-02-23.pdf","OPS_HCH_Komplikationen_Gefaesskomplikationen","OPS","OPS-Einschlusskodes für therapiebedürftige zugangsassoziierte Gefäßkomplikation","5381.71%","5381.71%"
"DeQS_KCHK-MK-KATH_EJ-2025_QIDB-RR-P_V01_2024-02-23.pdf","OPS_HCH_Komplikationen_Gefaesskomplikationen","OPS","OPS-Einschlusskodes für therapiebedürftige zugangsassoziierte Gefäßkomplikation","5383.70%","5383.70%"
"DeQS_KCHK-MK-KATH_EJ-2025_QIDB-RR-P_V01_2024-02-23.pdf","OPS_HCH_Komplikationen_Gefaesskomplikationen","OPS","OPS-Einschlusskodes für therapiebedürftige zugangsassoziierte Gefäßkomplikation","5384.01%","5384.01%"
"DeQS_KCHK-MK-KATH_EJ-2025_QIDB-RR-P_V01_2024-02-23.pdf","OPS_HCH_Komplikationen_Gefaesskomplikationen","OPS","OPS-Einschlusskodes für therapiebedürftige zugangsassoziierte Gefäßkomplikation","5384.12%","5384.12%"
"DeQS_KCHK-MK-KATH_EJ-2025_QIDB-RR-P_V01_2024-02-23.pdf","OPS_HCH_Komplikationen_Gefaesskomplikationen","OPS","OPS-Einschlusskodes für therapiebedürftige zugangsassoziierte Gefäßkomplikation","5384.1x%","5384.1x%"
"DeQS_KCHK-MK-KATH_EJ-2025_QIDB-RR-P_V01_2024-02-23.pdf","OPS_HCH_Komplikationen_Gefaesskomplikationen","OPS","OPS-Einschlusskodes für therapiebedürftige zugangsassoziierte Gefäßkomplikation","5384.74%","5384.74%"
"DeQS_KCHK-MK-KATH_EJ-2025_QIDB-RR-P_V01_2024-02-23.pdf","OPS_HCH_Komplikationen_Gefaesskomplikationen","OPS","OPS-Einschlusskodes für therapiebedürftige zugangsassoziierte Gefäßkomplikation","5384.d1%","5384.d1%"
"DeQS_KCHK-MK-KATH_EJ-2025_QIDB-RR-P_V01_2024-02-23.pdf","OPS_HCH_Komplikationen_Gefaesskomplikationen","OPS","OPS-Einschlusskodes für therapiebedürftige zugangsassoziierte Gefäßkomplikation","5384.d2%","5384.d2%"
"DeQS_KCHK-MK-KATH_EJ-2025_QIDB-RR-P_V01_2024-02-23.pdf","OPS_HCH_Komplikationen_Gefaesskomplikationen","OPS","OPS-Einschlusskodes für therapiebedürftige zugangsassoziierte Gefäßkomplikation","5384.dx%","5384.dx%"
"DeQS_KCHK-MK-KATH_EJ-2025_QIDB-RR-P_V01_2024-02-23.pdf","OPS_HCH_Komplikationen_Gefaesskomplikationen","OPS","OPS-Einschlusskodes für therapiebedürftige zugangsassoziierte Gefäßkomplikation","5384.e%","5384.e%"
"DeQS_KCHK-MK-KATH_EJ-2025_QIDB-RR-P_V01_2024-02-23.pdf","OPS_HCH_Komplikationen_Gefaesskomplikationen","OPS","OPS-Einschlusskodes für therapiebedürftige zugangsassoziierte Gefäßkomplikation","5384.e1%","5384.e1%"
"DeQS_KCHK-MK-KATH_EJ-2025_QIDB-RR-P_V01_2024-02-23.pdf","OPS_HCH_Komplikationen_Gefaesskomplikationen","OPS","OPS-Einschlusskodes für therapiebedürftige zugangsassoziierte Gefäßkomplikation","5384.e2%","5384.e2%"
"DeQS_KCHK-MK-KATH_EJ-2025_QIDB-RR-P_V01_2024-02-23.pdf","OPS_HCH_Komplikationen_Gefaesskomplikationen","OPS","OPS-Einschlusskodes für therapiebedürftige zugangsassoziierte Gefäßkomplikation","5384.ex%","5384.ex%"
"DeQS_KCHK-MK-KATH_EJ-2025_QIDB-RR-P_V01_2024-02-23.pdf","OPS_HCH_Komplikationen_Gefaesskomplikationen","OPS","OPS-Einschlusskodes für therapiebedürftige zugangsassoziierte Gefäßkomplikation","5384.f1%","5384.f1%"
"DeQS_KCHK-MK-KATH_EJ-2025_QIDB-RR-P_V01_2024-02-23.pdf","OPS_HCH_Komplikationen_Gefaesskomplikationen","OPS","OPS-Einschlusskodes für therapiebedürftige zugangsassoziierte Gefäßkomplikation","5384.f2%","5384.f2%"
"DeQS_KCHK-MK-KATH_EJ-2025_QIDB-RR-P_V01_2024-02-23.pdf","OPS_HCH_Komplikationen_Gefaesskomplikationen","OPS","OPS-Einschlusskodes für therapiebedürftige zugangsassoziierte Gefäßkomplikation","5384.fx%","5384.fx%"
"DeQS_KCHK-MK-KATH_EJ-2025_QIDB-RR-P_V01_2024-02-23.pdf","OPS_HCH_Komplikationen_Gefaesskomplikationen","OPS","OPS-Einschlusskodes für therapiebedürftige zugangsassoziierte Gefäßkomplikation","5388.11%","5388.11%"
"DeQS_KCHK-MK-KATH_EJ-2025_QIDB-RR-P_V01_2024-02-23.pdf","OPS_HCH_Komplikationen_Gefaesskomplikationen","OPS","OPS-Einschlusskodes für therapiebedürftige zugangsassoziierte Gefäßkomplikation","5388.12%","5388.12%"
"DeQS_KCHK-MK-KATH_EJ-2025_QIDB-RR-P_V01_2024-02-23.pdf","OPS_HCH_Komplikationen_Gefaesskomplikationen","OPS","OPS-Einschlusskodes für therapiebedürftige zugangsassoziierte Gefäßkomplikation","5388.30%","5388.30%"
"DeQS_KCHK-MK-KATH_EJ-2025_QIDB-RR-P_V01_2024-02-23.pdf","OPS_HCH_Komplikationen_Gefaesskomplikationen","OPS","OPS-Einschlusskodes für therapiebedürftige zugangsassoziierte Gefäßkomplikation","5388.70%","5388.70%"
"DeQS_KCHK-MK-KATH_EJ-2025_QIDB-RR-P_V01_2024-02-23.pdf","OPS_HCH_Komplikationen_Gefaesskomplikationen","OPS","OPS-Einschlusskodes für therapiebedürftige zugangsassoziierte Gefäßkomplikation","5388.72%","5388.72%"
"DeQS_KCHK-MK-KATH_EJ-2025_QIDB-RR-P_V01_2024-02-23.pdf","OPS_HCH_Komplikationen_Gefaesskomplikationen","OPS","OPS-Einschlusskodes für therapiebedürftige zugangsassoziierte Gefäßkomplikation","5388.91%","5388.91%"
"DeQS_KCHK-MK-KATH_EJ-2025_QIDB-RR-P_V01_2024-02-23.pdf","OPS_HCH_Komplikationen_Gefaesskomplikationen","OPS","OPS-Einschlusskodes für therapiebedürftige zugangsassoziierte Gefäßkomplikation","5388.96%","5388.96%"
"DeQS_KCHK-MK-KATH_EJ-2025_QIDB-RR-P_V01_2024-02-23.pdf","OPS_HCH_Komplikationen_Gefaesskomplikationen","OPS","OPS-Einschlusskodes für therapiebedürftige zugangsassoziierte Gefäßkomplikation","5388.99%","5388.99%"
"DeQS_KCHK-MK-KATH_EJ-2025_QIDB-RR-P_V01_2024-02-23.pdf","OPS_HCH_Komplikationen_Gefaesskomplikationen","OPS","OPS-Einschlusskodes für therapiebedürftige zugangsassoziierte Gefäßkomplikation","5388.9b%","5388.9b%"
"DeQS_KCHK-MK-KATH_EJ-2025_QIDB-RR-P_V01_2024-02-23.pdf","OPS_HCH_Komplikationen_Gefaesskomplikationen","OPS","OPS-Einschlusskodes für therapiebedürftige zugangsassoziierte Gefäßkomplikation","5389.70%","5389.70%"
"DeQS_KCHK-MK-KATH_EJ-2025_QIDB-RR-P_V01_2024-02-23.pdf","OPS_HCH_Komplikationen_Gefaesskomplikationen","OPS","OPS-Einschlusskodes für therapiebedürftige zugangsassoziierte Gefäßkomplikation","5389.9b%","5389.9b%"
"DeQS_KCHK-MK-KATH_EJ-2025_QIDB-RR-P_V01_2024-02-23.pdf","OPS_HCH_Komplikationen_Gefaesskomplikationen","OPS","OPS-Einschlusskodes für therapiebedürftige zugangsassoziierte Gefäßkomplikation","5395.70%","5395.70%"
"DeQS_KCHK-MK-KATH_EJ-2025_QIDB-RR-P_V01_2024-02-23.pdf","OPS_HCH_Komplikationen_Gefaesskomplikationen","OPS","OPS-Einschlusskodes für therapiebedürftige zugangsassoziierte Gefäßkomplikation","5395.71%","5395.71%"
"DeQS_KCHK-MK-KATH_EJ-2025_QIDB-RR-P_V01_2024-02-23.pdf","OPS_HCH_Komplikationen_Gefaesskomplikationen","OPS","OPS-Einschlusskodes für therapiebedürftige zugangsassoziierte Gefäßkomplikation","5395.96%","5395.96%"
"DeQS_KCHK-MK-KATH_EJ-2025_QIDB-RR-P_V01_2024-02-23.pdf","OPS_HCH_Komplikationen_Gefaesskomplikationen","OPS","OPS-Einschlusskodes für therapiebedürftige zugangsassoziierte Gefäßkomplikation","5395.97%","5395.97%"
"DeQS_KCHK-MK-KATH_EJ-2025_QIDB-RR-P_V01_2024-02-23.pdf","OPS_HCH_Komplikationen_Gefaesskomplikationen","OPS","OPS-Einschlusskodes für therapiebedürftige zugangsassoziierte Gefäßkomplikation","5397.70%","5397.70%"
"DeQS_KCHK-MK-KATH_EJ-2025_QIDB-RR-P_V01_2024-02-23.pdf","OPS_HCH_Komplikationen_Gefaesskomplikationen","OPS","OPS-Einschlusskodes für therapiebedürftige zugangsassoziierte Gefäßkomplikation","5397.72%","5397.72%"
"DeQS_KCHK-MK-KATH_EJ-2025_QIDB-RR-P_V01_2024-02-23.pdf","OPS_HCH_Komplikationen_Gefaesskomplikationen","OPS","OPS-Einschlusskodes für therapiebedürftige zugangsassoziierte Gefäßkomplikation","5397.97%","5397.97%"
"DeQS_KCHK-MK-KATH_EJ-2025_QIDB-RR-P_V01_2024-02-23.pdf","OPS_HCH_Komplikationen_Gefaesskomplikationen","OPS","OPS-Einschlusskodes für therapiebedürftige zugangsassoziierte Gefäßkomplikation","5399.1%","5399.1%"
"DeQS_KCHK-MK-KATH_EJ-2025_QIDB-RR-P_V01_2024-02-23.pdf","OPS_HCH_Komplikationen_Gefaesskomplikationen","OPS","OPS-Einschlusskodes für therapiebedürftige zugangsassoziierte Gefäßkomplikation","8836.02%","8836.02%"
"DeQS_KCHK-MK-KATH_EJ-2025_QIDB-RR-P_V01_2024-02-23.pdf","OPS_HCH_Komplikationen_Gefaesskomplikationen","OPS","OPS-Einschlusskodes für therapiebedürftige zugangsassoziierte Gefäßkomplikation","8836.y%","8836.y%"
"DeQS_KCHK-MK-KATH_EJ-2025_QIDB-RR-P_V01_2024-02-23.pdf","OPS_HCH_Komplikationen_Gefaesskomplikationen","OPS","OPS-Einschlusskodes für therapiebedürftige zugangsassoziierte Gefäßkomplikation","8842.02%","8842.02%"
"DeQS_KCHK-MK-KATH_EJ-2025_QIDB-RR-P_V01_2024-02-23.pdf","OPS_HCH_Komplikationen_Infektionen","OPS","OPS-Einschlusskodes für therapiebedürftige zugangsassoziierte Infektion","5343.0%","5343.0%"
"DeQS_KCHK-MK-KATH_EJ-2025_QIDB-RR-P_V01_2024-02-23.pdf","OPS_HCH_Komplikationen_Infektionen","OPS","OPS-Einschlusskodes für therapiebedürftige zugangsassoziierte Infektion","5343.1%","5343.1%"
"DeQS_KCHK-MK-KATH_EJ-2025_QIDB-RR-P_V01_2024-02-23.pdf","OPS_HCH_Komplikationen_Infektionen","OPS","OPS-Einschlusskodes für therapiebedürftige zugangsassoziierte Infektion","5343.2%","5343.2%"
"DeQS_KCHK-MK-KATH_EJ-2025_QIDB-RR-P_V01_2024-02-23.pdf","OPS_HCH_Komplikationen_Infektionen","OPS","OPS-Einschlusskodes für therapiebedürftige zugangsassoziierte Infektion","5343.3%","5343.3%"
"DeQS_KCHK-MK-KATH_EJ-2025_QIDB-RR-P_V01_2024-02-23.pdf","OPS_HCH_Komplikationen_Infektionen","OPS","OPS-Einschlusskodes für therapiebedürftige zugangsassoziierte Infektion","5343.4%","5343.4%"
"DeQS_KCHK-MK-KATH_EJ-2025_QIDB-RR-P_V01_2024-02-23.pdf","OPS_HCH_Komplikationen_Infektionen","OPS","OPS-Einschlusskodes für therapiebedürftige zugangsassoziierte Infektion","5343.5%","5343.5%"
"DeQS_KCHK-MK-KATH_EJ-2025_QIDB-RR-P_V01_2024-02-23.pdf","OPS_HCH_Komplikationen_Infektionen","OPS","OPS-Einschlusskodes für therapiebedürftige zugangsassoziierte Infektion","5343.6%","5343.6%"
"DeQS_KCHK-MK-KATH_EJ-2025_QIDB-RR-P_V01_2024-02-23.pdf","OPS_HCH_Komplikationen_Infektionen","OPS","OPS-Einschlusskodes für therapiebedürftige zugangsassoziierte Infektion","5343.7%","5343.7%"
"DeQS_KCHK-MK-KATH_EJ-2025_QIDB-RR-P_V01_2024-02-23.pdf","OPS_HCH_Komplikationen_Infektionen","OPS","OPS-Einschlusskodes für therapiebedürftige zugangsassoziierte Infektion","5343.x%","5343.x%"
"DeQS_KCHK-MK-KATH_EJ-2025_QIDB-RR-P_V01_2024-02-23.pdf","OPS_HCH_Komplikationen_Infektionen","OPS","OPS-Einschlusskodes für therapiebedürftige zugangsassoziierte Infektion","5343.y%","5343.y%"
"DeQS_KCHK-MK-KATH_EJ-2025_QIDB-RR-P_V01_2024-02-23.pdf","OPS_HCH_Komplikationen_Infektionen","OPS","OPS-Einschlusskodes für therapiebedürftige zugangsassoziierte Infektion","5346.60%","5346.60%"
"DeQS_KCHK-MK-KATH_EJ-2025_QIDB-RR-P_V01_2024-02-23.pdf","OPS_HCH_Komplikationen_Infektionen","OPS","OPS-Einschlusskodes für therapiebedürftige zugangsassoziierte Infektion","5346.61%","5346.61%"
"DeQS_KCHK-MK-KATH_EJ-2025_QIDB-RR-P_V01_2024-02-23.pdf","OPS_HCH_Komplikationen_Infektionen","OPS","OPS-Einschlusskodes für therapiebedürftige zugangsassoziierte Infektion","5346.62%","5346.62%"
"DeQS_KCHK-MK-KATH_EJ-2025_QIDB-RR-P_V01_2024-02-23.pdf","OPS_HCH_Komplikationen_Infektionen","OPS","OPS-Einschlusskodes für therapiebedürftige zugangsassoziierte Infektion","5346.63%","5346.63%"
"DeQS_KCHK-MK-KATH_EJ-2025_QIDB-RR-P_V01_2024-02-23.pdf","OPS_HCH_Komplikationen_Infektionen","OPS","OPS-Einschlusskodes für therapiebedürftige zugangsassoziierte Infektion","5346.6x%","5346.6x%"
"DeQS_KCHK-MK-KATH_EJ-2025_QIDB-RR-P_V01_2024-02-23.pdf","OPS_HCH_Komplikationen_Infektionen","OPS","OPS-Einschlusskodes für therapiebedürftige zugangsassoziierte Infektion","5346.80%","5346.80%"
"DeQS_KCHK-MK-KATH_EJ-2025_QIDB-RR-P_V01_2024-02-23.pdf","OPS_HCH_Komplikationen_Infektionen","OPS","OPS-Einschlusskodes für therapiebedürftige zugangsassoziierte Infektion","5346.81%","5346.81%"
"DeQS_KCHK-MK-KATH_EJ-2025_QIDB-RR-P_V01_2024-02-23.pdf","OPS_HCH_Komplikationen_Infektionen","OPS","OPS-Einschlusskodes für therapiebedürftige zugangsassoziierte Infektion","5346.8x%","5346.8x%"
"DeQS_KCHK-MK-KATH_EJ-2025_QIDB-RR-P_V01_2024-02-23.pdf","OPS_HCH_Komplikationen_Infektionen","OPS","OPS-Einschlusskodes für therapiebedürftige zugangsassoziierte Infektion","5346.b%","5346.b%"
"DeQS_KCHK-MK-KATH_EJ-2025_QIDB-RR-P_V01_2024-02-23.pdf","OPS_HCH_Komplikationen_Infektionen","OPS","OPS-Einschlusskodes für therapiebedürftige zugangsassoziierte Infektion","5349.1%","5349.1%"
"DeQS_KCHK-MK-KATH_EJ-2025_QIDB-RR-P_V01_2024-02-23.pdf","OPS_HCH_Komplikationen_Infektionen","OPS","OPS-Einschlusskodes für therapiebedürftige zugangsassoziierte Infektion","5349.2%","5349.2%"
"DeQS_KCHK-MK-KATH_EJ-2025_QIDB-RR-P_V01_2024-02-23.pdf","OPS_HCH_Komplikationen_Infektionen","OPS","OPS-Einschlusskodes für therapiebedürftige zugangsassoziierte Infektion","5894.0c%","5894.0c%"
"DeQS_KCHK-MK-KATH_EJ-2025_QIDB-RR-P_V01_2024-02-23.pdf","OPS_HCH_Komplikationen_Infektionen","OPS","OPS-Einschlusskodes für therapiebedürftige zugangsassoziierte Infektion","5894.1c%","5894.1c%"
"DeQS_KCHK-MK-KATH_EJ-2025_QIDB-RR-P_V01_2024-02-23.pdf","OPS_HCH_Komplikationen_Infektionen","OPS","OPS-Einschlusskodes für therapiebedürftige zugangsassoziierte Infektion","5895.2c%","5895.2c%"
"DeQS_KCHK-MK-KATH_EJ-2025_QIDB-RR-P_V01_2024-02-23.pdf","OPS_HCH_Komplikationen_Infektionen","OPS","OPS-Einschlusskodes für therapiebedürftige zugangsassoziierte Infektion","5896.0c%","5896.0c%"
"DeQS_KCHK-MK-KATH_EJ-2025_QIDB-RR-P_V01_2024-02-23.pdf","OPS_HCH_Komplikationen_Infektionen","OPS","OPS-Einschlusskodes für therapiebedürftige zugangsassoziierte Infektion","5896.1c%","5896.1c%"
"DeQS_KCHK-MK-KATH_EJ-2025_QIDB-RR-P_V01_2024-02-23.pdf","OPS_HCH_Komplikationen_Infektionen","OPS","OPS-Einschlusskodes für therapiebedürftige zugangsassoziierte Infektion","5896.26%","5896.26%"
"DeQS_KCHK-MK-KATH_EJ-2025_QIDB-RR-P_V01_2024-02-23.pdf","OPS_HCH_Komplikationen_Infektionen","OPS","OPS-Einschlusskodes für therapiebedürftige zugangsassoziierte Infektion","5896.2c%","5896.2c%"
"DeQS_KCHK-MK-KATH_EJ-2025_QIDB-RR-P_V01_2024-02-23.pdf","OPS_HCH_Komplikationen_Infektionen","OPS","OPS-Einschlusskodes für therapiebedürftige zugangsassoziierte Infektion","5916.a2%","5916.a2%"
"DeQS_KCHK-MK-KATH_EJ-2025_QIDB-RR-P_V01_2024-02-23.pdf","OPS_HCH_Komplikationen_mechanisch","OPS","OPS-Einschlusskodes für mechanische Komplikation durch eingebrachtes Fremdmaterial oder paravulväre Leckage","5354.13%","5354.13%"
"DeQS_KCHK-MK-KATH_EJ-2025_QIDB-RR-P_V01_2024-02-23.pdf","OPS_HCH_Komplikationen_mechanisch","OPS","OPS-Einschlusskodes für mechanische Komplikation durch eingebrachtes Fremdmaterial oder paravulväre Leckage","5354.1x%","5354.1x%"
"DeQS_KCHK-MK-KATH_EJ-2025_QIDB-RR-P_V01_2024-02-23.pdf","OPS_HCH_MK_Erneut","OPS","OPS-Einschlusskodes für erneuten Mitralklappeneingriff","5350.2%","5350.2%"
"DeQS_KCHK-MK-KATH_EJ-2025_QIDB-RR-P_V01_2024-02-23.pdf","OPS_HCH_MK_Erneut","OPS","OPS-Einschlusskodes für erneuten Mitralklappeneingriff","5350.3%","5350.3%"
"DeQS_KCHK-MK-KATH_EJ-2025_QIDB-RR-P_V01_2024-02-23.pdf","OPS_HCH_MK_Erneut","OPS","OPS-Einschlusskodes für erneuten Mitralklappeneingriff","5351.11%","5351.11%"
"DeQS_KCHK-MK-KATH_EJ-2025_QIDB-RR-P_V01_2024-02-23.pdf","OPS_HCH_MK_Erneut","OPS","OPS-Einschlusskodes für erneuten Mitralklappeneingriff","5351.12%","5351.12%"
"DeQS_KCHK-MK-KATH_EJ-2025_QIDB-RR-P_V01_2024-02-23.pdf","OPS_HCH_MK_Erneut","OPS","OPS-Einschlusskodes für erneuten Mitralklappeneingriff","5351.13%","5351.13%"
"DeQS_KCHK-MK-KATH_EJ-2025_QIDB-RR-P_V01_2024-02-23.pdf","OPS_HCH_MK_Erneut","OPS","OPS-Einschlusskodes für erneuten Mitralklappeneingriff","5351.14%","5351.14%"
"DeQS_KCHK-MK-KATH_EJ-2025_QIDB-RR-P_V01_2024-02-23.pdf","OPS_HCH_MK_Erneut","OPS","OPS-Einschlusskodes für erneuten Mitralklappeneingriff","5351.1x%","5351.1x%"
"DeQS_KCHK-MK-KATH_EJ-2025_QIDB-RR-P_V01_2024-02-23.pdf","OPS_HCH_MK_Erneut","OPS","OPS-Einschlusskodes für erneuten Mitralklappeneingriff","5351.21%","5351.21%"
"DeQS_KCHK-MK-KATH_EJ-2025_QIDB-RR-P_V01_2024-02-23.pdf","OPS_HCH_MK_Erneut","OPS","OPS-Einschlusskodes für erneuten Mitralklappeneingriff","5351.22%","5351.22%"
"DeQS_KCHK-MK-KATH_EJ-2025_QIDB-RR-P_V01_2024-02-23.pdf","OPS_HCH_MK_Erneut","OPS","OPS-Einschlusskodes für erneuten Mitralklappeneingriff","5351.23%","5351.23%"
"DeQS_KCHK-MK-KATH_EJ-2025_QIDB-RR-P_V01_2024-02-23.pdf","OPS_HCH_MK_Erneut","OPS","OPS-Einschlusskodes für erneuten Mitralklappeneingriff","5351.24%","5351.24%"
"DeQS_KCHK-MK-KATH_EJ-2025_QIDB-RR-P_V01_2024-02-23.pdf","OPS_HCH_MK_Erneut","OPS","OPS-Einschlusskodes für erneuten Mitralklappeneingriff","5351.2x%","5351.2x%"
"DeQS_KCHK-MK-KATH_EJ-2025_QIDB-RR-P_V01_2024-02-23.pdf","OPS_HCH_MK_Erneut","OPS","OPS-Einschlusskodes für erneuten Mitralklappeneingriff","5352.10%","5352.10%"
"DeQS_KCHK-MK-KATH_EJ-2025_QIDB-RR-P_V01_2024-02-23.pdf","OPS_HCH_MK_Erneut","OPS","OPS-Einschlusskodes für erneuten Mitralklappeneingriff","5352.11%","5352.11%"
"DeQS_KCHK-MK-KATH_EJ-2025_QIDB-RR-P_V01_2024-02-23.pdf","OPS_HCH_MK_Erneut","OPS","OPS-Einschlusskodes für erneuten Mitralklappeneingriff","5352.12%","5352.12%"
"DeQS_KCHK-MK-KATH_EJ-2025_QIDB-RR-P_V01_2024-02-23.pdf","OPS_HCH_MK_Erneut","OPS","OPS-Einschlusskodes für erneuten Mitralklappeneingriff","5352.13%","5352.13%"
"DeQS_KCHK-MK-KATH_EJ-2025_QIDB-RR-P_V01_2024-02-23.pdf","OPS_HCH_MK_Erneut","OPS","OPS-Einschlusskodes für erneuten Mitralklappeneingriff","5352.1x%","5352.1x%"
"DeQS_KCHK-MK-KATH_EJ-2025_QIDB-RR-P_V01_2024-02-23.pdf","OPS_HCH_MK_Erneut","OPS","OPS-Einschlusskodes für erneuten Mitralklappeneingriff","5353.1%","5353.1%"
"DeQS_KCHK-MK-KATH_EJ-2025_QIDB-RR-P_V01_2024-02-23.pdf","OPS_HCH_MK_Erneut","OPS","OPS-Einschlusskodes für erneuten Mitralklappeneingriff","5353.2%","5353.2%"
"DeQS_KCHK-MK-KATH_EJ-2025_QIDB-RR-P_V01_2024-02-23.pdf","OPS_HCH_MK_Erneut","OPS","OPS-Einschlusskodes für erneuten Mitralklappeneingriff","5354.11%","5354.11%"
"DeQS_KCHK-MK-KATH_EJ-2025_QIDB-RR-P_V01_2024-02-23.pdf","OPS_HCH_MK_Erneut","OPS","OPS-Einschlusskodes für erneuten Mitralklappeneingriff","5354.12%","5354.12%"
"DeQS_KCHK-MK-KATH_EJ-2025_QIDB-RR-P_V01_2024-02-23.pdf","OPS_HCH_MK_Erneut","OPS","OPS-Einschlusskodes für erneuten Mitralklappeneingriff","5354.13%","5354.13%"
"DeQS_KCHK-MK-KATH_EJ-2025_QIDB-RR-P_V01_2024-02-23.pdf","OPS_HCH_MK_Erneut","OPS","OPS-Einschlusskodes für erneuten Mitralklappeneingriff","5354.14%","5354.14%"
"DeQS_KCHK-MK-KATH_EJ-2025_QIDB-RR-P_V01_2024-02-23.pdf","OPS_HCH_MK_Erneut","OPS","OPS-Einschlusskodes für erneuten Mitralklappeneingriff","5354.1x%","5354.1x%"
"DeQS_KCHK-MK-KATH_EJ-2025_QIDB-RR-P_V01_2024-02-23.pdf","OPS_HCH_MK_Erneut","OPS","OPS-Einschlusskodes für erneuten Mitralklappeneingriff","535a.2%","535a.2%"
"DeQS_KCHK-MK-KATH_EJ-2025_QIDB-RR-P_V01_2024-02-23.pdf","OPS_HCH_MK_Erneut","OPS","OPS-Einschlusskodes für erneuten Mitralklappeneingriff","535a.30%","535a.30%"
"DeQS_KCHK-MK-KATH_EJ-2025_QIDB-RR-P_V01_2024-02-23.pdf","OPS_HCH_MK_Erneut","OPS","OPS-Einschlusskodes für erneuten Mitralklappeneingriff","535a.31%","535a.31%"
"DeQS_KCHK-MK-KATH_EJ-2025_QIDB-RR-P_V01_2024-02-23.pdf","OPS_HCH_MK_Erneut","OPS","OPS-Einschlusskodes für erneuten Mitralklappeneingriff","535a.32%","535a.32%"
"DeQS_KCHK-MK-KATH_EJ-2025_QIDB-RR-P_V01_2024-02-23.pdf","OPS_HCH_MK_Erneut","OPS","OPS-Einschlusskodes für erneuten Mitralklappeneingriff","535a.40%","535a.40%"
"DeQS_KCHK-MK-KATH_EJ-2025_QIDB-RR-P_V01_2024-02-23.pdf","OPS_HCH_MK_Erneut","OPS","OPS-Einschlusskodes für erneuten Mitralklappeneingriff","535a.41%","535a.41%"
"DeQS_KCHK-MK-KATH_EJ-2025_QIDB-RR-P_V01_2024-02-23.pdf","OPS_HCH_MK_Erneut","OPS","OPS-Einschlusskodes für erneuten Mitralklappeneingriff","535a.42%","535a.42%"
"DeQS_KCHK-MK-KATH_EJ-2025_QIDB-RR-P_V01_2024-02-23.pdf","OPS_HCH_MK_Erneut","OPS","OPS-Einschlusskodes für erneuten Mitralklappeneingriff","8837.a1%","8837.a1%"
"DeQS_KCHK-MK-KATH_EJ-2025_QIDB-RR-P_V01_2024-02-23.pdf","OPS_HCH_Schlaganfall","OPS","OPS-Einschlusskodes für einen Schlaganfall","8981.0%","8981.0%"
"DeQS_KCHK-MK-KATH_EJ-2025_QIDB-RR-P_V01_2024-02-23.pdf","OPS_HCH_Schlaganfall","OPS","OPS-Einschlusskodes für einen Schlaganfall","8981.1%","8981.1%"
"DeQS_KCHK-MK-KATH_EJ-2025_QIDB-RR-P_V01_2024-02-23.pdf","OPS_HCH_Schlaganfall","OPS","OPS-Einschlusskodes für einen Schlaganfall","8981.20%","8981.20%"
"DeQS_KCHK-MK-KATH_EJ-2025_QIDB-RR-P_V01_2024-02-23.pdf","OPS_HCH_Schlaganfall","OPS","OPS-Einschlusskodes für einen Schlaganfall","8981.21%","8981.21%"
"DeQS_KCHK-MK-KATH_EJ-2025_QIDB-RR-P_V01_2024-02-23.pdf","OPS_HCH_Schlaganfall","OPS","OPS-Einschlusskodes für einen Schlaganfall","8981.22%","8981.22%"
"DeQS_KCHK-MK-KATH_EJ-2025_QIDB-RR-P_V01_2024-02-23.pdf","OPS_HCH_Schlaganfall","OPS","OPS-Einschlusskodes für einen Schlaganfall","8981.23%","8981.23%"
"DeQS_KCHK-MK-KATH_EJ-2025_QIDB-RR-P_V01_2024-02-23.pdf","OPS_HCH_Schlaganfall","OPS","OPS-Einschlusskodes für einen Schlaganfall","8981.30%","8981.30%"
"DeQS_KCHK-MK-KATH_EJ-2025_QIDB-RR-P_V01_2024-02-23.pdf","OPS_HCH_Schlaganfall","OPS","OPS-Einschlusskodes für einen Schlaganfall","8981.31%","8981.31%"
"DeQS_KCHK-MK-KATH_EJ-2025_QIDB-RR-P_V01_2024-02-23.pdf","OPS_HCH_Schlaganfall","OPS","OPS-Einschlusskodes für einen Schlaganfall","8981.32%","8981.32%"
"DeQS_KCHK-MK-KATH_EJ-2025_QIDB-RR-P_V01_2024-02-23.pdf","OPS_HCH_Schlaganfall","OPS","OPS-Einschlusskodes für einen Schlaganfall","8981.33%","8981.33%"
"DeQS_KCHK-MK-KATH_EJ-2025_QIDB-RR-P_V01_2024-02-23.pdf","OPS_HCH_Schlaganfall","OPS","OPS-Einschlusskodes für einen Schlaganfall","898b.00%","898b.00%"
"DeQS_KCHK-MK-KATH_EJ-2025_QIDB-RR-P_V01_2024-02-23.pdf","OPS_HCH_Schlaganfall","OPS","OPS-Einschlusskodes für einen Schlaganfall","898b.01%","898b.01%"
"DeQS_KCHK-MK-KATH_EJ-2025_QIDB-RR-P_V01_2024-02-23.pdf","OPS_HCH_Schlaganfall","OPS","OPS-Einschlusskodes für einen Schlaganfall","898b.1%","898b.1%"
"DeQS_KCHK-MK-KATH_EJ-2025_QIDB-RR-P_V01_2024-02-23.pdf","OPS_HCH_Schlaganfall","OPS","OPS-Einschlusskodes für einen Schlaganfall","898b.10%","898b.10%"
"DeQS_KCHK-MK-KATH_EJ-2025_QIDB-RR-P_V01_2024-02-23.pdf","OPS_HCH_Schlaganfall","OPS","OPS-Einschlusskodes für einen Schlaganfall","898b.11%","898b.11%"
"DeQS_KCHK-MK-KATH_EJ-2025_QIDB-RR-P_V01_2024-02-23.pdf","OPS_HCH_Schlaganfall","OPS","OPS-Einschlusskodes für einen Schlaganfall","898b.20%","898b.20%"
"DeQS_KCHK-MK-KATH_EJ-2025_QIDB-RR-P_V01_2024-02-23.pdf","OPS_HCH_Schlaganfall","OPS","OPS-Einschlusskodes für einen Schlaganfall","898b.21%","898b.21%"
"DeQS_KCHK-MK-KATH_EJ-2025_QIDB-RR-P_V01_2024-02-23.pdf","OPS_HCH_Schlaganfall","OPS","OPS-Einschlusskodes für einen Schlaganfall","898b.22%","898b.22%"
"DeQS_KCHK-MK-KATH_EJ-2025_QIDB-RR-P_V01_2024-02-23.pdf","OPS_HCH_Schlaganfall","OPS","OPS-Einschlusskodes für einen Schlaganfall","898b.23%","898b.23%"
"DeQS_KCHK-MK-KATH_EJ-2025_QIDB-RR-P_V01_2024-02-23.pdf","OPS_HCH_Schlaganfall","OPS","OPS-Einschlusskodes für einen Schlaganfall","898b.30%","898b.30%"
"DeQS_KCHK-MK-KATH_EJ-2025_QIDB-RR-P_V01_2024-02-23.pdf","OPS_HCH_Schlaganfall","OPS","OPS-Einschlusskodes für einen Schlaganfall","898b.31%","898b.31%"
"DeQS_KCHK-MK-KATH_EJ-2025_QIDB-RR-P_V01_2024-02-23.pdf","OPS_HCH_Schlaganfall","OPS","OPS-Einschlusskodes für einen Schlaganfall","898b.32%","898b.32%"
"DeQS_KCHK-MK-KATH_EJ-2025_QIDB-RR-P_V01_2024-02-23.pdf","OPS_HCH_Schlaganfall","OPS","OPS-Einschlusskodes für einen Schlaganfall","898b.33%","898b.33%"
"DeQS_MC_EJ-2025_QIDB-RR-P_V01_2024-02-23.pdf","OPS_BET","OPS","Brusterhaltende Operationen","5870.60%","5870.60%"
"DeQS_MC_EJ-2025_QIDB-RR-P_V01_2024-02-23.pdf","OPS_BET","OPS","Brusterhaltende Operationen","5870.61%","5870.61%"
"DeQS_MC_EJ-2025_QIDB-RR-P_V01_2024-02-23.pdf","OPS_BET","OPS","Brusterhaltende Operationen","5870.90%","5870.90%"
"DeQS_MC_EJ-2025_QIDB-RR-P_V01_2024-02-23.pdf","OPS_BET","OPS","Brusterhaltende Operationen","5870.91%","5870.91%"
"DeQS_MC_EJ-2025_QIDB-RR-P_V01_2024-02-23.pdf","OPS_BET","OPS","Brusterhaltende Operationen","5870.a0%","5870.a0%"
"DeQS_MC_EJ-2025_QIDB-RR-P_V01_2024-02-23.pdf","OPS_BET","OPS","Brusterhaltende Operationen","5870.a1%","5870.a1%"
"DeQS_MC_EJ-2025_QIDB-RR-P_V01_2024-02-23.pdf","OPS_BET","OPS","Brusterhaltende Operationen","5870.a2%","5870.a2%"
"DeQS_MC_EJ-2025_QIDB-RR-P_V01_2024-02-23.pdf","OPS_BET","OPS","Brusterhaltende Operationen","5870.a3%","5870.a3%"
"DeQS_MC_EJ-2025_QIDB-RR-P_V01_2024-02-23.pdf","OPS_BET","OPS","Brusterhaltende Operationen","5870.a4%","5870.a4%"
"DeQS_MC_EJ-2025_QIDB-RR-P_V01_2024-02-23.pdf","OPS_BET","OPS","Brusterhaltende Operationen","5870.a5%","5870.a5%"
"DeQS_MC_EJ-2025_QIDB-RR-P_V01_2024-02-23.pdf","OPS_BET","OPS","Brusterhaltende Operationen","5870.a6%","5870.a6%"
"DeQS_MC_EJ-2025_QIDB-RR-P_V01_2024-02-23.pdf","OPS_BET","OPS","Brusterhaltende Operationen","5870.a7%","5870.a7%"
"DeQS_MC_EJ-2025_QIDB-RR-P_V01_2024-02-23.pdf","OPS_BET","OPS","Brusterhaltende Operationen","5870.ax%","5870.ax%"
"DeQS_MC_EJ-2025_QIDB-RR-P_V01_2024-02-23.pdf","OPS_BET","OPS","Brusterhaltende Operationen","5870.x%","5870.x%"
"DeQS_MC_EJ-2025_QIDB-RR-P_V01_2024-02-23.pdf","OPS_BET","OPS","Brusterhaltende Operationen","5870.y%","5870.y%"
"DeQS_MC_EJ-2025_QIDB-RR-P_V01_2024-02-23.pdf","OPS_Mastektomie","OPS","Mastektomie","5872.0%","5872.0%"
"DeQS_MC_EJ-2025_QIDB-RR-P_V01_2024-02-23.pdf","OPS_Mastektomie","OPS","Mastektomie","5872.1%","5872.1%"
"DeQS_MC_EJ-2025_QIDB-RR-P_V01_2024-02-23.pdf","OPS_Mastektomie","OPS","Mastektomie","5872.x%","5872.x%"
"DeQS_MC_EJ-2025_QIDB-RR-P_V01_2024-02-23.pdf","OPS_Mastektomie","OPS","Mastektomie","5872.y%","5872.y%"
"DeQS_MC_EJ-2025_QIDB-RR-P_V01_2024-02-23.pdf","OPS_Mastektomie","OPS","Mastektomie","5874.0%","5874.0%"
"DeQS_MC_EJ-2025_QIDB-RR-P_V01_2024-02-23.pdf","OPS_Mastektomie","OPS","Mastektomie","5874.1%","5874.1%"
"DeQS_MC_EJ-2025_QIDB-RR-P_V01_2024-02-23.pdf","OPS_Mastektomie","OPS","Mastektomie","5874.2%","5874.2%"
"DeQS_MC_EJ-2025_QIDB-RR-P_V01_2024-02-23.pdf","OPS_Mastektomie","OPS","Mastektomie","5874.4%","5874.4%"
"DeQS_MC_EJ-2025_QIDB-RR-P_V01_2024-02-23.pdf","OPS_Mastektomie","OPS","Mastektomie","5874.5%","5874.5%"
"DeQS_MC_EJ-2025_QIDB-RR-P_V01_2024-02-23.pdf","OPS_Mastektomie","OPS","Mastektomie","5874.6%","5874.6%"
"DeQS_MC_EJ-2025_QIDB-RR-P_V01_2024-02-23.pdf","OPS_Mastektomie","OPS","Mastektomie","5874.7%","5874.7%"
"DeQS_MC_EJ-2025_QIDB-RR-P_V01_2024-02-23.pdf","OPS_Mastektomie","OPS","Mastektomie","5874.8%","5874.8%"
"DeQS_NET-DIAL_EJ-2025_QIDB-RR-P_V01_2024-02-23.pdf","GOP_DIAL_Haemodialyse","GOP","Hämodialyse GOPs 13610","GOP_DIAL_Peritonealdialyse","GOP_DIAL_Peritonealdialyse"
"DeQS_NET-DIAL_EJ-2025_QIDB-RR-P_V01_2024-02-23.pdf","ICD_DIAL_Haemodialysekomplikation","ICD","Komplikationen nach Hämodialyse","T82.4%","T82.4%"
"DeQS_NET-DIAL_EJ-2025_QIDB-RR-P_V01_2024-02-23.pdf","ICD_DIAL_Haemodialysekomplikation","ICD","Komplikationen nach Hämodialyse","T85.78%","T85.78%"
"DeQS_NET-DIAL_EJ-2025_QIDB-RR-P_V01_2024-02-23.pdf","ICD_DIAL_Haemodialysekomplikation","ICD","Komplikationen nach Hämodialyse","T85.88%","T85.88%"
"DeQS_NET-DIAL_EJ-2025_QIDB-RR-P_V01_2024-02-23.pdf","ICD_DIAL_Haemodialysekomplikation","ICD","Komplikationen nach Hämodialyse","T85.9%","T85.9%"
"DeQS_NET-DIAL_EJ-2025_QIDB-RR-P_V01_2024-02-23.pdf","ICD_DIAL_Haemodialysekomplikation","ICD","Komplikationen nach Hämodialyse","T80.1%","T80.1%"
"DeQS_NET-DIAL_EJ-2025_QIDB-RR-P_V01_2024-02-23.pdf","ICD_DIAL_Haemodialysekomplikation","ICD","Komplikationen nach Hämodialyse","T82.7%","T82.7%"
"DeQS_NET-DIAL_EJ-2025_QIDB-RR-P_V01_2024-02-23.pdf","ICD_DIAL_Peritonealdialysekomplikation","ICD","Komplikationen nach Peritonealdialyse","T85.71%","T85.71%"
"DeQS_NET-DIAL_EJ-2025_QIDB-RR-P_V01_2024-02-23.pdf","OPS_DIAL_Haemodialyse","OPS","Hämodialyse","8853.3%","8853.3%"
"DeQS_NET-DIAL_EJ-2025_QIDB-RR-P_V01_2024-02-23.pdf","OPS_DIAL_Haemodialyse","OPS","Hämodialyse","8853.4%","8853.4%"
"DeQS_NET-DIAL_EJ-2025_QIDB-RR-P_V01_2024-02-23.pdf","OPS_DIAL_Haemodialyse","OPS","Hämodialyse","8853.6%","8853.6%"
"DeQS_NET-DIAL_EJ-2025_QIDB-RR-P_V01_2024-02-23.pdf","OPS_DIAL_Haemodialyse","OPS","Hämodialyse","8853.x%","8853.x%"
"DeQS_NET-DIAL_EJ-2025_QIDB-RR-P_V01_2024-02-23.pdf","OPS_DIAL_Haemodialyse","OPS","Hämodialyse","8853.y%","8853.y%"
"DeQS_NET-DIAL_EJ-2025_QIDB-RR-P_V01_2024-02-23.pdf","OPS_DIAL_Haemodialyse","OPS","Hämodialyse","8854.2%","8854.2%"
"DeQS_NET-DIAL_EJ-2025_QIDB-RR-P_V01_2024-02-23.pdf","OPS_DIAL_Haemodialyse","OPS","Hämodialyse","8854.3%","8854.3%"
"DeQS_NET-DIAL_EJ-2025_QIDB-RR-P_V01_2024-02-23.pdf","OPS_DIAL_Haemodialyse","OPS","Hämodialyse","8854.4%","8854.4%"
"DeQS_NET-DIAL_EJ-2025_QIDB-RR-P_V01_2024-02-23.pdf","OPS_DIAL_Haemodialyse","OPS","Hämodialyse","8854.5%","8854.5%"
"DeQS_NET-DIAL_EJ-2025_QIDB-RR-P_V01_2024-02-23.pdf","OPS_DIAL_Haemodialyse","OPS","Hämodialyse","8854.8%","8854.8%"
"DeQS_NET-DIAL_EJ-2025_QIDB-RR-P_V01_2024-02-23.pdf","OPS_DIAL_Haemodialyse","OPS","Hämodialyse","8854.x%","8854.x%"
"DeQS_NET-DIAL_EJ-2025_QIDB-RR-P_V01_2024-02-23.pdf","OPS_DIAL_Haemodialyse","OPS","Hämodialyse","8854.y%","8854.y%"
"DeQS_NET-DIAL_EJ-2025_QIDB-RR-P_V01_2024-02-23.pdf","OPS_DIAL_Haemodialyse","OPS","Hämodialyse","8855.3%","8855.3%"
"DeQS_NET-DIAL_EJ-2025_QIDB-RR-P_V01_2024-02-23.pdf","OPS_DIAL_Haemodialyse","OPS","Hämodialyse","8855.4%","8855.4%"
"DeQS_NET-DIAL_EJ-2025_QIDB-RR-P_V01_2024-02-23.pdf","OPS_DIAL_Haemodialyse","OPS","Hämodialyse","8855.5%","8855.5%"
"DeQS_NET-DIAL_EJ-2025_QIDB-RR-P_V01_2024-02-23.pdf","OPS_DIAL_Haemodialyse","OPS","Hämodialyse","8855.6%","8855.6%"
"DeQS_NET-DIAL_EJ-2025_QIDB-RR-P_V01_2024-02-23.pdf","OPS_DIAL_Haemodialyse","OPS","Hämodialyse","8855.x%","8855.x%"
"DeQS_NET-DIAL_EJ-2025_QIDB-RR-P_V01_2024-02-23.pdf","OPS_DIAL_Haemodialyse","OPS","Hämodialyse","8855.y%","8855.y%"
"DeQS_NET-DIAL_EJ-2025_QIDB-RR-P_V01_2024-02-23.pdf","OPS_DIAL_Peritonealdialyse","OPS","Peritonealdialyse","8857.0%","8857.0%"
"DeQS_NET-DIAL_EJ-2025_QIDB-RR-P_V01_2024-02-23.pdf","OPS_DIAL_Peritonealdialyse","OPS","Peritonealdialyse","8857.x%","8857.x%"
"DeQS_NET-DIAL_EJ-2025_QIDB-RR-P_V01_2024-02-23.pdf","OPS_DIAL_Peritonealdialyse","OPS","Peritonealdialyse","8857.y%","8857.y%"
"DeQS_PCI_EJ-2025_QIDB-RR-P_V01_2024-02-23.pdf","GOP_PCI_ChirurgEingriff","GOP","PCI – GOP-Kodes für Chirurgische Interventionen am Gefäßssystem","31201","31201"
"DeQS_PCI_EJ-2025_QIDB-RR-P_V01_2024-02-23.pdf","GOP_PCI_ChirurgEingriff","GOP","PCI – GOP-Kodes für Chirurgische Interventionen am Gefäßssystem","31202","31202"
"DeQS_PCI_EJ-2025_QIDB-RR-P_V01_2024-02-23.pdf","GOP_PCI_ChirurgEingriff","GOP","PCI – GOP-Kodes für Chirurgische Interventionen am Gefäßssystem","31203","31203"
"DeQS_PCI_EJ-2025_QIDB-RR-P_V01_2024-02-23.pdf","GOP_PCI_ChirurgEingriff","GOP","PCI – GOP-Kodes für Chirurgische Interventionen am Gefäßssystem","31204","31204"
"DeQS_PCI_EJ-2025_QIDB-RR-P_V01_2024-02-23.pdf","GOP_PCI_ChirurgEingriff","GOP","PCI – GOP-Kodes für Chirurgische Interventionen am Gefäßssystem","31205","31205"
"DeQS_PCI_EJ-2025_QIDB-RR-P_V01_2024-02-23.pdf","GOP_PCI_ChirurgEingriff","GOP","PCI – GOP-Kodes für Chirurgische Interventionen am Gefäßssystem","36201","36201"
"DeQS_PCI_EJ-2025_QIDB-RR-P_V01_2024-02-23.pdf","GOP_PCI_ChirurgEingriff","GOP","PCI – GOP-Kodes für Chirurgische Interventionen am Gefäßssystem","36202","36202"
"DeQS_PCI_EJ-2025_QIDB-RR-P_V01_2024-02-23.pdf","GOP_PCI_ChirurgEingriff","GOP","PCI – GOP-Kodes für Chirurgische Interventionen am Gefäßssystem","36203","36203"
"DeQS_PCI_EJ-2025_QIDB-RR-P_V01_2024-02-23.pdf","GOP_PCI_ChirurgEingriff","GOP","PCI – GOP-Kodes für Chirurgische Interventionen am Gefäßssystem","36204","36204"
"DeQS_PCI_EJ-2025_QIDB-RR-P_V01_2024-02-23.pdf","ICD_PCI_MyokardinfarktAkut","ICD","PCI - ICD-Kodes für akuten Myokardinfarkt","I21.0%","I21.0%"
"DeQS_PCI_EJ-2025_QIDB-RR-P_V01_2024-02-23.pdf","ICD_PCI_MyokardinfarktAkut","ICD","PCI - ICD-Kodes für akuten Myokardinfarkt","I21.1%","I21.1%"
"DeQS_PCI_EJ-2025_QIDB-RR-P_V01_2024-02-23.pdf","ICD_PCI_MyokardinfarktAkut","ICD","PCI - ICD-Kodes für akuten Myokardinfarkt","I21.2%","I21.2%"
"DeQS_PCI_EJ-2025_QIDB-RR-P_V01_2024-02-23.pdf","ICD_PCI_MyokardinfarktAkut","ICD","PCI - ICD-Kodes für akuten Myokardinfarkt","I21.3%","I21.3%"
"DeQS_PCI_EJ-2025_QIDB-RR-P_V01_2024-02-23.pdf","ICD_PCI_MyokardinfarktAkut","ICD","PCI - ICD-Kodes für akuten Myokardinfarkt","I21.4%","I21.4%"
"DeQS_PCI_EJ-2025_QIDB-RR-P_V01_2024-02-23.pdf","ICD_PCI_MyokardinfarktRezidiv","ICD","PCI - ICD-Kodes für rezidivierenden Myokardinfarkt","I22%","I22%"
"DeQS_PCI_EJ-2025_QIDB-RR-P_V01_2024-02-23.pdf","ICD_PCI_Schlaganfall","ICD","PCI – ICD-Kodes für Schlaganfall","I61%","I61%"
"DeQS_PCI_EJ-2025_QIDB-RR-P_V01_2024-02-23.pdf","ICD_PCI_Schlaganfall","ICD","PCI – ICD-Kodes für Schlaganfall","I63%","I63%"
"DeQS_PCI_EJ-2025_QIDB-RR-P_V01_2024-02-23.pdf","ICD_PCI_Schlaganfall","ICD","PCI – ICD-Kodes für Schlaganfall","I64%","I64%"
"DeQS_PCI_EJ-2025_QIDB-RR-P_V01_2024-02-23.pdf","ICD_PCI_TIA","ICD","PCI – ICD-Kodes für TIA (transitorische ischämische Attacke)","G45%","G45%"
"DeQS_PCI_EJ-2025_QIDB-RR-P_V01_2024-02-23.pdf","OPS_PCI_AortokoronarerBypass","OPS","PCI - OPS-Kodes für das Anlegen eines aortokoronaren Bypass","5361.03%","5361.03%"
"DeQS_PCI_EJ-2025_QIDB-RR-P_V01_2024-02-23.pdf","OPS_PCI_AortokoronarerBypass","OPS","PCI - OPS-Kodes für das Anlegen eines aortokoronaren Bypass","5361.05%","5361.05%"
"DeQS_PCI_EJ-2025_QIDB-RR-P_V01_2024-02-23.pdf","OPS_PCI_AortokoronarerBypass","OPS","PCI - OPS-Kodes für das Anlegen eines aortokoronaren Bypass","5361.06%","5361.06%"
"DeQS_PCI_EJ-2025_QIDB-RR-P_V01_2024-02-23.pdf","OPS_PCI_AortokoronarerBypass","OPS","PCI - OPS-Kodes für das Anlegen eines aortokoronaren Bypass","5361.0x%","5361.0x%"
"DeQS_PCI_EJ-2025_QIDB-RR-P_V01_2024-02-23.pdf","OPS_PCI_AortokoronarerBypass","OPS","PCI - OPS-Kodes für das Anlegen eines aortokoronaren Bypass","5361.13%","5361.13%"
"DeQS_PCI_EJ-2025_QIDB-RR-P_V01_2024-02-23.pdf","OPS_PCI_AortokoronarerBypass","OPS","PCI - OPS-Kodes für das Anlegen eines aortokoronaren Bypass","5361.15%","5361.15%"
"DeQS_PCI_EJ-2025_QIDB-RR-P_V01_2024-02-23.pdf","OPS_PCI_AortokoronarerBypass","OPS","PCI - OPS-Kodes für das Anlegen eines aortokoronaren Bypass","5361.16%","5361.16%"
"DeQS_PCI_EJ-2025_QIDB-RR-P_V01_2024-02-23.pdf","OPS_PCI_AortokoronarerBypass","OPS","PCI - OPS-Kodes für das Anlegen eines aortokoronaren Bypass","5361.1x%","5361.1x%"
"DeQS_PCI_EJ-2025_QIDB-RR-P_V01_2024-02-23.pdf","OPS_PCI_AortokoronarerBypass","OPS","PCI - OPS-Kodes für das Anlegen eines aortokoronaren Bypass","5361.23%","5361.23%"
"DeQS_PCI_EJ-2025_QIDB-RR-P_V01_2024-02-23.pdf","OPS_PCI_AortokoronarerBypass","OPS","PCI - OPS-Kodes für das Anlegen eines aortokoronaren Bypass","5361.25%","5361.25%"
"DeQS_PCI_EJ-2025_QIDB-RR-P_V01_2024-02-23.pdf","OPS_PCI_AortokoronarerBypass","OPS","PCI - OPS-Kodes für das Anlegen eines aortokoronaren Bypass","5361.26%","5361.26%"
"DeQS_PCI_EJ-2025_QIDB-RR-P_V01_2024-02-23.pdf","OPS_PCI_AortokoronarerBypass","OPS","PCI - OPS-Kodes für das Anlegen eines aortokoronaren Bypass","5361.2x%","5361.2x%"
"DeQS_PCI_EJ-2025_QIDB-RR-P_V01_2024-02-23.pdf","OPS_PCI_AortokoronarerBypass","OPS","PCI - OPS-Kodes für das Anlegen eines aortokoronaren Bypass","5361.33%","5361.33%"
"DeQS_PCI_EJ-2025_QIDB-RR-P_V01_2024-02-23.pdf","OPS_PCI_AortokoronarerBypass","OPS","PCI - OPS-Kodes für das Anlegen eines aortokoronaren Bypass","5361.35%","5361.35%"
"DeQS_PCI_EJ-2025_QIDB-RR-P_V01_2024-02-23.pdf","OPS_PCI_AortokoronarerBypass","OPS","PCI - OPS-Kodes für das Anlegen eines aortokoronaren Bypass","5361.36%","5361.36%"
"DeQS_PCI_EJ-2025_QIDB-RR-P_V01_2024-02-23.pdf","OPS_PCI_AortokoronarerBypass","OPS","PCI - OPS-Kodes für das Anlegen eines aortokoronaren Bypass","5361.3x%","5361.3x%"
"DeQS_PCI_EJ-2025_QIDB-RR-P_V01_2024-02-23.pdf","OPS_PCI_AortokoronarerBypass","OPS","PCI - OPS-Kodes für das Anlegen eines aortokoronaren Bypass","5361.43%","5361.43%"
"DeQS_PCI_EJ-2025_QIDB-RR-P_V01_2024-02-23.pdf","OPS_PCI_AortokoronarerBypass","OPS","PCI - OPS-Kodes für das Anlegen eines aortokoronaren Bypass","5361.45%","5361.45%"
"DeQS_PCI_EJ-2025_QIDB-RR-P_V01_2024-02-23.pdf","OPS_PCI_AortokoronarerBypass","OPS","PCI - OPS-Kodes für das Anlegen eines aortokoronaren Bypass","5361.46%","5361.46%"
"DeQS_PCI_EJ-2025_QIDB-RR-P_V01_2024-02-23.pdf","OPS_PCI_AortokoronarerBypass","OPS","PCI - OPS-Kodes für das Anlegen eines aortokoronaren Bypass","5361.4x%","5361.4x%"
"DeQS_PCI_EJ-2025_QIDB-RR-P_V01_2024-02-23.pdf","OPS_PCI_AortokoronarerBypass","OPS","PCI - OPS-Kodes für das Anlegen eines aortokoronaren Bypass","5361.53%","5361.53%"
"DeQS_PCI_EJ-2025_QIDB-RR-P_V01_2024-02-23.pdf","OPS_PCI_AortokoronarerBypass","OPS","PCI - OPS-Kodes für das Anlegen eines aortokoronaren Bypass","5361.55%","5361.55%"
"DeQS_PCI_EJ-2025_QIDB-RR-P_V01_2024-02-23.pdf","OPS_PCI_AortokoronarerBypass","OPS","PCI - OPS-Kodes für das Anlegen eines aortokoronaren Bypass","5361.56%","5361.56%"
"DeQS_PCI_EJ-2025_QIDB-RR-P_V01_2024-02-23.pdf","OPS_PCI_AortokoronarerBypass","OPS","PCI - OPS-Kodes für das Anlegen eines aortokoronaren Bypass","5361.5x%","5361.5x%"
"DeQS_PCI_EJ-2025_QIDB-RR-P_V01_2024-02-23.pdf","OPS_PCI_AortokoronarerBypass","OPS","PCI - OPS-Kodes für das Anlegen eines aortokoronaren Bypass","5361.y%","5361.y%"
"DeQS_PCI_EJ-2025_QIDB-RR-P_V01_2024-02-23.pdf","OPS_PCI_AortokoronarerBypass","OPS","PCI - OPS-Kodes für das Anlegen eines aortokoronaren Bypass","5362.03%","5362.03%"
"DeQS_PCI_EJ-2025_QIDB-RR-P_V01_2024-02-23.pdf","OPS_PCI_AortokoronarerBypass","OPS","PCI - OPS-Kodes für das Anlegen eines aortokoronaren Bypass","5362.05%","5362.05%"
"DeQS_PCI_EJ-2025_QIDB-RR-P_V01_2024-02-23.pdf","OPS_PCI_AortokoronarerBypass","OPS","PCI - OPS-Kodes für das Anlegen eines aortokoronaren Bypass","5362.06%","5362.06%"
"DeQS_PCI_EJ-2025_QIDB-RR-P_V01_2024-02-23.pdf","OPS_PCI_AortokoronarerBypass","OPS","PCI - OPS-Kodes für das Anlegen eines aortokoronaren Bypass","5362.0x%","5362.0x%"
"DeQS_PCI_EJ-2025_QIDB-RR-P_V01_2024-02-23.pdf","OPS_PCI_AortokoronarerBypass","OPS","PCI - OPS-Kodes für das Anlegen eines aortokoronaren Bypass","5362.13%","5362.13%"
"DeQS_PCI_EJ-2025_QIDB-RR-P_V01_2024-02-23.pdf","OPS_PCI_AortokoronarerBypass","OPS","PCI - OPS-Kodes für das Anlegen eines aortokoronaren Bypass","5362.15%","5362.15%"
"DeQS_PCI_EJ-2025_QIDB-RR-P_V01_2024-02-23.pdf","OPS_PCI_AortokoronarerBypass","OPS","PCI - OPS-Kodes für das Anlegen eines aortokoronaren Bypass","5362.16%","5362.16%"
"DeQS_PCI_EJ-2025_QIDB-RR-P_V01_2024-02-23.pdf","OPS_PCI_AortokoronarerBypass","OPS","PCI - OPS-Kodes für das Anlegen eines aortokoronaren Bypass","5362.1x%","5362.1x%"
"DeQS_PCI_EJ-2025_QIDB-RR-P_V01_2024-02-23.pdf","OPS_PCI_AortokoronarerBypass","OPS","PCI - OPS-Kodes für das Anlegen eines aortokoronaren Bypass","5362.23%","5362.23%"
"DeQS_PCI_EJ-2025_QIDB-RR-P_V01_2024-02-23.pdf","OPS_PCI_AortokoronarerBypass","OPS","PCI - OPS-Kodes für das Anlegen eines aortokoronaren Bypass","5362.25%","5362.25%"
"DeQS_PCI_EJ-2025_QIDB-RR-P_V01_2024-02-23.pdf","OPS_PCI_AortokoronarerBypass","OPS","PCI - OPS-Kodes für das Anlegen eines aortokoronaren Bypass","5362.26%","5362.26%"
"DeQS_PCI_EJ-2025_QIDB-RR-P_V01_2024-02-23.pdf","OPS_PCI_AortokoronarerBypass","OPS","PCI - OPS-Kodes für das Anlegen eines aortokoronaren Bypass","5362.2x%","5362.2x%"
"DeQS_PCI_EJ-2025_QIDB-RR-P_V01_2024-02-23.pdf","OPS_PCI_AortokoronarerBypass","OPS","PCI - OPS-Kodes für das Anlegen eines aortokoronaren Bypass","5362.33%","5362.33%"
"DeQS_PCI_EJ-2025_QIDB-RR-P_V01_2024-02-23.pdf","OPS_PCI_AortokoronarerBypass","OPS","PCI - OPS-Kodes für das Anlegen eines aortokoronaren Bypass","5362.35%","5362.35%"
"DeQS_PCI_EJ-2025_QIDB-RR-P_V01_2024-02-23.pdf","OPS_PCI_AortokoronarerBypass","OPS","PCI - OPS-Kodes für das Anlegen eines aortokoronaren Bypass","5362.36%","5362.36%"
"DeQS_PCI_EJ-2025_QIDB-RR-P_V01_2024-02-23.pdf","OPS_PCI_AortokoronarerBypass","OPS","PCI - OPS-Kodes für das Anlegen eines aortokoronaren Bypass","5362.3x%","5362.3x%"
"DeQS_PCI_EJ-2025_QIDB-RR-P_V01_2024-02-23.pdf","OPS_PCI_AortokoronarerBypass","OPS","PCI - OPS-Kodes für das Anlegen eines aortokoronaren Bypass","5362.43%","5362.43%"
"DeQS_PCI_EJ-2025_QIDB-RR-P_V01_2024-02-23.pdf","OPS_PCI_AortokoronarerBypass","OPS","PCI - OPS-Kodes für das Anlegen eines aortokoronaren Bypass","5362.45%","5362.45%"
"DeQS_PCI_EJ-2025_QIDB-RR-P_V01_2024-02-23.pdf","OPS_PCI_AortokoronarerBypass","OPS","PCI - OPS-Kodes für das Anlegen eines aortokoronaren Bypass","5362.46%","5362.46%"
"DeQS_PCI_EJ-2025_QIDB-RR-P_V01_2024-02-23.pdf","OPS_PCI_AortokoronarerBypass","OPS","PCI - OPS-Kodes für das Anlegen eines aortokoronaren Bypass","5362.4x%","5362.4x%"
"DeQS_PCI_EJ-2025_QIDB-RR-P_V01_2024-02-23.pdf","OPS_PCI_AortokoronarerBypass","OPS","PCI - OPS-Kodes für das Anlegen eines aortokoronaren Bypass","5362.53%","5362.53%"
"DeQS_PCI_EJ-2025_QIDB-RR-P_V01_2024-02-23.pdf","OPS_PCI_AortokoronarerBypass","OPS","PCI - OPS-Kodes für das Anlegen eines aortokoronaren Bypass","5362.55%","5362.55%"
"DeQS_PCI_EJ-2025_QIDB-RR-P_V01_2024-02-23.pdf","OPS_PCI_AortokoronarerBypass","OPS","PCI - OPS-Kodes für das Anlegen eines aortokoronaren Bypass","5362.56%","5362.56%"
"DeQS_PCI_EJ-2025_QIDB-RR-P_V01_2024-02-23.pdf","OPS_PCI_AortokoronarerBypass","OPS","PCI - OPS-Kodes für das Anlegen eines aortokoronaren Bypass","5362.5x%","5362.5x%"
"DeQS_PCI_EJ-2025_QIDB-RR-P_V01_2024-02-23.pdf","OPS_PCI_AortokoronarerBypass","OPS","PCI - OPS-Kodes für das Anlegen eines aortokoronaren Bypass","5362.63%","5362.63%"
"DeQS_PCI_EJ-2025_QIDB-RR-P_V01_2024-02-23.pdf","OPS_PCI_AortokoronarerBypass","OPS","PCI - OPS-Kodes für das Anlegen eines aortokoronaren Bypass","5362.65%","5362.65%"
"DeQS_PCI_EJ-2025_QIDB-RR-P_V01_2024-02-23.pdf","OPS_PCI_AortokoronarerBypass","OPS","PCI - OPS-Kodes für das Anlegen eines aortokoronaren Bypass","5362.66%","5362.66%"
"DeQS_PCI_EJ-2025_QIDB-RR-P_V01_2024-02-23.pdf","OPS_PCI_AortokoronarerBypass","OPS","PCI - OPS-Kodes für das Anlegen eines aortokoronaren Bypass","5362.6x%","5362.6x%"
"DeQS_PCI_EJ-2025_QIDB-RR-P_V01_2024-02-23.pdf","OPS_PCI_AortokoronarerBypass","OPS","PCI - OPS-Kodes für das Anlegen eines aortokoronaren Bypass","5362.73%","5362.73%"
"DeQS_PCI_EJ-2025_QIDB-RR-P_V01_2024-02-23.pdf","OPS_PCI_AortokoronarerBypass","OPS","PCI - OPS-Kodes für das Anlegen eines aortokoronaren Bypass","5362.75%","5362.75%"
"DeQS_PCI_EJ-2025_QIDB-RR-P_V01_2024-02-23.pdf","OPS_PCI_AortokoronarerBypass","OPS","PCI - OPS-Kodes für das Anlegen eines aortokoronaren Bypass","5362.76%","5362.76%"
"DeQS_PCI_EJ-2025_QIDB-RR-P_V01_2024-02-23.pdf","OPS_PCI_AortokoronarerBypass","OPS","PCI - OPS-Kodes für das Anlegen eines aortokoronaren Bypass","5362.7x%","5362.7x%"
"DeQS_PCI_EJ-2025_QIDB-RR-P_V01_2024-02-23.pdf","OPS_PCI_AortokoronarerBypass","OPS","PCI - OPS-Kodes für das Anlegen eines aortokoronaren Bypass","5362.83%","5362.83%"
"DeQS_PCI_EJ-2025_QIDB-RR-P_V01_2024-02-23.pdf","OPS_PCI_AortokoronarerBypass","OPS","PCI - OPS-Kodes für das Anlegen eines aortokoronaren Bypass","5362.85%","5362.85%"
"DeQS_PCI_EJ-2025_QIDB-RR-P_V01_2024-02-23.pdf","OPS_PCI_AortokoronarerBypass","OPS","PCI - OPS-Kodes für das Anlegen eines aortokoronaren Bypass","5362.86%","5362.86%"
"DeQS_PCI_EJ-2025_QIDB-RR-P_V01_2024-02-23.pdf","OPS_PCI_AortokoronarerBypass","OPS","PCI - OPS-Kodes für das Anlegen eines aortokoronaren Bypass","5362.8x%","5362.8x%"
"DeQS_PCI_EJ-2025_QIDB-RR-P_V01_2024-02-23.pdf","OPS_PCI_AortokoronarerBypass","OPS","PCI - OPS-Kodes für das Anlegen eines aortokoronaren Bypass","5362.93%","5362.93%"
"DeQS_PCI_EJ-2025_QIDB-RR-P_V01_2024-02-23.pdf","OPS_PCI_AortokoronarerBypass","OPS","PCI - OPS-Kodes für das Anlegen eines aortokoronaren Bypass","5362.95%","5362.95%"
"DeQS_PCI_EJ-2025_QIDB-RR-P_V01_2024-02-23.pdf","OPS_PCI_AortokoronarerBypass","OPS","PCI - OPS-Kodes für das Anlegen eines aortokoronaren Bypass","5362.96%","5362.96%"
"DeQS_PCI_EJ-2025_QIDB-RR-P_V01_2024-02-23.pdf","OPS_PCI_AortokoronarerBypass","OPS","PCI - OPS-Kodes für das Anlegen eines aortokoronaren Bypass","5362.9x%","5362.9x%"
"DeQS_PCI_EJ-2025_QIDB-RR-P_V01_2024-02-23.pdf","OPS_PCI_AortokoronarerBypass","OPS","PCI - OPS-Kodes für das Anlegen eines aortokoronaren Bypass","5362.a3%","5362.a3%"
"DeQS_PCI_EJ-2025_QIDB-RR-P_V01_2024-02-23.pdf","OPS_PCI_AortokoronarerBypass","OPS","PCI - OPS-Kodes für das Anlegen eines aortokoronaren Bypass","5362.a5%","5362.a5%"
"DeQS_PCI_EJ-2025_QIDB-RR-P_V01_2024-02-23.pdf","OPS_PCI_AortokoronarerBypass","OPS","PCI - OPS-Kodes für das Anlegen eines aortokoronaren Bypass","5362.a6%","5362.a6%"
"DeQS_PCI_EJ-2025_QIDB-RR-P_V01_2024-02-23.pdf","OPS_PCI_AortokoronarerBypass","OPS","PCI - OPS-Kodes für das Anlegen eines aortokoronaren Bypass","5362.ax%","5362.ax%"
"DeQS_PCI_EJ-2025_QIDB-RR-P_V01_2024-02-23.pdf","OPS_PCI_AortokoronarerBypass","OPS","PCI - OPS-Kodes für das Anlegen eines aortokoronaren Bypass","5362.b3%","5362.b3%"
"DeQS_PCI_EJ-2025_QIDB-RR-P_V01_2024-02-23.pdf","OPS_PCI_AortokoronarerBypass","OPS","PCI - OPS-Kodes für das Anlegen eines aortokoronaren Bypass","5362.b5%","5362.b5%"
"DeQS_PCI_EJ-2025_QIDB-RR-P_V01_2024-02-23.pdf","OPS_PCI_AortokoronarerBypass","OPS","PCI - OPS-Kodes für das Anlegen eines aortokoronaren Bypass","5362.b6%","5362.b6%"
"DeQS_PCI_EJ-2025_QIDB-RR-P_V01_2024-02-23.pdf","OPS_PCI_AortokoronarerBypass","OPS","PCI - OPS-Kodes für das Anlegen eines aortokoronaren Bypass","5362.bx%","5362.bx%"
"DeQS_PCI_EJ-2025_QIDB-RR-P_V01_2024-02-23.pdf","OPS_PCI_AortokoronarerBypass","OPS","PCI - OPS-Kodes für das Anlegen eines aortokoronaren Bypass","5362.c3%","5362.c3%"
"DeQS_PCI_EJ-2025_QIDB-RR-P_V01_2024-02-23.pdf","OPS_PCI_AortokoronarerBypass","OPS","PCI - OPS-Kodes für das Anlegen eines aortokoronaren Bypass","5362.c5%","5362.c5%"
"DeQS_PCI_EJ-2025_QIDB-RR-P_V01_2024-02-23.pdf","OPS_PCI_AortokoronarerBypass","OPS","PCI - OPS-Kodes für das Anlegen eines aortokoronaren Bypass","5362.c6%","5362.c6%"
"DeQS_PCI_EJ-2025_QIDB-RR-P_V01_2024-02-23.pdf","OPS_PCI_AortokoronarerBypass","OPS","PCI - OPS-Kodes für das Anlegen eines aortokoronaren Bypass","5362.cx%","5362.cx%"
"DeQS_PCI_EJ-2025_QIDB-RR-P_V01_2024-02-23.pdf","OPS_PCI_AortokoronarerBypass","OPS","PCI - OPS-Kodes für das Anlegen eines aortokoronaren Bypass","5362.d3%","5362.d3%"
"DeQS_PCI_EJ-2025_QIDB-RR-P_V01_2024-02-23.pdf","OPS_PCI_AortokoronarerBypass","OPS","PCI - OPS-Kodes für das Anlegen eines aortokoronaren Bypass","5362.d5%","5362.d5%"
"DeQS_PCI_EJ-2025_QIDB-RR-P_V01_2024-02-23.pdf","OPS_PCI_AortokoronarerBypass","OPS","PCI - OPS-Kodes für das Anlegen eines aortokoronaren Bypass","5362.d6%","5362.d6%"
"DeQS_PCI_EJ-2025_QIDB-RR-P_V01_2024-02-23.pdf","OPS_PCI_AortokoronarerBypass","OPS","PCI - OPS-Kodes für das Anlegen eines aortokoronaren Bypass","5362.dx%","5362.dx%"
"DeQS_PCI_EJ-2025_QIDB-RR-P_V01_2024-02-23.pdf","OPS_PCI_NeuroKomplexbeh","OPS","PCI - OPS-Kodes für neurologische Komplexbehandlung","8981%","8981%"
"DeQS_PCI_EJ-2025_QIDB-RR-P_V01_2024-02-23.pdf","OPS_PCI_NeuroKomplexbeh","OPS","PCI - OPS-Kodes für neurologische Komplexbehandlung","898b%","898b%"
"DeQS_PCI_EJ-2025_QIDB-RR-P_V01_2024-02-23.pdf","OPS_PCI_Thrombininjektion","OPS","PCI – OPS-Kodes für Thrombininjektion","8020.c%","8020.c%"
"DeQS_PCI_EJ-2025_QIDB-RR-P_V01_2024-02-23.pdf","OPS_PCI_Thrombolyse","OPS","PCI - OPS-Kodes für Thrombolyse","8020.8%","8020.8%"
"DeQS_PCI_EJ-2025_QIDB-RR-P_V01_2024-02-23.pdf","OPS_PCI_Thrombolyse","OPS","PCI - OPS-Kodes für Thrombolyse","8837.60%","8837.60%"
"DeQS_PCI_EJ-2025_QIDB-RR-P_V01_2024-02-23.pdf","OPS_PCI_Thrombolyse","OPS","PCI - OPS-Kodes für Thrombolyse","8837.61%","8837.61%"
"DeQS_PCI_EJ-2025_QIDB-RR-P_V01_2024-02-23.pdf","OPS_PCI_Thrombolyse_Schlaganfall_TIA","OPS","PCI - OPS-Kode für Thrombolyse nach Schlaganfall/TIA","8836.70%","8836.70%"
"DeQS_PCI_EJ-2025_QIDB-RR-P_V01_2024-02-23.pdf","PZN_PCI_Thrombininjektion","PZN","PCI - PZN-Kodes für Arzneimittel zur Thrombininjektion","00040672","00040672"
"DeQS_PCI_EJ-2025_QIDB-RR-P_V01_2024-02-23.pdf","PZN_PCI_Thrombininjektion","PZN","PCI - PZN-Kodes für Arzneimittel zur Thrombininjektion","00040689","00040689"
"DeQS_PCI_EJ-2025_QIDB-RR-P_V01_2024-02-23.pdf","PZN_PCI_Thrombininjektion","PZN","PCI - PZN-Kodes für Arzneimittel zur Thrombininjektion","01007547","01007547"
"DeQS_PCI_EJ-2025_QIDB-RR-P_V01_2024-02-23.pdf","PZN_PCI_Thrombininjektion","PZN","PCI - PZN-Kodes für Arzneimittel zur Thrombininjektion","01064769","01064769"
"DeQS_PCI_EJ-2025_QIDB-RR-P_V01_2024-02-23.pdf","PZN_PCI_Thrombininjektion","PZN","PCI - PZN-Kodes für Arzneimittel zur Thrombininjektion","01796969","01796969"
"DeQS_PCI_EJ-2025_QIDB-RR-P_V01_2024-02-23.pdf","PZN_PCI_Thrombininjektion","PZN","PCI - PZN-Kodes für Arzneimittel zur Thrombininjektion","01796975","01796975"
"DeQS_PCI_EJ-2025_QIDB-RR-P_V01_2024-02-23.pdf","PZN_PCI_Thrombininjektion","PZN","PCI - PZN-Kodes für Arzneimittel zur Thrombininjektion","01796981","01796981"
"DeQS_PCI_EJ-2025_QIDB-RR-P_V01_2024-02-23.pdf","PZN_PCI_Thrombininjektion","PZN","PCI - PZN-Kodes für Arzneimittel zur Thrombininjektion","03101150","03101150"
"DeQS_PCI_EJ-2025_QIDB-RR-P_V01_2024-02-23.pdf","PZN_PCI_Thrombininjektion","PZN","PCI - PZN-Kodes für Arzneimittel zur Thrombininjektion","03101167","03101167"
"DeQS_PCI_EJ-2025_QIDB-RR-P_V01_2024-02-23.pdf","PZN_PCI_Thrombininjektion","PZN","PCI - PZN-Kodes für Arzneimittel zur Thrombininjektion","03101204","03101204"
"DeQS_PCI_EJ-2025_QIDB-RR-P_V01_2024-02-23.pdf","PZN_PCI_Thrombininjektion","PZN","PCI - PZN-Kodes für Arzneimittel zur Thrombininjektion","03103841","03103841"
"DeQS_PCI_EJ-2025_QIDB-RR-P_V01_2024-02-23.pdf","PZN_PCI_Thrombininjektion","PZN","PCI - PZN-Kodes für Arzneimittel zur Thrombininjektion","04170408","04170408"
"DeQS_PCI_EJ-2025_QIDB-RR-P_V01_2024-02-23.pdf","PZN_PCI_Thrombininjektion","PZN","PCI - PZN-Kodes für Arzneimittel zur Thrombininjektion","05855976","05855976"
"DeQS_PCI_EJ-2025_QIDB-RR-P_V01_2024-02-23.pdf","PZN_PCI_Thrombininjektion","PZN","PCI - PZN-Kodes für Arzneimittel zur Thrombininjektion","08545354","08545354"
"DeQS_PCI_EJ-2025_QIDB-RR-P_V01_2024-02-23.pdf","PZN_PCI_Thrombininjektion","PZN","PCI - PZN-Kodes für Arzneimittel zur Thrombininjektion","08704278","08704278"
"DeQS_PCI_EJ-2025_QIDB-RR-P_V01_2024-02-23.pdf","PZN_PCI_Thrombininjektion","PZN","PCI - PZN-Kodes für Arzneimittel zur Thrombininjektion","09006429","09006429"
"DeQS_PCI_EJ-2025_QIDB-RR-P_V01_2024-02-23.pdf","PZN_PCI_Thrombininjektion","PZN","PCI - PZN-Kodes für Arzneimittel zur Thrombininjektion","09006435","09006435"
"DeQS_PCI_EJ-2025_QIDB-RR-P_V01_2024-02-23.pdf","PZN_PCI_Thrombininjektion","PZN","PCI - PZN-Kodes für Arzneimittel zur Thrombininjektion","09006441","09006441"
"DeQS_PCI_EJ-2025_QIDB-RR-P_V01_2024-02-23.pdf","PZN_PCI_Thrombininjektion","PZN","PCI - PZN-Kodes für Arzneimittel zur Thrombininjektion","09522740","09522740"
"DeQS_PCI_EJ-2025_QIDB-RR-P_V01_2024-02-23.pdf","PZN_PCI_Thrombininjektion","PZN","PCI - PZN-Kodes für Arzneimittel zur Thrombininjektion","10739812","10739812"
"DeQS_PCI_EJ-2025_QIDB-RR-P_V01_2024-02-23.pdf","PZN_PCI_Thrombininjektion","PZN","PCI - PZN-Kodes für Arzneimittel zur Thrombininjektion","10739829","10739829"
"DeQS_PCI_EJ-2025_QIDB-RR-P_V01_2024-02-23.pdf","PZN_PCI_Thrombininjektion","PZN","PCI - PZN-Kodes für Arzneimittel zur Thrombininjektion","10739835","10739835"
"DeQS_PCI_EJ-2025_QIDB-RR-P_V01_2024-02-23.pdf","PZN_PCI_Thrombininjektion","PZN","PCI - PZN-Kodes für Arzneimittel zur Thrombininjektion","10963461","10963461"
"DeQS_PCI_EJ-2025_QIDB-RR-P_V01_2024-02-23.pdf","PZN_PCI_Thrombininjektion","PZN","PCI - PZN-Kodes für Arzneimittel zur Thrombininjektion","11016659","11016659"
"DeQS_PCI_EJ-2025_QIDB-RR-P_V01_2024-02-23.pdf","PZN_PCI_Thrombininjektion","PZN","PCI - PZN-Kodes für Arzneimittel zur Thrombininjektion","11027060","11027060"
"DeQS_PCI_EJ-2025_QIDB-RR-P_V01_2024-02-23.pdf","PZN_PCI_Thrombininjektion","PZN","PCI - PZN-Kodes für Arzneimittel zur Thrombininjektion","11599158","11599158"
"DeQS_PCI_EJ-2025_QIDB-RR-P_V01_2024-02-23.pdf","PZN_PCI_Thrombininjektion","PZN","PCI - PZN-Kodes für Arzneimittel zur Thrombininjektion","11599164","11599164"
"DeQS_PCI_EJ-2025_QIDB-RR-P_V01_2024-02-23.pdf","PZN_PCI_Thrombininjektion","PZN","PCI - PZN-Kodes für Arzneimittel zur Thrombininjektion","11599170","11599170"
"DeQS_PCI_EJ-2025_QIDB-RR-P_V01_2024-02-23.pdf","PZN_PCI_Thrombininjektion","PZN","PCI - PZN-Kodes für Arzneimittel zur Thrombininjektion","15313704","15313704"
"DeQS_PCI_EJ-2025_QIDB-RR-P_V01_2024-02-23.pdf","PZN_PCI_Thrombininjektion","PZN","PCI - PZN-Kodes für Arzneimittel zur Thrombininjektion","15313710","15313710"
"DeQS_PCI_EJ-2025_QIDB-RR-P_V01_2024-02-23.pdf","PZN_PCI_Thrombininjektion","PZN","PCI - PZN-Kodes für Arzneimittel zur Thrombininjektion","15313727","15313727"
"DeQS_PCI_EJ-2025_QIDB-RR-P_V01_2024-02-23.pdf","PZN_PCI_Thrombininjektion","PZN","PCI - PZN-Kodes für Arzneimittel zur Thrombininjektion","16528370","16528370"
"DeQS_PCI_EJ-2025_QIDB-RR-P_V01_2024-02-23.pdf","PZN_PCI_Thrombininjektion","PZN","PCI - PZN-Kodes für Arzneimittel zur Thrombininjektion","16528387","16528387"
"DeQS_PCI_EJ-2025_QIDB-RR-P_V01_2024-02-23.pdf","PZN_PCI_Thrombininjektion","PZN","PCI - PZN-Kodes für Arzneimittel zur Thrombininjektion","16528401","16528401"
"DeQS_PCI_EJ-2025_QIDB-RR-P_V01_2024-02-23.pdf","PZN_PCI_Thrombininjektion","PZN","PCI - PZN-Kodes für Arzneimittel zur Thrombininjektion","16794491","16794491"
"DeQS_PCI_EJ-2025_QIDB-RR-P_V01_2024-02-23.pdf","PZN_PCI_Thrombininjektion","PZN","PCI - PZN-Kodes für Arzneimittel zur Thrombininjektion","16794516","16794516"
"DeQS_PM-GEBH_EJ-2025_QIDB-RR-P_V01_2024-02-23.pdf","OPS_GEB_SPONTAN_ENTBIND","OPS","Spontanentbindung","5727.0%","5727.0%"
"DeQS_PM-GEBH_EJ-2025_QIDB-RR-P_V01_2024-02-23.pdf","OPS_GEB_SPONTAN_ENTBIND","OPS","Spontanentbindung","8515%","8515%"
"DeQS_PM-GEBH_EJ-2025_QIDB-RR-P_V01_2024-02-23.pdf","OPS_GEB_SPONTAN_ENTBIND","OPS","Spontanentbindung","9260%","9260%"
"DeQS_PM-GEBH_EJ-2025_QIDB-RR-P_V01_2024-02-23.pdf","OPS_GEB_SPONTAN_ENTBIND","OPS","Spontanentbindung","9261%","9261%"
"DeQS_PM-GEBH_EJ-2025_QIDB-RR-P_V01_2024-02-23.pdf","OPS_GEB_SPONTAN_ENTBIND","OPS","Spontanentbindung","9268%","9268%"
"DeQS_PM-GEBH_EJ-2025_QIDB-RR-P_V01_2024-02-23.pdf","OPS_GEB_VAG_OP","OPS","Vaginal-operative Entbindung","5720.0%","5720.0%"
"DeQS_PM-GEBH_EJ-2025_QIDB-RR-P_V01_2024-02-23.pdf","OPS_GEB_VAG_OP","OPS","Vaginal-operative Entbindung","5720.1%","5720.1%"
"DeQS_PM-GEBH_EJ-2025_QIDB-RR-P_V01_2024-02-23.pdf","OPS_GEB_VAG_OP","OPS","Vaginal-operative Entbindung","5720.x%","5720.x%"
"DeQS_PM-GEBH_EJ-2025_QIDB-RR-P_V01_2024-02-23.pdf","OPS_GEB_VAG_OP","OPS","Vaginal-operative Entbindung","5720.y%","5720.y%"
"DeQS_PM-GEBH_EJ-2025_QIDB-RR-P_V01_2024-02-23.pdf","OPS_GEB_VAG_OP","OPS","Vaginal-operative Entbindung","5724%","5724%"
"DeQS_PM-GEBH_EJ-2025_QIDB-RR-P_V01_2024-02-23.pdf","OPS_GEB_VAG_OP","OPS","Vaginal-operative Entbindung","5725.1%","5725.1%"
"DeQS_PM-GEBH_EJ-2025_QIDB-RR-P_V01_2024-02-23.pdf","OPS_GEB_VAG_OP","OPS","Vaginal-operative Entbindung","5725.2%","5725.2%"
"DeQS_PM-GEBH_EJ-2025_QIDB-RR-P_V01_2024-02-23.pdf","OPS_GEB_VAG_OP","OPS","Vaginal-operative Entbindung","5727.2%","5727.2%"
"DeQS_PM-GEBH_EJ-2025_QIDB-RR-P_V01_2024-02-23.pdf","OPS_GEB_VAG_OP","OPS","Vaginal-operative Entbindung","5727.3%","5727.3%"
"DeQS_PM-GEBH_EJ-2025_QIDB-RR-P_V01_2024-02-23.pdf","OPS_GEB_VAG_OP","OPS","Vaginal-operative Entbindung","5728.0%","5728.0%"
"DeQS_PM-GEBH_EJ-2025_QIDB-RR-P_V01_2024-02-23.pdf","OPS_GEB_VAG_OP","OPS","Vaginal-operative Entbindung","5728.1%","5728.1%"
"DeQS_PM-GEBH_EJ-2025_QIDB-RR-P_V01_2024-02-23.pdf","OPS_GEB_VAG_OP","OPS","Vaginal-operative Entbindung","5728.x%","5728.x%"
"DeQS_PM-GEBH_EJ-2025_QIDB-RR-P_V01_2024-02-23.pdf","OPS_GEB_VAG_OP","OPS","Vaginal-operative Entbindung","5728.y%","5728.y%"
"DeQS_PM-GEBH_EJ-2025_QIDB-RR-P_V01_2024-02-23.pdf","OPS_GEB_VAG_OP","OPS","Vaginal-operative Entbindung","5729%","5729%"
"DeQS_PM-GEBH_EJ-2025_QIDB-RR-P_V01_2024-02-23.pdf","OPS_GEB_VAG_OP","OPS","Vaginal-operative Entbindung","5731%","5731%"
"DeQS_PM-GEBH_EJ-2025_QIDB-RR-P_V01_2024-02-23.pdf","OPS_GEB_VAG_OP","OPS","Vaginal-operative Entbindung","5733.0%","5733.0%"
"DeQS_PM-GEBH_EJ-2025_QIDB-RR-P_V01_2024-02-23.pdf","OPS_GEB_VAG_OP","OPS","Vaginal-operative Entbindung","5733.1%","5733.1%"
"DeQS_PM-GEBH_EJ-2025_QIDB-RR-P_V01_2024-02-23.pdf","OPS_GEB_VAG_OP","OPS","Vaginal-operative Entbindung","5733.2%","5733.2%"
"DeQS_PM-GEBH_EJ-2025_QIDB-RR-P_V01_2024-02-23.pdf","OPS_GEB_VAG_OP","OPS","Vaginal-operative Entbindung","5733.3%","5733.3%"
"DeQS_PM-GEBH_EJ-2025_QIDB-RR-P_V01_2024-02-23.pdf","OPS_GEB_VAG_OP","OPS","Vaginal-operative Entbindung","5733.x%","5733.x%"
"DeQS_PM-GEBH_EJ-2025_QIDB-RR-P_V01_2024-02-23.pdf","OPS_GEB_VAG_OP","OPS","Vaginal-operative Entbindung","5733.y%","5733.y%"
"DeQS_PM-GEBH_EJ-2025_QIDB-RR-P_V01_2024-02-23.pdf","OPS_GEB_VAG_OP","OPS","Vaginal-operative Entbindung","5739.0%","5739.0%"
"DeQS_PM-GEBH_EJ-2025_QIDB-RR-P_V01_2024-02-23.pdf","OPS_GEB_VAG_OP","OPS","Vaginal-operative Entbindung","5739.1%","5739.1%"
"DeQS_PM-GEBH_EJ-2025_QIDB-RR-P_V01_2024-02-23.pdf","OPS_primaereSectio","OPS","Sectio (primär)","5740.0%","5740.0%"
"DeQS_PM-GEBH_EJ-2025_QIDB-RR-P_V01_2024-02-23.pdf","OPS_primaereSectio","OPS","Sectio (primär)","5741.0%","5741.0%"
"DeQS_PM-GEBH_EJ-2025_QIDB-RR-P_V01_2024-02-23.pdf","OPS_primaereSectio","OPS","Sectio (primär)","5741.2%","5741.2%"
"DeQS_PM-GEBH_EJ-2025_QIDB-RR-P_V01_2024-02-23.pdf","OPS_primaereSectio","OPS","Sectio (primär)","5741.4%","5741.4%"
"DeQS_PM-GEBH_EJ-2025_QIDB-RR-P_V01_2024-02-23.pdf","OPS_primaereSectio","OPS","Sectio (primär)","5742.0%","5742.0%"
"DeQS_PM-GEBH_EJ-2025_QIDB-RR-P_V01_2024-02-23.pdf","OPS_primaereSectio","OPS","Sectio (primär)","5749.10%","5749.10%"
"DeQS_PM-GEBH_EJ-2025_QIDB-RR-P_V01_2024-02-23.pdf","OPS_Sectio","OPS","","Sectio (primär","Sectio(primär"
"DeQS_PM-GEBH_EJ-2025_QIDB-RR-P_V01_2024-02-23.pdf","OPS_Sectio","OPS","","sekundär","sekundär"
"DeQS_PM-GEBH_EJ-2025_QIDB-RR-P_V01_2024-02-23.pdf","OPS_Sectio","OPS","","n.n.bez)","n.n.bez)"
"DeQS_PM-GEBH_EJ-2025_QIDB-RR-P_V01_2024-02-23.pdf","OPS_sekundaereSectio","OPS","Sectio (sekundär)","5740.1%","5740.1%"
"DeQS_PM-GEBH_EJ-2025_QIDB-RR-P_V01_2024-02-23.pdf","OPS_sekundaereSectio","OPS","Sectio (sekundär)","5741.1%","5741.1%"
"DeQS_PM-GEBH_EJ-2025_QIDB-RR-P_V01_2024-02-23.pdf","OPS_sekundaereSectio","OPS","Sectio (sekundär)","5741.3%","5741.3%"
"DeQS_PM-GEBH_EJ-2025_QIDB-RR-P_V01_2024-02-23.pdf","OPS_sekundaereSectio","OPS","Sectio (sekundär)","5741.5%","5741.5%"
"DeQS_PM-GEBH_EJ-2025_QIDB-RR-P_V01_2024-02-23.pdf","OPS_sekundaereSectio","OPS","Sectio (sekundär)","5742.1%","5742.1%"
"DeQS_PM-GEBH_EJ-2025_QIDB-RR-P_V01_2024-02-23.pdf","OPS_sekundaereSectio","OPS","Sectio (sekundär)","5749.11%","5749.11%"
"DeQS_PM-GEBH_EJ-2025_QIDB-RR-P_V01_2024-02-23.pdf","OPS_sonstigeSectio","OPS","Sectio (sonstige)","5740.y%","5740.y%"
"DeQS_PM-GEBH_EJ-2025_QIDB-RR-P_V01_2024-02-23.pdf","OPS_sonstigeSectio","OPS","Sectio (sonstige)","5741.x%","5741.x%"
"DeQS_PM-GEBH_EJ-2025_QIDB-RR-P_V01_2024-02-23.pdf","OPS_sonstigeSectio","OPS","Sectio (sonstige)","5741.y%","5741.y%"
"DeQS_PM-GEBH_EJ-2025_QIDB-RR-P_V01_2024-02-23.pdf","OPS_sonstigeSectio","OPS","Sectio (sonstige)","5742.y%","5742.y%"
"DeQS_PM-GEBH_EJ-2025_QIDB-RR-P_V01_2024-02-23.pdf","OPS_sonstigeSectio","OPS","Sectio (sonstige)","5749.0%","5749.0%"
"DeQS_PM-GEBH_EJ-2025_QIDB-RR-P_V01_2024-02-23.pdf","OPS_sonstigeSectio","OPS","Sectio (sonstige)","5749.x%","5749.x%"
"DeQS_PM-GEBH_EJ-2025_QIDB-RR-P_V01_2024-02-23.pdf","OPS_sonstigeSectio","OPS","Sectio (sonstige)","5749.y%","5749.y%"
"DeQS_PM-NEO_EJ-2025_QIDB-RR-P_V02_2024-03-21.pdf","ICD_NEO_Fetaltod","ICD","Fetaltod","P95%","P95%"
"DeQS_WI-NI-A_EJ-2025_QIDB-RR-P_V01_2024-02-23.pdf","ICD_WI_4MRGN","ICD","4MRGN-Kodierung","U81.50","U81.50"
"DeQS_WI-NI-A_EJ-2025_QIDB-RR-P_V01_2024-02-23.pdf","ICD_WI_4MRGN","ICD","4MRGN-Kodierung","U81.40","U81.40"
"DeQS_WI-NI-A_EJ-2025_QIDB-RR-P_V01_2024-02-23.pdf","ICD_WI_4MRGN","ICD","4MRGN-Kodierung","U81.41","U81.41"
"DeQS_WI-NI-A_EJ-2025_QIDB-RR-P_V01_2024-02-23.pdf","ICD_WI_4MRGN","ICD","4MRGN-Kodierung","U81.44","U81.44"
"DeQS_WI-NI-A_EJ-2025_QIDB-RR-P_V01_2024-02-23.pdf","ICD_WI_4MRGN","ICD","4MRGN-Kodierung","U81.48","U81.48"
"DeQS_WI-NI-A_EJ-2025_QIDB-RR-P_V01_2024-02-23.pdf","ICD_WI_4MRGN","ICD","4MRGN-Kodierung","U81.51","U81.51"
"DeQS_WI-NI-A_EJ-2025_QIDB-RR-P_V01_2024-02-23.pdf","ICD_WI_4MRGN","ICD","4MRGN-Kodierung","U81.43","U81.43"
"DeQS_WI-NI-A_EJ-2025_QIDB-RR-P_V01_2024-02-23.pdf","ICD_WI_4MRGN","ICD","4MRGN-Kodierung","U81.45","U81.45"
"DeQS_WI-NI-A_EJ-2025_QIDB-RR-P_V01_2024-02-23.pdf","ICD_WI_4MRGN","ICD","4MRGN-Kodierung","U81.42","U81.42"
"DeQS_WI-NI-A_EJ-2025_QIDB-RR-P_V01_2024-02-23.pdf","ICD_WI_4MRGN","ICD","4MRGN-Kodierung","U81.47","U81.47"
"DeQS_WI-NI-A_EJ-2025_QIDB-RR-P_V01_2024-02-23.pdf","ICD_WI_4MRGN","ICD","4MRGN-Kodierung","U81.46","U81.46"
"DeQS_WI-NI-A_EJ-2025_QIDB-RR-P_V01_2024-02-23.pdf","ICD_WI_FU_Ausschluss","ICD","ICD-Ausschlüsse","B20","B20"
"DeQS_WI-NI-A_EJ-2025_QIDB-RR-P_V01_2024-02-23.pdf","ICD_WI_FU_Ausschluss","ICD","ICD-Ausschlüsse","B21","B21"
"DeQS_WI-NI-A_EJ-2025_QIDB-RR-P_V01_2024-02-23.pdf","ICD_WI_FU_Ausschluss","ICD","ICD-Ausschlüsse","B22","B22"
"DeQS_WI-NI-A_EJ-2025_QIDB-RR-P_V01_2024-02-23.pdf","ICD_WI_FU_Ausschluss","ICD","ICD-Ausschlüsse","B23.0","B23.0"
"DeQS_WI-NI-A_EJ-2025_QIDB-RR-P_V01_2024-02-23.pdf","ICD_WI_FU_Ausschluss","ICD","ICD-Ausschlüsse","B23.8","B23.8"
"DeQS_WI-NI-A_EJ-2025_QIDB-RR-P_V01_2024-02-23.pdf","ICD_WI_FU_Ausschluss","ICD","ICD-Ausschlüsse","B24","B24"
"DeQS_WI-NI-A_EJ-2025_QIDB-RR-P_V01_2024-02-23.pdf","ICD_WI_FU_Ausschluss","ICD","ICD-Ausschlüsse","D80.0","D80.0"
"DeQS_WI-NI-A_EJ-2025_QIDB-RR-P_V01_2024-02-23.pdf","ICD_WI_FU_Ausschluss","ICD","ICD-Ausschlüsse","D80.1","D80.1"
"DeQS_WI-NI-A_EJ-2025_QIDB-RR-P_V01_2024-02-23.pdf","ICD_WI_FU_Ausschluss","ICD","ICD-Ausschlüsse","D80.2","D80.2"
"DeQS_WI-NI-A_EJ-2025_QIDB-RR-P_V01_2024-02-23.pdf","ICD_WI_FU_Ausschluss","ICD","ICD-Ausschlüsse","D80.3","D80.3"
"DeQS_WI-NI-A_EJ-2025_QIDB-RR-P_V01_2024-02-23.pdf","ICD_WI_FU_Ausschluss","ICD","ICD-Ausschlüsse","D80.4","D80.4"
"DeQS_WI-NI-A_EJ-2025_QIDB-RR-P_V01_2024-02-23.pdf","ICD_WI_FU_Ausschluss","ICD","ICD-Ausschlüsse","D80.5","D80.5"
"DeQS_WI-NI-A_EJ-2025_QIDB-RR-P_V01_2024-02-23.pdf","ICD_WI_FU_Ausschluss","ICD","ICD-Ausschlüsse","D80.6","D80.6"
"DeQS_WI-NI-A_EJ-2025_QIDB-RR-P_V01_2024-02-23.pdf","ICD_WI_FU_Ausschluss","ICD","ICD-Ausschlüsse","D80.7","D80.7"
"DeQS_WI-NI-A_EJ-2025_QIDB-RR-P_V01_2024-02-23.pdf","ICD_WI_FU_Ausschluss","ICD","ICD-Ausschlüsse","D80.8","D80.8"
"DeQS_WI-NI-A_EJ-2025_QIDB-RR-P_V01_2024-02-23.pdf","ICD_WI_FU_Ausschluss","ICD","ICD-Ausschlüsse","D80.9","D80.9"
"DeQS_WI-NI-A_EJ-2025_QIDB-RR-P_V01_2024-02-23.pdf","ICD_WI_FU_Ausschluss","ICD","ICD-Ausschlüsse","D81.0","D81.0"
"DeQS_WI-NI-A_EJ-2025_QIDB-RR-P_V01_2024-02-23.pdf","ICD_WI_FU_Ausschluss","ICD","ICD-Ausschlüsse","D81.1","D81.1"
"DeQS_WI-NI-A_EJ-2025_QIDB-RR-P_V01_2024-02-23.pdf","ICD_WI_FU_Ausschluss","ICD","ICD-Ausschlüsse","D81.2","D81.2"
"DeQS_WI-NI-A_EJ-2025_QIDB-RR-P_V01_2024-02-23.pdf","ICD_WI_FU_Ausschluss","ICD","ICD-Ausschlüsse","D81.3","D81.3"
"DeQS_WI-NI-A_EJ-2025_QIDB-RR-P_V01_2024-02-23.pdf","ICD_WI_FU_Ausschluss","ICD","ICD-Ausschlüsse","D81.4","D81.4"
"DeQS_WI-NI-A_EJ-2025_QIDB-RR-P_V01_2024-02-23.pdf","ICD_WI_FU_Ausschluss","ICD","ICD-Ausschlüsse","D81.5","D81.5"
"DeQS_WI-NI-A_EJ-2025_QIDB-RR-P_V01_2024-02-23.pdf","ICD_WI_FU_Ausschluss","ICD","ICD-Ausschlüsse","D81.6","D81.6"
"DeQS_WI-NI-A_EJ-2025_QIDB-RR-P_V01_2024-02-23.pdf","ICD_WI_FU_Ausschluss","ICD","ICD-Ausschlüsse","D81.7","D81.7"
"DeQS_WI-NI-A_EJ-2025_QIDB-RR-P_V01_2024-02-23.pdf","ICD_WI_FU_Ausschluss","ICD","ICD-Ausschlüsse","D81.8","D81.8"
"DeQS_WI-NI-A_EJ-2025_QIDB-RR-P_V01_2024-02-23.pdf","ICD_WI_FU_Ausschluss","ICD","ICD-Ausschlüsse","D81.9","D81.9"
"DeQS_WI-NI-A_EJ-2025_QIDB-RR-P_V01_2024-02-23.pdf","ICD_WI_FU_Ausschluss","ICD","ICD-Ausschlüsse","D82.0","D82.0"
"DeQS_WI-NI-A_EJ-2025_QIDB-RR-P_V01_2024-02-23.pdf","ICD_WI_FU_Ausschluss","ICD","ICD-Ausschlüsse","D82.1","D82.1"
"DeQS_WI-NI-A_EJ-2025_QIDB-RR-P_V01_2024-02-23.pdf","ICD_WI_FU_Ausschluss","ICD","ICD-Ausschlüsse","D82.2","D82.2"
"DeQS_WI-NI-A_EJ-2025_QIDB-RR-P_V01_2024-02-23.pdf","ICD_WI_FU_Ausschluss","ICD","ICD-Ausschlüsse","D82.3","D82.3"
"DeQS_WI-NI-A_EJ-2025_QIDB-RR-P_V01_2024-02-23.pdf","ICD_WI_FU_Ausschluss","ICD","ICD-Ausschlüsse","D82.4","D82.4"
"DeQS_WI-NI-A_EJ-2025_QIDB-RR-P_V01_2024-02-23.pdf","ICD_WI_FU_Ausschluss","ICD","ICD-Ausschlüsse","D82.8","D82.8"
"DeQS_WI-NI-A_EJ-2025_QIDB-RR-P_V01_2024-02-23.pdf","ICD_WI_FU_Ausschluss","ICD","ICD-Ausschlüsse","D82.9","D82.9"
"DeQS_WI-NI-A_EJ-2025_QIDB-RR-P_V01_2024-02-23.pdf","ICD_WI_FU_Ausschluss","ICD","ICD-Ausschlüsse","D83.0","D83.0"
"DeQS_WI-NI-A_EJ-2025_QIDB-RR-P_V01_2024-02-23.pdf","ICD_WI_FU_Ausschluss","ICD","ICD-Ausschlüsse","D83.1","D83.1"
"DeQS_WI-NI-A_EJ-2025_QIDB-RR-P_V01_2024-02-23.pdf","ICD_WI_FU_Ausschluss","ICD","ICD-Ausschlüsse","D83.2","D83.2"
"DeQS_WI-NI-A_EJ-2025_QIDB-RR-P_V01_2024-02-23.pdf","ICD_WI_FU_Ausschluss","ICD","ICD-Ausschlüsse","D83.8","D83.8"
"DeQS_WI-NI-A_EJ-2025_QIDB-RR-P_V01_2024-02-23.pdf","ICD_WI_FU_Ausschluss","ICD","ICD-Ausschlüsse","D83.9","D83.9"
"DeQS_WI-NI-A_EJ-2025_QIDB-RR-P_V01_2024-02-23.pdf","ICD_WI_FU_Ausschluss","ICD","ICD-Ausschlüsse","D84.0","D84.0"
"DeQS_WI-NI-A_EJ-2025_QIDB-RR-P_V01_2024-02-23.pdf","ICD_WI_FU_Ausschluss","ICD","ICD-Ausschlüsse","D84.1","D84.1"
"DeQS_WI-NI-A_EJ-2025_QIDB-RR-P_V01_2024-02-23.pdf","ICD_WI_FU_Ausschluss","ICD","ICD-Ausschlüsse","D84.8","D84.8"
"DeQS_WI-NI-A_EJ-2025_QIDB-RR-P_V01_2024-02-23.pdf","ICD_WI_FU_Ausschluss","ICD","ICD-Ausschlüsse","D84.9","D84.9"
"DeQS_WI-NI-A_EJ-2025_QIDB-RR-P_V01_2024-02-23.pdf","ICD_WI_FU_Ausschluss","ICD","ICD-Ausschlüsse","D89.0","D89.0"
"DeQS_WI-NI-A_EJ-2025_QIDB-RR-P_V01_2024-02-23.pdf","ICD_WI_FU_Ausschluss","ICD","ICD-Ausschlüsse","D89.1","D89.1"
"DeQS_WI-NI-A_EJ-2025_QIDB-RR-P_V01_2024-02-23.pdf","ICD_WI_FU_Ausschluss","ICD","ICD-Ausschlüsse","D89.2","D89.2"
"DeQS_WI-NI-A_EJ-2025_QIDB-RR-P_V01_2024-02-23.pdf","ICD_WI_FU_Ausschluss","ICD","ICD-Ausschlüsse","D89.3","D89.3"
"DeQS_WI-NI-A_EJ-2025_QIDB-RR-P_V01_2024-02-23.pdf","ICD_WI_FU_Ausschluss","ICD","ICD-Ausschlüsse","D89.8","D89.8"
"DeQS_WI-NI-A_EJ-2025_QIDB-RR-P_V01_2024-02-23.pdf","ICD_WI_FU_Ausschluss","ICD","ICD-Ausschlüsse","D89.9","D89.9"
"DeQS_WI-NI-A_EJ-2025_QIDB-RR-P_V01_2024-02-23.pdf","ICD_WI_FU_Ausschluss","ICD","ICD-Ausschlüsse","N18.5","N18.5"
"DeQS_WI-NI-A_EJ-2025_QIDB-RR-P_V01_2024-02-23.pdf","ICD_WI_FU_Ausschluss","ICD","ICD-Ausschlüsse","T21.20","T21.20"
"DeQS_WI-NI-A_EJ-2025_QIDB-RR-P_V01_2024-02-23.pdf","ICD_WI_FU_Ausschluss","ICD","ICD-Ausschlüsse","T21.21","T21.21"
"DeQS_WI-NI-A_EJ-2025_QIDB-RR-P_V01_2024-02-23.pdf","ICD_WI_FU_Ausschluss","ICD","ICD-Ausschlüsse","T21.22","T21.22"
"DeQS_WI-NI-A_EJ-2025_QIDB-RR-P_V01_2024-02-23.pdf","ICD_WI_FU_Ausschluss","ICD","ICD-Ausschlüsse","T21.23","T21.23"
"DeQS_WI-NI-A_EJ-2025_QIDB-RR-P_V01_2024-02-23.pdf","ICD_WI_FU_Ausschluss","ICD","ICD-Ausschlüsse","T21.24","T21.24"
"DeQS_WI-NI-A_EJ-2025_QIDB-RR-P_V01_2024-02-23.pdf","ICD_WI_FU_Ausschluss","ICD","ICD-Ausschlüsse","T21.25","T21.25"
"DeQS_WI-NI-A_EJ-2025_QIDB-RR-P_V01_2024-02-23.pdf","ICD_WI_FU_Ausschluss","ICD","ICD-Ausschlüsse","T21.29","T21.29"
"DeQS_WI-NI-A_EJ-2025_QIDB-RR-P_V01_2024-02-23.pdf","ICD_WI_FU_Ausschluss","ICD","ICD-Ausschlüsse","T21.30","T21.30"
"DeQS_WI-NI-A_EJ-2025_QIDB-RR-P_V01_2024-02-23.pdf","ICD_WI_FU_Ausschluss","ICD","ICD-Ausschlüsse","T21.31","T21.31"
"DeQS_WI-NI-A_EJ-2025_QIDB-RR-P_V01_2024-02-23.pdf","ICD_WI_FU_Ausschluss","ICD","ICD-Ausschlüsse","T21.32","T21.32"
"DeQS_WI-NI-A_EJ-2025_QIDB-RR-P_V01_2024-02-23.pdf","ICD_WI_FU_Ausschluss","ICD","ICD-Ausschlüsse","T21.33","T21.33"
"DeQS_WI-NI-A_EJ-2025_QIDB-RR-P_V01_2024-02-23.pdf","ICD_WI_FU_Ausschluss","ICD","ICD-Ausschlüsse","T21.34","T21.34"
"DeQS_WI-NI-A_EJ-2025_QIDB-RR-P_V01_2024-02-23.pdf","ICD_WI_FU_Ausschluss","ICD","ICD-Ausschlüsse","T21.35","T21.35"
"DeQS_WI-NI-A_EJ-2025_QIDB-RR-P_V01_2024-02-23.pdf","ICD_WI_FU_Ausschluss","ICD","ICD-Ausschlüsse","T21.39","T21.39"
"DeQS_WI-NI-A_EJ-2025_QIDB-RR-P_V01_2024-02-23.pdf","ICD_WI_FU_Ausschluss","ICD","ICD-Ausschlüsse","T21.60","T21.60"
"DeQS_WI-NI-A_EJ-2025_QIDB-RR-P_V01_2024-02-23.pdf","ICD_WI_FU_Ausschluss","ICD","ICD-Ausschlüsse","T21.61","T21.61"
"DeQS_WI-NI-A_EJ-2025_QIDB-RR-P_V01_2024-02-23.pdf","ICD_WI_FU_Ausschluss","ICD","ICD-Ausschlüsse","T21.62","T21.62"
"DeQS_WI-NI-A_EJ-2025_QIDB-RR-P_V01_2024-02-23.pdf","ICD_WI_FU_Ausschluss","ICD","ICD-Ausschlüsse","T21.63","T21.63"
"DeQS_WI-NI-A_EJ-2025_QIDB-RR-P_V01_2024-02-23.pdf","ICD_WI_FU_Ausschluss","ICD","ICD-Ausschlüsse","T21.64","T21.64"
"DeQS_WI-NI-A_EJ-2025_QIDB-RR-P_V01_2024-02-23.pdf","ICD_WI_FU_Ausschluss","ICD","ICD-Ausschlüsse","T21.65","T21.65"
"DeQS_WI-NI-A_EJ-2025_QIDB-RR-P_V01_2024-02-23.pdf","ICD_WI_FU_Ausschluss","ICD","ICD-Ausschlüsse","T21.69","T21.69"
"DeQS_WI-NI-A_EJ-2025_QIDB-RR-P_V01_2024-02-23.pdf","ICD_WI_FU_Ausschluss","ICD","ICD-Ausschlüsse","T21.70","T21.70"
"DeQS_WI-NI-A_EJ-2025_QIDB-RR-P_V01_2024-02-23.pdf","ICD_WI_FU_Ausschluss","ICD","ICD-Ausschlüsse","T21.71","T21.71"
"DeQS_WI-NI-A_EJ-2025_QIDB-RR-P_V01_2024-02-23.pdf","ICD_WI_FU_Ausschluss","ICD","ICD-Ausschlüsse","T21.72","T21.72"
"DeQS_WI-NI-A_EJ-2025_QIDB-RR-P_V01_2024-02-23.pdf","ICD_WI_FU_Ausschluss","ICD","ICD-Ausschlüsse","T21.73","T21.73"
"DeQS_WI-NI-A_EJ-2025_QIDB-RR-P_V01_2024-02-23.pdf","ICD_WI_FU_Ausschluss","ICD","ICD-Ausschlüsse","T21.74","T21.74"
"DeQS_WI-NI-A_EJ-2025_QIDB-RR-P_V01_2024-02-23.pdf","ICD_WI_FU_Ausschluss","ICD","ICD-Ausschlüsse","T21.75","T21.75"
"DeQS_WI-NI-A_EJ-2025_QIDB-RR-P_V01_2024-02-23.pdf","ICD_WI_FU_Ausschluss","ICD","ICD-Ausschlüsse","T21.79","T21.79"
"DeQS_WI-NI-A_EJ-2025_QIDB-RR-P_V01_2024-02-23.pdf","ICD_WI_FU_Ausschluss","ICD","ICD-Ausschlüsse","T21.80","T21.80"
"DeQS_WI-NI-A_EJ-2025_QIDB-RR-P_V01_2024-02-23.pdf","ICD_WI_FU_Ausschluss","ICD","ICD-Ausschlüsse","T21.81","T21.81"
"DeQS_WI-NI-A_EJ-2025_QIDB-RR-P_V01_2024-02-23.pdf","ICD_WI_FU_Ausschluss","ICD","ICD-Ausschlüsse","T21.82","T21.82"
"DeQS_WI-NI-A_EJ-2025_QIDB-RR-P_V01_2024-02-23.pdf","ICD_WI_FU_Ausschluss","ICD","ICD-Ausschlüsse","T21.83","T21.83"
"DeQS_WI-NI-A_EJ-2025_QIDB-RR-P_V01_2024-02-23.pdf","ICD_WI_FU_Ausschluss","ICD","ICD-Ausschlüsse","T21.84","T21.84"
"DeQS_WI-NI-A_EJ-2025_QIDB-RR-P_V01_2024-02-23.pdf","ICD_WI_FU_Ausschluss","ICD","ICD-Ausschlüsse","T21.85","T21.85"
"DeQS_WI-NI-A_EJ-2025_QIDB-RR-P_V01_2024-02-23.pdf","ICD_WI_FU_Ausschluss","ICD","ICD-Ausschlüsse","T21.89","T21.89"
"DeQS_WI-NI-A_EJ-2025_QIDB-RR-P_V01_2024-02-23.pdf","ICD_WI_FU_Ausschluss","ICD","ICD-Ausschlüsse","T21.90","T21.90"
"DeQS_WI-NI-A_EJ-2025_QIDB-RR-P_V01_2024-02-23.pdf","ICD_WI_FU_Ausschluss","ICD","ICD-Ausschlüsse","T21.91","T21.91"
"DeQS_WI-NI-A_EJ-2025_QIDB-RR-P_V01_2024-02-23.pdf","ICD_WI_FU_Ausschluss","ICD","ICD-Ausschlüsse","T21.92","T21.92"
"DeQS_WI-NI-A_EJ-2025_QIDB-RR-P_V01_2024-02-23.pdf","ICD_WI_FU_Ausschluss","ICD","ICD-Ausschlüsse","T21.93","T21.93"
"DeQS_WI-NI-A_EJ-2025_QIDB-RR-P_V01_2024-02-23.pdf","ICD_WI_FU_Ausschluss","ICD","ICD-Ausschlüsse","T21.94","T21.94"
"DeQS_WI-NI-A_EJ-2025_QIDB-RR-P_V01_2024-02-23.pdf","ICD_WI_FU_Ausschluss","ICD","ICD-Ausschlüsse","T21.95","T21.95"
"DeQS_WI-NI-A_EJ-2025_QIDB-RR-P_V01_2024-02-23.pdf","ICD_WI_FU_Ausschluss","ICD","ICD-Ausschlüsse","T21.99","T21.99"
"DeQS_WI-NI-A_EJ-2025_QIDB-RR-P_V01_2024-02-23.pdf","ICD_WI_FU_Ausschluss","ICD","ICD-Ausschlüsse","T22.20","T22.20"
"DeQS_WI-NI-A_EJ-2025_QIDB-RR-P_V01_2024-02-23.pdf","ICD_WI_FU_Ausschluss","ICD","ICD-Ausschlüsse","T22.21","T22.21"
"DeQS_WI-NI-A_EJ-2025_QIDB-RR-P_V01_2024-02-23.pdf","ICD_WI_FU_Ausschluss","ICD","ICD-Ausschlüsse","T22.22","T22.22"
"DeQS_WI-NI-A_EJ-2025_QIDB-RR-P_V01_2024-02-23.pdf","ICD_WI_FU_Ausschluss","ICD","ICD-Ausschlüsse","T22.23","T22.23"
"DeQS_WI-NI-A_EJ-2025_QIDB-RR-P_V01_2024-02-23.pdf","ICD_WI_FU_Ausschluss","ICD","ICD-Ausschlüsse","T22.30","T22.30"
"DeQS_WI-NI-A_EJ-2025_QIDB-RR-P_V01_2024-02-23.pdf","ICD_WI_FU_Ausschluss","ICD","ICD-Ausschlüsse","T22.31","T22.31"
"DeQS_WI-NI-A_EJ-2025_QIDB-RR-P_V01_2024-02-23.pdf","ICD_WI_FU_Ausschluss","ICD","ICD-Ausschlüsse","T22.32","T22.32"
"DeQS_WI-NI-A_EJ-2025_QIDB-RR-P_V01_2024-02-23.pdf","ICD_WI_FU_Ausschluss","ICD","ICD-Ausschlüsse","T22.33","T22.33"
"DeQS_WI-NI-A_EJ-2025_QIDB-RR-P_V01_2024-02-23.pdf","ICD_WI_FU_Ausschluss","ICD","ICD-Ausschlüsse","T22.60","T22.60"
"DeQS_WI-NI-A_EJ-2025_QIDB-RR-P_V01_2024-02-23.pdf","ICD_WI_FU_Ausschluss","ICD","ICD-Ausschlüsse","T22.61","T22.61"
"DeQS_WI-NI-A_EJ-2025_QIDB-RR-P_V01_2024-02-23.pdf","ICD_WI_FU_Ausschluss","ICD","ICD-Ausschlüsse","T22.62","T22.62"
"DeQS_WI-NI-A_EJ-2025_QIDB-RR-P_V01_2024-02-23.pdf","ICD_WI_FU_Ausschluss","ICD","ICD-Ausschlüsse","T22.63","T22.63"
"DeQS_WI-NI-A_EJ-2025_QIDB-RR-P_V01_2024-02-23.pdf","ICD_WI_FU_Ausschluss","ICD","ICD-Ausschlüsse","T22.70","T22.70"
"DeQS_WI-NI-A_EJ-2025_QIDB-RR-P_V01_2024-02-23.pdf","ICD_WI_FU_Ausschluss","ICD","ICD-Ausschlüsse","T22.71","T22.71"
"DeQS_WI-NI-A_EJ-2025_QIDB-RR-P_V01_2024-02-23.pdf","ICD_WI_FU_Ausschluss","ICD","ICD-Ausschlüsse","T22.72","T22.72"
"DeQS_WI-NI-A_EJ-2025_QIDB-RR-P_V01_2024-02-23.pdf","ICD_WI_FU_Ausschluss","ICD","ICD-Ausschlüsse","T22.73","T22.73"
"DeQS_WI-NI-A_EJ-2025_QIDB-RR-P_V01_2024-02-23.pdf","ICD_WI_FU_Ausschluss","ICD","ICD-Ausschlüsse","T22.80","T22.80"
"DeQS_WI-NI-A_EJ-2025_QIDB-RR-P_V01_2024-02-23.pdf","ICD_WI_FU_Ausschluss","ICD","ICD-Ausschlüsse","T22.81","T22.81"
"DeQS_WI-NI-A_EJ-2025_QIDB-RR-P_V01_2024-02-23.pdf","ICD_WI_FU_Ausschluss","ICD","ICD-Ausschlüsse","T22.82","T22.82"
"DeQS_WI-NI-A_EJ-2025_QIDB-RR-P_V01_2024-02-23.pdf","ICD_WI_FU_Ausschluss","ICD","ICD-Ausschlüsse","T22.83","T22.83"
"DeQS_WI-NI-A_EJ-2025_QIDB-RR-P_V01_2024-02-23.pdf","ICD_WI_FU_Ausschluss","ICD","ICD-Ausschlüsse","T22.90","T22.90"
"DeQS_WI-NI-A_EJ-2025_QIDB-RR-P_V01_2024-02-23.pdf","ICD_WI_FU_Ausschluss","ICD","ICD-Ausschlüsse","T22.91","T22.91"
"DeQS_WI-NI-A_EJ-2025_QIDB-RR-P_V01_2024-02-23.pdf","ICD_WI_FU_Ausschluss","ICD","ICD-Ausschlüsse","T22.92","T22.92"
"DeQS_WI-NI-A_EJ-2025_QIDB-RR-P_V01_2024-02-23.pdf","ICD_WI_FU_Ausschluss","ICD","ICD-Ausschlüsse","T22.93","T22.93"
"DeQS_WI-NI-A_EJ-2025_QIDB-RR-P_V01_2024-02-23.pdf","ICD_WI_FU_Ausschluss","ICD","ICD-Ausschlüsse","T23.20","T23.20"
"DeQS_WI-NI-A_EJ-2025_QIDB-RR-P_V01_2024-02-23.pdf","ICD_WI_FU_Ausschluss","ICD","ICD-Ausschlüsse","T23.21","T23.21"
"DeQS_WI-NI-A_EJ-2025_QIDB-RR-P_V01_2024-02-23.pdf","ICD_WI_FU_Ausschluss","ICD","ICD-Ausschlüsse","T23.3","T23.3"
"DeQS_WI-NI-A_EJ-2025_QIDB-RR-P_V01_2024-02-23.pdf","ICD_WI_FU_Ausschluss","ICD","ICD-Ausschlüsse","T23.60","T23.60"
"DeQS_WI-NI-A_EJ-2025_QIDB-RR-P_V01_2024-02-23.pdf","ICD_WI_FU_Ausschluss","ICD","ICD-Ausschlüsse","T23.61","T23.61"
"DeQS_WI-NI-A_EJ-2025_QIDB-RR-P_V01_2024-02-23.pdf","ICD_WI_FU_Ausschluss","ICD","ICD-Ausschlüsse","T23.7","T23.7"
"DeQS_WI-NI-A_EJ-2025_QIDB-RR-P_V01_2024-02-23.pdf","ICD_WI_FU_Ausschluss","ICD","ICD-Ausschlüsse","T24.20","T24.20"
"DeQS_WI-NI-A_EJ-2025_QIDB-RR-P_V01_2024-02-23.pdf","ICD_WI_FU_Ausschluss","ICD","ICD-Ausschlüsse","T24.21","T24.21"
"DeQS_WI-NI-A_EJ-2025_QIDB-RR-P_V01_2024-02-23.pdf","ICD_WI_FU_Ausschluss","ICD","ICD-Ausschlüsse","T24.3","T24.3"
"DeQS_WI-NI-A_EJ-2025_QIDB-RR-P_V01_2024-02-23.pdf","ICD_WI_FU_Ausschluss","ICD","ICD-Ausschlüsse","T24.60","T24.60"
"DeQS_WI-NI-A_EJ-2025_QIDB-RR-P_V01_2024-02-23.pdf","ICD_WI_FU_Ausschluss","ICD","ICD-Ausschlüsse","T24.61","T24.61"
"DeQS_WI-NI-A_EJ-2025_QIDB-RR-P_V01_2024-02-23.pdf","ICD_WI_FU_Ausschluss","ICD","ICD-Ausschlüsse","T24.7","T24.7"
"DeQS_WI-NI-A_EJ-2025_QIDB-RR-P_V01_2024-02-23.pdf","ICD_WI_FU_Ausschluss","ICD","ICD-Ausschlüsse","T25.20","T25.20"
"DeQS_WI-NI-A_EJ-2025_QIDB-RR-P_V01_2024-02-23.pdf","ICD_WI_FU_Ausschluss","ICD","ICD-Ausschlüsse","T25.21","T25.21"
"DeQS_WI-NI-A_EJ-2025_QIDB-RR-P_V01_2024-02-23.pdf","ICD_WI_FU_Ausschluss","ICD","ICD-Ausschlüsse","T25.3","T25.3"
"DeQS_WI-NI-A_EJ-2025_QIDB-RR-P_V01_2024-02-23.pdf","ICD_WI_FU_Ausschluss","ICD","ICD-Ausschlüsse","T25.60","T25.60"
"DeQS_WI-NI-A_EJ-2025_QIDB-RR-P_V01_2024-02-23.pdf","ICD_WI_FU_Ausschluss","ICD","ICD-Ausschlüsse","T25.61","T25.61"
"DeQS_WI-NI-A_EJ-2025_QIDB-RR-P_V01_2024-02-23.pdf","ICD_WI_FU_Ausschluss","ICD","ICD-Ausschlüsse","T25.7","T25.7"
"DeQS_WI-NI-A_EJ-2025_QIDB-RR-P_V01_2024-02-23.pdf","ICD_WI_FU_Ausschluss","ICD","ICD-Ausschlüsse","T29.20","T29.20"
"DeQS_WI-NI-A_EJ-2025_QIDB-RR-P_V01_2024-02-23.pdf","ICD_WI_FU_Ausschluss","ICD","ICD-Ausschlüsse","T29.21","T29.21"
"DeQS_WI-NI-A_EJ-2025_QIDB-RR-P_V01_2024-02-23.pdf","ICD_WI_FU_Ausschluss","ICD","ICD-Ausschlüsse","T29.3","T29.3"
"DeQS_WI-NI-A_EJ-2025_QIDB-RR-P_V01_2024-02-23.pdf","ICD_WI_FU_Ausschluss","ICD","ICD-Ausschlüsse","T29.60","T29.60"
"DeQS_WI-NI-A_EJ-2025_QIDB-RR-P_V01_2024-02-23.pdf","ICD_WI_FU_Ausschluss","ICD","ICD-Ausschlüsse","T29.61","T29.61"
"DeQS_WI-NI-A_EJ-2025_QIDB-RR-P_V01_2024-02-23.pdf","ICD_WI_FU_Ausschluss","ICD","ICD-Ausschlüsse","T29.7","T29.7"
"DeQS_WI-NI-A_EJ-2025_QIDB-RR-P_V01_2024-02-23.pdf","ICD_WI_FU_Ausschluss","ICD","ICD-Ausschlüsse","T86.00","T86.00"
"DeQS_WI-NI-A_EJ-2025_QIDB-RR-P_V01_2024-02-23.pdf","ICD_WI_FU_Ausschluss","ICD","ICD-Ausschlüsse","T86.01","T86.01"
"DeQS_WI-NI-A_EJ-2025_QIDB-RR-P_V01_2024-02-23.pdf","ICD_WI_FU_Ausschluss","ICD","ICD-Ausschlüsse","T86.02","T86.02"
"DeQS_WI-NI-A_EJ-2025_QIDB-RR-P_V01_2024-02-23.pdf","ICD_WI_FU_Ausschluss","ICD","ICD-Ausschlüsse","T86.05","T86.05"
"DeQS_WI-NI-A_EJ-2025_QIDB-RR-P_V01_2024-02-23.pdf","ICD_WI_FU_Ausschluss","ICD","ICD-Ausschlüsse","T86.06","T86.06"
"DeQS_WI-NI-A_EJ-2025_QIDB-RR-P_V01_2024-02-23.pdf","ICD_WI_FU_Ausschluss","ICD","ICD-Ausschlüsse","T86.07","T86.07"
"DeQS_WI-NI-A_EJ-2025_QIDB-RR-P_V01_2024-02-23.pdf","ICD_WI_FU_Ausschluss","ICD","ICD-Ausschlüsse","T86.09","T86.09"
"DeQS_WI-NI-A_EJ-2025_QIDB-RR-P_V01_2024-02-23.pdf","ICD_WI_FU_Ausschluss","ICD","ICD-Ausschlüsse","T86.10","T86.10"
"DeQS_WI-NI-A_EJ-2025_QIDB-RR-P_V01_2024-02-23.pdf","ICD_WI_FU_Ausschluss","ICD","ICD-Ausschlüsse","T86.11","T86.11"
"DeQS_WI-NI-A_EJ-2025_QIDB-RR-P_V01_2024-02-23.pdf","ICD_WI_FU_Ausschluss","ICD","ICD-Ausschlüsse","T86.12","T86.12"
"DeQS_WI-NI-A_EJ-2025_QIDB-RR-P_V01_2024-02-23.pdf","ICD_WI_FU_Ausschluss","ICD","ICD-Ausschlüsse","T86.19","T86.19"
"DeQS_WI-NI-A_EJ-2025_QIDB-RR-P_V01_2024-02-23.pdf","ICD_WI_FU_Ausschluss","ICD","ICD-Ausschlüsse","T86.2","T86.2"
"DeQS_WI-NI-A_EJ-2025_QIDB-RR-P_V01_2024-02-23.pdf","ICD_WI_FU_Ausschluss","ICD","ICD-Ausschlüsse","T86.3","T86.3"
"DeQS_WI-NI-A_EJ-2025_QIDB-RR-P_V01_2024-02-23.pdf","ICD_WI_FU_Ausschluss","ICD","ICD-Ausschlüsse","T86.40","T86.40"
"DeQS_WI-NI-A_EJ-2025_QIDB-RR-P_V01_2024-02-23.pdf","ICD_WI_FU_Ausschluss","ICD","ICD-Ausschlüsse","T86.41","T86.41"
"DeQS_WI-NI-A_EJ-2025_QIDB-RR-P_V01_2024-02-23.pdf","ICD_WI_FU_Ausschluss","ICD","ICD-Ausschlüsse","T86.49","T86.49"
"DeQS_WI-NI-A_EJ-2025_QIDB-RR-P_V01_2024-02-23.pdf","ICD_WI_FU_Ausschluss","ICD","ICD-Ausschlüsse","T86.81","T86.81"
"DeQS_WI-NI-A_EJ-2025_QIDB-RR-P_V01_2024-02-23.pdf","ICD_WI_FU_Ausschluss","ICD","ICD-Ausschlüsse","T86.82","T86.82"
"DeQS_WI-NI-A_EJ-2025_QIDB-RR-P_V01_2024-02-23.pdf","ICD_WI_FU_Ausschluss","ICD","ICD-Ausschlüsse","T87.4","T87.4"
"DeQS_WI-NI-A_EJ-2025_QIDB-RR-P_V01_2024-02-23.pdf","ICD_WI_FU_Ausschluss","ICD","ICD-Ausschlüsse","Z94.0","Z94.0"
"DeQS_WI-NI-A_EJ-2025_QIDB-RR-P_V01_2024-02-23.pdf","ICD_WI_FU_Ausschluss","ICD","ICD-Ausschlüsse","Z94.1","Z94.1"
"DeQS_WI-NI-A_EJ-2025_QIDB-RR-P_V01_2024-02-23.pdf","ICD_WI_FU_Ausschluss","ICD","ICD-Ausschlüsse","Z94.2","Z94.2"
"DeQS_WI-NI-A_EJ-2025_QIDB-RR-P_V01_2024-02-23.pdf","ICD_WI_FU_Ausschluss","ICD","ICD-Ausschlüsse","Z94.3","Z94.3"
"DeQS_WI-NI-A_EJ-2025_QIDB-RR-P_V01_2024-02-23.pdf","ICD_WI_FU_Ausschluss","ICD","ICD-Ausschlüsse","Z94.4","Z94.4"
"DeQS_WI-NI-A_EJ-2025_QIDB-RR-P_V01_2024-02-23.pdf","ICD_WI_FU_Ausschluss","ICD","ICD-Ausschlüsse","Z94.80","Z94.80"
"DeQS_WI-NI-A_EJ-2025_QIDB-RR-P_V01_2024-02-23.pdf","ICD_WI_FU_Ausschluss","ICD","ICD-Ausschlüsse","Z94.81","Z94.81"
"DeQS_WI-NI-A_EJ-2025_QIDB-RR-P_V01_2024-02-23.pdf","ICD_WI_FU_Ausschluss","ICD","ICD-Ausschlüsse","Z94.88","Z94.88"
"DeQS_WI-NI-A_EJ-2025_QIDB-RR-P_V01_2024-02-23.pdf","ICD_WI_FU_Ausschluss","ICD","ICD-Ausschlüsse","Z99.2","Z99.2"
"DeQS_WI-NI-A_EJ-2025_QIDB-RR-P_V01_2024-02-23.pdf","ICD_WI_MRSA","ICD","MRSA-Kodierung","U80.00","U80.00"
"DeQS_WI-NI-A_EJ-2025_QIDB-RR-P_V01_2024-02-23.pdf","OPS_ICD_WI_Zuordnung","OPS","Zulässige Kombinationen aus Infektions-ICD und Tracer-OPS","5349.3_T81.4","5349.3_T81.4"
"DeQS_WI-NI-A_EJ-2025_QIDB-RR-P_V01_2024-02-23.pdf","OPS_ICD_WI_Zuordnung","OPS","Zulässige Kombinationen aus Infektions-ICD und Tracer-OPS","5351.01_D73.3","5351.01_D73.3"
"DeQS_WI-NI-A_EJ-2025_QIDB-RR-P_V01_2024-02-23.pdf","OPS_ICD_WI_Zuordnung","OPS","Zulässige Kombinationen aus Infektions-ICD und Tracer-OPS","5351.01_I30.1","5351.01_I30.1"
"DeQS_WI-NI-A_EJ-2025_QIDB-RR-P_V01_2024-02-23.pdf","OPS_ICD_WI_Zuordnung","OPS","Zulässige Kombinationen aus Infektions-ICD und Tracer-OPS","5351.01_I33.0","5351.01_I33.0"
"DeQS_WI-NI-A_EJ-2025_QIDB-RR-P_V01_2024-02-23.pdf","OPS_ICD_WI_Zuordnung","OPS","Zulässige Kombinationen aus Infektions-ICD und Tracer-OPS","5351.01_I33.9","5351.01_I33.9"
"DeQS_WI-NI-A_EJ-2025_QIDB-RR-P_V01_2024-02-23.pdf","OPS_ICD_WI_Zuordnung","OPS","Zulässige Kombinationen aus Infektions-ICD und Tracer-OPS","5351.01_I38","5351.01_I38"
"DeQS_WI-NI-A_EJ-2025_QIDB-RR-P_V01_2024-02-23.pdf","OPS_ICD_WI_Zuordnung","OPS","Zulässige Kombinationen aus Infektions-ICD und Tracer-OPS","5351.01_I80.80","5351.01_I80.80"
"DeQS_WI-NI-A_EJ-2025_QIDB-RR-P_V01_2024-02-23.pdf","OPS_ICD_WI_Zuordnung","OPS","Zulässige Kombinationen aus Infektions-ICD und Tracer-OPS","5351.01_I80.81","5351.01_I80.81"
"DeQS_WI-NI-A_EJ-2025_QIDB-RR-P_V01_2024-02-23.pdf","OPS_ICD_WI_Zuordnung","OPS","Zulässige Kombinationen aus Infektions-ICD und Tracer-OPS","5351.01_I80.88","5351.01_I80.88"
"DeQS_WI-NI-A_EJ-2025_QIDB-RR-P_V01_2024-02-23.pdf","OPS_ICD_WI_Zuordnung","OPS","Zulässige Kombinationen aus Infektions-ICD und Tracer-OPS","5351.01_J85.3","5351.01_J85.3"
"DeQS_WI-NI-A_EJ-2025_QIDB-RR-P_V01_2024-02-23.pdf","OPS_ICD_WI_Zuordnung","OPS","Zulässige Kombinationen aus Infektions-ICD und Tracer-OPS","5351.01_J98.50","5351.01_J98.50"
"DeQS_WI-NI-A_EJ-2025_QIDB-RR-P_V01_2024-02-23.pdf","OPS_ICD_WI_Zuordnung","OPS","Zulässige Kombinationen aus Infektions-ICD und Tracer-OPS","5351.01_L02.2","5351.01_L02.2"
"DeQS_WI-NI-A_EJ-2025_QIDB-RR-P_V01_2024-02-23.pdf","OPS_ICD_WI_Zuordnung","OPS","Zulässige Kombinationen aus Infektions-ICD und Tracer-OPS","5351.01_L02.4","5351.01_L02.4"
"DeQS_WI-NI-A_EJ-2025_QIDB-RR-P_V01_2024-02-23.pdf","OPS_ICD_WI_Zuordnung","OPS","Zulässige Kombinationen aus Infektions-ICD und Tracer-OPS","5351.01_L03.10","5351.01_L03.10"
"DeQS_WI-NI-A_EJ-2025_QIDB-RR-P_V01_2024-02-23.pdf","OPS_ICD_WI_Zuordnung","OPS","Zulässige Kombinationen aus Infektions-ICD und Tracer-OPS","5351.01_L03.11","5351.01_L03.11"
"DeQS_WI-NI-A_EJ-2025_QIDB-RR-P_V01_2024-02-23.pdf","OPS_ICD_WI_Zuordnung","OPS","Zulässige Kombinationen aus Infektions-ICD und Tracer-OPS","5351.01_L03.3","5351.01_L03.3"
"DeQS_WI-NI-A_EJ-2025_QIDB-RR-P_V01_2024-02-23.pdf","OPS_ICD_WI_Zuordnung","OPS","Zulässige Kombinationen aus Infektions-ICD und Tracer-OPS","5351.01_M00.00","5351.01_M00.00"
"DeQS_WI-NI-A_EJ-2025_QIDB-RR-P_V01_2024-02-23.pdf","OPS_ICD_WI_Zuordnung","OPS","Zulässige Kombinationen aus Infektions-ICD und Tracer-OPS","5351.01_M00.01","5351.01_M00.01"
"DeQS_WI-NI-A_EJ-2025_QIDB-RR-P_V01_2024-02-23.pdf","OPS_ICD_WI_Zuordnung","OPS","Zulässige Kombinationen aus Infektions-ICD und Tracer-OPS","5351.01_M00.02","5351.01_M00.02"
"DeQS_WI-NI-A_EJ-2025_QIDB-RR-P_V01_2024-02-23.pdf","OPS_WI_Bypass","OPS","Bypass-Operationen im Verfahren QS WI","5361%","5361%"
"DeQS_WI-NI-A_EJ-2025_QIDB-RR-P_V01_2024-02-23.pdf","OPS_WI_Bypass","OPS","Bypass-Operationen im Verfahren QS WI","5362%","5362%"
"DeQS_WI-NI-A_EJ-2025_QIDB-RR-P_V01_2024-02-23.pdf","OPS_WI_Bypass","OPS","Bypass-Operationen im Verfahren QS WI","5393%","5393%"
"DeQS_WI-NI-A_EJ-2025_QIDB-RR-P_V01_2024-02-23.pdf","OPS_WI_Fachgebiet_GCH","OPS","Tracer-Eingriffe im Verfahren QS WI nach Fachgebiet: Gefäßchirurgie","5380.11","5380.11"
"DeQS_WI-NI-A_EJ-2025_QIDB-RR-P_V01_2024-02-23.pdf","OPS_WI_Fachgebiet_GCH","OPS","Tracer-Eingriffe im Verfahren QS WI nach Fachgebiet: Gefäßchirurgie","5380.12","5380.12"
"DeQS_WI-NI-A_EJ-2025_QIDB-RR-P_V01_2024-02-23.pdf","OPS_WI_Fachgebiet_GCH","OPS","Tracer-Eingriffe im Verfahren QS WI nach Fachgebiet: Gefäßchirurgie","5380.13","5380.13"
"DeQS_WI-NI-A_EJ-2025_QIDB-RR-P_V01_2024-02-23.pdf","OPS_WI_Fachgebiet_GCH","OPS","Tracer-Eingriffe im Verfahren QS WI nach Fachgebiet: Gefäßchirurgie","5380.1x","5380.1x"
"DeQS_WI-NI-A_EJ-2025_QIDB-RR-P_V01_2024-02-23.pdf","OPS_WI_Fachgebiet_GCH","OPS","Tracer-Eingriffe im Verfahren QS WI nach Fachgebiet: Gefäßchirurgie","5380.20","5380.20"
"DeQS_WI-NI-A_EJ-2025_QIDB-RR-P_V01_2024-02-23.pdf","OPS_WI_Fachgebiet_GCH","OPS","Tracer-Eingriffe im Verfahren QS WI nach Fachgebiet: Gefäßchirurgie","5380.21","5380.21"
"DeQS_WI-NI-A_EJ-2025_QIDB-RR-P_V01_2024-02-23.pdf","OPS_WI_Fachgebiet_GCH","OPS","Tracer-Eingriffe im Verfahren QS WI nach Fachgebiet: Gefäßchirurgie","5380.22","5380.22"
"DeQS_WI-NI-A_EJ-2025_QIDB-RR-P_V01_2024-02-23.pdf","OPS_WI_Fachgebiet_GCH","OPS","Tracer-Eingriffe im Verfahren QS WI nach Fachgebiet: Gefäßchirurgie","5380.23","5380.23"
"DeQS_WI-NI-A_EJ-2025_QIDB-RR-P_V01_2024-02-23.pdf","OPS_WI_Fachgebiet_GCH","OPS","Tracer-Eingriffe im Verfahren QS WI nach Fachgebiet: Gefäßchirurgie","5380.24","5380.24"
"DeQS_WI-NI-A_EJ-2025_QIDB-RR-P_V01_2024-02-23.pdf","OPS_WI_Fachgebiet_GCH","OPS","Tracer-Eingriffe im Verfahren QS WI nach Fachgebiet: Gefäßchirurgie","5380.25","5380.25"
"DeQS_WI-NI-A_EJ-2025_QIDB-RR-P_V01_2024-02-23.pdf","OPS_WI_Fachgebiet_GCH","OPS","Tracer-Eingriffe im Verfahren QS WI nach Fachgebiet: Gefäßchirurgie","5380.26","5380.26"
"DeQS_WI-NI-A_EJ-2025_QIDB-RR-P_V01_2024-02-23.pdf","OPS_WI_Fachgebiet_GCH","OPS","Tracer-Eingriffe im Verfahren QS WI nach Fachgebiet: Gefäßchirurgie","5380.27","5380.27"
"DeQS_WI-NI-A_EJ-2025_QIDB-RR-P_V01_2024-02-23.pdf","OPS_WI_Fachgebiet_GCH","OPS","Tracer-Eingriffe im Verfahren QS WI nach Fachgebiet: Gefäßchirurgie","5380.28","5380.28"
"DeQS_WI-NI-A_EJ-2025_QIDB-RR-P_V01_2024-02-23.pdf","OPS_WI_Fachgebiet_GCH","OPS","Tracer-Eingriffe im Verfahren QS WI nach Fachgebiet: Gefäßchirurgie","5380.2x","5380.2x"
"DeQS_WI-NI-A_EJ-2025_QIDB-RR-P_V01_2024-02-23.pdf","OPS_WI_Fachgebiet_GCH","OPS","Tracer-Eingriffe im Verfahren QS WI nach Fachgebiet: Gefäßchirurgie","5380.30","5380.30"
"DeQS_WI-NI-A_EJ-2025_QIDB-RR-P_V01_2024-02-23.pdf","OPS_WI_Fachgebiet_GCH","OPS","Tracer-Eingriffe im Verfahren QS WI nach Fachgebiet: Gefäßchirurgie","5380.31","5380.31"
"DeQS_WI-NI-A_EJ-2025_QIDB-RR-P_V01_2024-02-23.pdf","OPS_WI_Fachgebiet_GCH","OPS","Tracer-Eingriffe im Verfahren QS WI nach Fachgebiet: Gefäßchirurgie","5380.32","5380.32"
"DeQS_WI-NI-A_EJ-2025_QIDB-RR-P_V01_2024-02-23.pdf","OPS_WI_Fachgebiet_GCH","OPS","Tracer-Eingriffe im Verfahren QS WI nach Fachgebiet: Gefäßchirurgie","5380.33","5380.33"
"DeQS_WI-NI-A_EJ-2025_QIDB-RR-P_V01_2024-02-23.pdf","OPS_WI_Fachgebiet_GCH","OPS","Tracer-Eingriffe im Verfahren QS WI nach Fachgebiet: Gefäßchirurgie","5380.34","5380.34"
"DeQS_WI-NI-A_EJ-2025_QIDB-RR-P_V01_2024-02-23.pdf","OPS_WI_Fachgebiet_GCH","OPS","Tracer-Eingriffe im Verfahren QS WI nach Fachgebiet: Gefäßchirurgie","5380.35","5380.35"
"DeQS_WI-NI-A_EJ-2025_QIDB-RR-P_V01_2024-02-23.pdf","OPS_WI_Fachgebiet_GCH","OPS","Tracer-Eingriffe im Verfahren QS WI nach Fachgebiet: Gefäßchirurgie","5380.3x","5380.3x"
"DeQS_WI-NI-A_EJ-2025_QIDB-RR-P_V01_2024-02-23.pdf","OPS_WI_Fachgebiet_GCH","OPS","Tracer-Eingriffe im Verfahren QS WI nach Fachgebiet: Gefäßchirurgie","5380.40","5380.40"
"DeQS_WI-NI-A_EJ-2025_QIDB-RR-P_V01_2024-02-23.pdf","OPS_WI_Fachgebiet_GCH","OPS","Tracer-Eingriffe im Verfahren QS WI nach Fachgebiet: Gefäßchirurgie","5380.41","5380.41"
"DeQS_WI-NI-A_EJ-2025_QIDB-RR-P_V01_2024-02-23.pdf","OPS_WI_Fachgebiet_GCH","OPS","Tracer-Eingriffe im Verfahren QS WI nach Fachgebiet: Gefäßchirurgie","5380.42","5380.42"
"DeQS_WI-NI-A_EJ-2025_QIDB-RR-P_V01_2024-02-23.pdf","OPS_WI_Fachgebiet_GCH","OPS","Tracer-Eingriffe im Verfahren QS WI nach Fachgebiet: Gefäßchirurgie","5380.43","5380.43"
"DeQS_WI-NI-A_EJ-2025_QIDB-RR-P_V01_2024-02-23.pdf","OPS_WI_Fachgebiet_GCH","OPS","Tracer-Eingriffe im Verfahren QS WI nach Fachgebiet: Gefäßchirurgie","5380.4x","5380.4x"
"DeQS_WI-NI-A_EJ-2025_QIDB-RR-P_V01_2024-02-23.pdf","OPS_WI_Fachgebiet_GCH","OPS","Tracer-Eingriffe im Verfahren QS WI nach Fachgebiet: Gefäßchirurgie","5380.51","5380.51"
"DeQS_WI-NI-A_EJ-2025_QIDB-RR-P_V01_2024-02-23.pdf","OPS_WI_Fachgebiet_GCH","OPS","Tracer-Eingriffe im Verfahren QS WI nach Fachgebiet: Gefäßchirurgie","5380.52","5380.52"
"DeQS_WI-NI-A_EJ-2025_QIDB-RR-P_V01_2024-02-23.pdf","OPS_WI_Fachgebiet_GCH","OPS","Tracer-Eingriffe im Verfahren QS WI nach Fachgebiet: Gefäßchirurgie","5380.53","5380.53"
"DeQS_WI-NI-A_EJ-2025_QIDB-RR-P_V01_2024-02-23.pdf","OPS_WI_Fachgebiet_GCH","OPS","Tracer-Eingriffe im Verfahren QS WI nach Fachgebiet: Gefäßchirurgie","5380.54","5380.54"
"DeQS_WI-NI-A_EJ-2025_QIDB-RR-P_V01_2024-02-23.pdf","OPS_WI_Fachgebiet_GCH","OPS","Tracer-Eingriffe im Verfahren QS WI nach Fachgebiet: Gefäßchirurgie","5380.55","5380.55"
"DeQS_WI-NI-A_EJ-2025_QIDB-RR-P_V01_2024-02-23.pdf","OPS_WI_Fachgebiet_GCH","OPS","Tracer-Eingriffe im Verfahren QS WI nach Fachgebiet: Gefäßchirurgie","5380.56","5380.56"
"DeQS_WI-NI-A_EJ-2025_QIDB-RR-P_V01_2024-02-23.pdf","OPS_WI_Fachgebiet_GCH","OPS","Tracer-Eingriffe im Verfahren QS WI nach Fachgebiet: Gefäßchirurgie","5380.5x","5380.5x"
"DeQS_WI-NI-A_EJ-2025_QIDB-RR-P_V01_2024-02-23.pdf","OPS_WI_Fachgebiet_GCH","OPS","Tracer-Eingriffe im Verfahren QS WI nach Fachgebiet: Gefäßchirurgie","5380.60","5380.60"
"DeQS_WI-NI-A_EJ-2025_QIDB-RR-P_V01_2024-02-23.pdf","OPS_WI_Fachgebiet_GCH","OPS","Tracer-Eingriffe im Verfahren QS WI nach Fachgebiet: Gefäßchirurgie","5380.61","5380.61"
"DeQS_WI-NI-A_EJ-2025_QIDB-RR-P_V01_2024-02-23.pdf","OPS_WI_Fachgebiet_GCH","OPS","Tracer-Eingriffe im Verfahren QS WI nach Fachgebiet: Gefäßchirurgie","5380.62","5380.62"
"DeQS_WI-NI-A_EJ-2025_QIDB-RR-P_V01_2024-02-23.pdf","OPS_WI_Fachgebiet_GCH","OPS","Tracer-Eingriffe im Verfahren QS WI nach Fachgebiet: Gefäßchirurgie","5380.63","5380.63"
"DeQS_WI-NI-A_EJ-2025_QIDB-RR-P_V01_2024-02-23.pdf","OPS_WI_Fachgebiet_GCH","OPS","Tracer-Eingriffe im Verfahren QS WI nach Fachgebiet: Gefäßchirurgie","5380.64","5380.64"
"DeQS_WI-NI-A_EJ-2025_QIDB-RR-P_V01_2024-02-23.pdf","OPS_WI_Fachgebiet_GCH","OPS","Tracer-Eingriffe im Verfahren QS WI nach Fachgebiet: Gefäßchirurgie","5380.65","5380.65"
"DeQS_WI-NI-A_EJ-2025_QIDB-RR-P_V01_2024-02-23.pdf","OPS_WI_Fachgebiet_GCH","OPS","Tracer-Eingriffe im Verfahren QS WI nach Fachgebiet: Gefäßchirurgie","5380.66","5380.66"
"DeQS_WI-NI-A_EJ-2025_QIDB-RR-P_V01_2024-02-23.pdf","OPS_WI_Fachgebiet_GCH","OPS","Tracer-Eingriffe im Verfahren QS WI nach Fachgebiet: Gefäßchirurgie","5380.67","5380.67"
"DeQS_WI-NI-A_EJ-2025_QIDB-RR-P_V01_2024-02-23.pdf","OPS_WI_Fachgebiet_GCH","OPS","Tracer-Eingriffe im Verfahren QS WI nach Fachgebiet: Gefäßchirurgie","5380.6x","5380.6x"
"DeQS_WI-NI-A_EJ-2025_QIDB-RR-P_V01_2024-02-23.pdf","OPS_WI_Fachgebiet_GCH","OPS","Tracer-Eingriffe im Verfahren QS WI nach Fachgebiet: Gefäßchirurgie","5380.70","5380.70"
"DeQS_WI-NI-A_EJ-2025_QIDB-RR-P_V01_2024-02-23.pdf","OPS_WI_Fachgebiet_GCH","OPS","Tracer-Eingriffe im Verfahren QS WI nach Fachgebiet: Gefäßchirurgie","5380.71","5380.71"
"DeQS_WI-NI-A_EJ-2025_QIDB-RR-P_V01_2024-02-23.pdf","OPS_WI_Fachgebiet_GCH","OPS","Tracer-Eingriffe im Verfahren QS WI nach Fachgebiet: Gefäßchirurgie","5380.72","5380.72"
"DeQS_WI-NI-A_EJ-2025_QIDB-RR-P_V01_2024-02-23.pdf","OPS_WI_Fachgebiet_GCH","OPS","Tracer-Eingriffe im Verfahren QS WI nach Fachgebiet: Gefäßchirurgie","5380.73","5380.73"
"DeQS_WI-NI-A_EJ-2025_QIDB-RR-P_V01_2024-02-23.pdf","OPS_WI_Fachgebiet_GCH","OPS","Tracer-Eingriffe im Verfahren QS WI nach Fachgebiet: Gefäßchirurgie","5380.7x","5380.7x"
"DeQS_WI-NI-A_EJ-2025_QIDB-RR-P_V01_2024-02-23.pdf","OPS_WI_Fachgebiet_GCH","OPS","Tracer-Eingriffe im Verfahren QS WI nach Fachgebiet: Gefäßchirurgie","5380.80","5380.80"
"DeQS_WI-NI-A_EJ-2025_QIDB-RR-P_V01_2024-02-23.pdf","OPS_WI_Fachgebiet_GCH","OPS","Tracer-Eingriffe im Verfahren QS WI nach Fachgebiet: Gefäßchirurgie","5380.81","5380.81"
"DeQS_WI-NI-A_EJ-2025_QIDB-RR-P_V01_2024-02-23.pdf","OPS_WI_Fachgebiet_GCH","OPS","Tracer-Eingriffe im Verfahren QS WI nach Fachgebiet: Gefäßchirurgie","5380.82","5380.82"
"DeQS_WI-NI-A_EJ-2025_QIDB-RR-P_V01_2024-02-23.pdf","OPS_WI_Fachgebiet_GCH","OPS","Tracer-Eingriffe im Verfahren QS WI nach Fachgebiet: Gefäßchirurgie","5380.83","5380.83"
"DeQS_WI-NI-A_EJ-2025_QIDB-RR-P_V01_2024-02-23.pdf","OPS_WI_Fachgebiet_GCH","OPS","Tracer-Eingriffe im Verfahren QS WI nach Fachgebiet: Gefäßchirurgie","5380.84","5380.84"
"DeQS_WI-NI-A_EJ-2025_QIDB-RR-P_V01_2024-02-23.pdf","OPS_WI_Fachgebiet_GCH","OPS","Tracer-Eingriffe im Verfahren QS WI nach Fachgebiet: Gefäßchirurgie","5380.85","5380.85"
"DeQS_WI-NI-A_EJ-2025_QIDB-RR-P_V01_2024-02-23.pdf","OPS_WI_Fachgebiet_GCH","OPS","Tracer-Eingriffe im Verfahren QS WI nach Fachgebiet: Gefäßchirurgie","5380.86","5380.86"
"DeQS_WI-NI-A_EJ-2025_QIDB-RR-P_V01_2024-02-23.pdf","OPS_WI_Fachgebiet_GCH","OPS","Tracer-Eingriffe im Verfahren QS WI nach Fachgebiet: Gefäßchirurgie","5380.87","5380.87"
"DeQS_WI-NI-A_EJ-2025_QIDB-RR-P_V01_2024-02-23.pdf","OPS_WI_Fachgebiet_GCH","OPS","Tracer-Eingriffe im Verfahren QS WI nach Fachgebiet: Gefäßchirurgie","5380.8x","5380.8x"
"DeQS_WI-NI-A_EJ-2025_QIDB-RR-P_V01_2024-02-23.pdf","OPS_WI_Fachgebiet_GCH","OPS","Tracer-Eingriffe im Verfahren QS WI nach Fachgebiet: Gefäßchirurgie","5380.91","5380.91"
"DeQS_WI-NI-A_EJ-2025_QIDB-RR-P_V01_2024-02-23.pdf","OPS_WI_Fachgebiet_GCH","OPS","Tracer-Eingriffe im Verfahren QS WI nach Fachgebiet: Gefäßchirurgie","5380.92","5380.92"
"DeQS_WI-NI-A_EJ-2025_QIDB-RR-P_V01_2024-02-23.pdf","OPS_WI_Fachgebiet_GCH","OPS","Tracer-Eingriffe im Verfahren QS WI nach Fachgebiet: Gefäßchirurgie","5380.93","5380.93"
"DeQS_WI-NI-A_EJ-2025_QIDB-RR-P_V01_2024-02-23.pdf","OPS_WI_Fachgebiet_GCH","OPS","Tracer-Eingriffe im Verfahren QS WI nach Fachgebiet: Gefäßchirurgie","5380.94","5380.94"
"DeQS_WI-NI-A_EJ-2025_QIDB-RR-P_V01_2024-02-23.pdf","OPS_WI_Fachgebiet_GCH","OPS","Tracer-Eingriffe im Verfahren QS WI nach Fachgebiet: Gefäßchirurgie","5380.95","5380.95"
"DeQS_WI-NI-A_EJ-2025_QIDB-RR-P_V01_2024-02-23.pdf","OPS_WI_Fachgebiet_GCH","OPS","Tracer-Eingriffe im Verfahren QS WI nach Fachgebiet: Gefäßchirurgie","5380.96","5380.96"
"DeQS_WI-NI-A_EJ-2025_QIDB-RR-P_V01_2024-02-23.pdf","OPS_WI_Fachgebiet_GCH","OPS","Tracer-Eingriffe im Verfahren QS WI nach Fachgebiet: Gefäßchirurgie","5380.97","5380.97"
"DeQS_WI-NI-A_EJ-2025_QIDB-RR-P_V01_2024-02-23.pdf","OPS_WI_Fachgebiet_GCH","OPS","Tracer-Eingriffe im Verfahren QS WI nach Fachgebiet: Gefäßchirurgie","5380.98","5380.98"
"DeQS_WI-NI-A_EJ-2025_QIDB-RR-P_V01_2024-02-23.pdf","OPS_WI_Fachgebiet_GCH","OPS","Tracer-Eingriffe im Verfahren QS WI nach Fachgebiet: Gefäßchirurgie","5380.99","5380.99"
"DeQS_WI-NI-A_EJ-2025_QIDB-RR-P_V01_2024-02-23.pdf","OPS_WI_Fachgebiet_GCH","OPS","Tracer-Eingriffe im Verfahren QS WI nach Fachgebiet: Gefäßchirurgie","5380.9a","5380.9a"
"DeQS_WI-NI-A_EJ-2025_QIDB-RR-P_V01_2024-02-23.pdf","OPS_WI_Fachgebiet_GCH","OPS","Tracer-Eingriffe im Verfahren QS WI nach Fachgebiet: Gefäßchirurgie","5380.9b","5380.9b"
"DeQS_WI-NI-A_EJ-2025_QIDB-RR-P_V01_2024-02-23.pdf","OPS_WI_Fachgebiet_GCH","OPS","Tracer-Eingriffe im Verfahren QS WI nach Fachgebiet: Gefäßchirurgie","5380.9c","5380.9c"
"DeQS_WI-NI-A_EJ-2025_QIDB-RR-P_V01_2024-02-23.pdf","OPS_WI_Fachgebiet_GCH","OPS","Tracer-Eingriffe im Verfahren QS WI nach Fachgebiet: Gefäßchirurgie","5380.9d","5380.9d"
"DeQS_WI-NI-A_EJ-2025_QIDB-RR-P_V01_2024-02-23.pdf","OPS_WI_Fachgebiet_GCH","OPS","Tracer-Eingriffe im Verfahren QS WI nach Fachgebiet: Gefäßchirurgie","5380.9e","5380.9e"
"DeQS_WI-NI-A_EJ-2025_QIDB-RR-P_V01_2024-02-23.pdf","OPS_WI_Fachgebiet_GCH","OPS","Tracer-Eingriffe im Verfahren QS WI nach Fachgebiet: Gefäßchirurgie","5380.9f","5380.9f"
"DeQS_WI-NI-A_EJ-2025_QIDB-RR-P_V01_2024-02-23.pdf","OPS_WI_Fachgebiet_GCH","OPS","Tracer-Eingriffe im Verfahren QS WI nach Fachgebiet: Gefäßchirurgie","5380.9g","5380.9g"
"DeQS_WI-NI-A_EJ-2025_QIDB-RR-P_V01_2024-02-23.pdf","OPS_WI_Fachgebiet_GCH","OPS","Tracer-Eingriffe im Verfahren QS WI nach Fachgebiet: Gefäßchirurgie","5380.9h","5380.9h"
"DeQS_WI-NI-A_EJ-2025_QIDB-RR-P_V01_2024-02-23.pdf","OPS_WI_Fachgebiet_GCH","OPS","Tracer-Eingriffe im Verfahren QS WI nach Fachgebiet: Gefäßchirurgie","5380.9j","5380.9j"
"DeQS_WI-NI-A_EJ-2025_QIDB-RR-P_V01_2024-02-23.pdf","OPS_WI_Fachgebiet_GCH","OPS","Tracer-Eingriffe im Verfahren QS WI nach Fachgebiet: Gefäßchirurgie","5380.9k","5380.9k"
"DeQS_WI-NI-A_EJ-2025_QIDB-RR-P_V01_2024-02-23.pdf","OPS_WI_Fachgebiet_GCH","OPS","Tracer-Eingriffe im Verfahren QS WI nach Fachgebiet: Gefäßchirurgie","5381.11","5381.11"
"DeQS_WI-NI-A_EJ-2025_QIDB-RR-P_V01_2024-02-23.pdf","OPS_WI_Fachgebiet_GCH","OPS","Tracer-Eingriffe im Verfahren QS WI nach Fachgebiet: Gefäßchirurgie","5381.12","5381.12"
"DeQS_WI-NI-A_EJ-2025_QIDB-RR-P_V01_2024-02-23.pdf","OPS_WI_Fachgebiet_GCH","OPS","Tracer-Eingriffe im Verfahren QS WI nach Fachgebiet: Gefäßchirurgie","5381.13","5381.13"
"DeQS_WI-NI-A_EJ-2025_QIDB-RR-P_V01_2024-02-23.pdf","OPS_WI_Fachgebiet_GCH","OPS","Tracer-Eingriffe im Verfahren QS WI nach Fachgebiet: Gefäßchirurgie","5381.1x","5381.1x"
"DeQS_WI-NI-A_EJ-2025_QIDB-RR-P_V01_2024-02-23.pdf","OPS_WI_Fachgebiet_GCH","OPS","Tracer-Eingriffe im Verfahren QS WI nach Fachgebiet: Gefäßchirurgie","5381.20","5381.20"
"DeQS_WI-NI-A_EJ-2025_QIDB-RR-P_V01_2024-02-23.pdf","OPS_WI_Fachgebiet_GCH","OPS","Tracer-Eingriffe im Verfahren QS WI nach Fachgebiet: Gefäßchirurgie","5381.24","5381.24"
"DeQS_WI-NI-A_EJ-2025_QIDB-RR-P_V01_2024-02-23.pdf","OPS_WI_Fachgebiet_GCH","OPS","Tracer-Eingriffe im Verfahren QS WI nach Fachgebiet: Gefäßchirurgie","5381.28","5381.28"
"DeQS_WI-NI-A_EJ-2025_QIDB-RR-P_V01_2024-02-23.pdf","OPS_WI_Fachgebiet_GCH","OPS","Tracer-Eingriffe im Verfahren QS WI nach Fachgebiet: Gefäßchirurgie","5381.2x","5381.2x"
"DeQS_WI-NI-A_EJ-2025_QIDB-RR-P_V01_2024-02-23.pdf","OPS_WI_Fachgebiet_GCH","OPS","Tracer-Eingriffe im Verfahren QS WI nach Fachgebiet: Gefäßchirurgie","5381.30","5381.30"
"DeQS_WI-NI-A_EJ-2025_QIDB-RR-P_V01_2024-02-23.pdf","OPS_WI_Fachgebiet_GCH","OPS","Tracer-Eingriffe im Verfahren QS WI nach Fachgebiet: Gefäßchirurgie","5381.31","5381.31"
"DeQS_WI-NI-A_EJ-2025_QIDB-RR-P_V01_2024-02-23.pdf","OPS_WI_Fachgebiet_GCH","OPS","Tracer-Eingriffe im Verfahren QS WI nach Fachgebiet: Gefäßchirurgie","5381.32","5381.32"
"DeQS_WI-NI-A_EJ-2025_QIDB-RR-P_V01_2024-02-23.pdf","OPS_WI_Fachgebiet_GCH","OPS","Tracer-Eingriffe im Verfahren QS WI nach Fachgebiet: Gefäßchirurgie","5381.33","5381.33"
"DeQS_WI-NI-A_EJ-2025_QIDB-RR-P_V01_2024-02-23.pdf","OPS_WI_Fachgebiet_GCH","OPS","Tracer-Eingriffe im Verfahren QS WI nach Fachgebiet: Gefäßchirurgie","5381.35","5381.35"
"DeQS_WI-NI-A_EJ-2025_QIDB-RR-P_V01_2024-02-23.pdf","OPS_WI_Fachgebiet_GCH","OPS","Tracer-Eingriffe im Verfahren QS WI nach Fachgebiet: Gefäßchirurgie","5381.3x","5381.3x"
"DeQS_WI-NI-A_EJ-2025_QIDB-RR-P_V01_2024-02-23.pdf","OPS_WI_Fachgebiet_GCH","OPS","Tracer-Eingriffe im Verfahren QS WI nach Fachgebiet: Gefäßchirurgie","5381.40","5381.40"
"DeQS_WI-NI-A_EJ-2025_QIDB-RR-P_V01_2024-02-23.pdf","OPS_WI_Fachgebiet_GCH","OPS","Tracer-Eingriffe im Verfahren QS WI nach Fachgebiet: Gefäßchirurgie","5381.41","5381.41"
"DeQS_WI-NI-A_EJ-2025_QIDB-RR-P_V01_2024-02-23.pdf","OPS_WI_Fachgebiet_GCH","OPS","Tracer-Eingriffe im Verfahren QS WI nach Fachgebiet: Gefäßchirurgie","5381.42","5381.42"
"DeQS_WI-NI-A_EJ-2025_QIDB-RR-P_V01_2024-02-23.pdf","OPS_WI_Fachgebiet_GCH","OPS","Tracer-Eingriffe im Verfahren QS WI nach Fachgebiet: Gefäßchirurgie","5381.43","5381.43"
"DeQS_WI-NI-A_EJ-2025_QIDB-RR-P_V01_2024-02-23.pdf","OPS_WI_Fachgebiet_GCH","OPS","Tracer-Eingriffe im Verfahren QS WI nach Fachgebiet: Gefäßchirurgie","5381.4x","5381.4x"
"DeQS_WI-NI-A_EJ-2025_QIDB-RR-P_V01_2024-02-23.pdf","OPS_WI_Fachgebiet_GCH","OPS","Tracer-Eingriffe im Verfahren QS WI nach Fachgebiet: Gefäßchirurgie","5381.51","5381.51"
"DeQS_WI-NI-A_EJ-2025_QIDB-RR-P_V01_2024-02-23.pdf","OPS_WI_Fachgebiet_GCH","OPS","Tracer-Eingriffe im Verfahren QS WI nach Fachgebiet: Gefäßchirurgie","5381.52","5381.52"
"DeQS_WI-NI-A_EJ-2025_QIDB-RR-P_V01_2024-02-23.pdf","OPS_WI_Fachgebiet_GCH","OPS","Tracer-Eingriffe im Verfahren QS WI nach Fachgebiet: Gefäßchirurgie","5381.53","5381.53"
"DeQS_WI-NI-A_EJ-2025_QIDB-RR-P_V01_2024-02-23.pdf","OPS_WI_Fachgebiet_GCH","OPS","Tracer-Eingriffe im Verfahren QS WI nach Fachgebiet: Gefäßchirurgie","5381.54","5381.54"
"DeQS_WI-NI-A_EJ-2025_QIDB-RR-P_V01_2024-02-23.pdf","OPS_WI_Fachgebiet_GCH","OPS","Tracer-Eingriffe im Verfahren QS WI nach Fachgebiet: Gefäßchirurgie","5381.55","5381.55"
"DeQS_WI-NI-A_EJ-2025_QIDB-RR-P_V01_2024-02-23.pdf","OPS_WI_Fachgebiet_GCH","OPS","Tracer-Eingriffe im Verfahren QS WI nach Fachgebiet: Gefäßchirurgie","5381.56","5381.56"
"DeQS_WI-NI-A_EJ-2025_QIDB-RR-P_V01_2024-02-23.pdf","OPS_WI_Fachgebiet_GCH_Implantat","OPS","","OPS-Kodes","OPS-Kodes"
"DeQS_WI-NI-A_EJ-2025_QIDB-RR-P_V01_2024-02-23.pdf","OPS_WI_Fachgebiet_GCH_Implantat","OPS","","die die Verwendung eines Transplantats bei gefäßchirurgischen Tracereingriffen darstellen","diedieVerwendungeinesTransplantatsbeigefäßchirurgischenTracereingriffendarstellen"
"DeQS_WI-NI-A_EJ-2025_QIDB-RR-P_V01_2024-02-23.pdf","OPS_WI_FU_Ausschluss","OPS","OPS-Ausschlüsse","5981","5981"
"DeQS_WI-NI-A_EJ-2025_QIDB-RR-P_V01_2024-02-23.pdf","OPS_WI_FU_Ausschluss","OPS","OPS-Ausschlüsse","5982.0","5982.0"
"DeQS_WI-NI-A_EJ-2025_QIDB-RR-P_V01_2024-02-23.pdf","OPS_WI_FU_Ausschluss","OPS","OPS-Ausschlüsse","5982.1","5982.1"
"DeQS_WI-NI-A_EJ-2025_QIDB-RR-P_V01_2024-02-23.pdf","OPS_WI_FU_Ausschluss","OPS","OPS-Ausschlüsse","5982.2","5982.2"
"DeQS_WI-NI-A_EJ-2025_QIDB-RR-P_V01_2024-02-23.pdf","OPS_WI_FU_Ausschluss","OPS","OPS-Ausschlüsse","5982.x","5982.x"
"DeQS_WI-NI-A_EJ-2025_QIDB-RR-P_V01_2024-02-23.pdf","OPS_WI_FU_Ausschluss","OPS","OPS-Ausschlüsse","5982.y","5982.y"
"DeQS_WI-NI-A_EJ-2025_QIDB-RR-P_V01_2024-02-23.pdf","OPS_WI_FU_Ausschluss","OPS","OPS-Ausschlüsse","8520.0","8520.0"
"DeQS_WI-NI-A_EJ-2025_QIDB-RR-P_V01_2024-02-23.pdf","OPS_WI_FU_Ausschluss","OPS","OPS-Ausschlüsse","8520.1","8520.1"
"DeQS_WI-NI-A_EJ-2025_QIDB-RR-P_V01_2024-02-23.pdf","OPS_WI_FU_Ausschluss","OPS","OPS-Ausschlüsse","8520.y","8520.y"
"DeQS_WI-NI-A_EJ-2025_QIDB-RR-P_V01_2024-02-23.pdf","OPS_WI_FU_Ausschluss","OPS","OPS-Ausschlüsse","8521.0","8521.0"
"DeQS_WI-NI-A_EJ-2025_QIDB-RR-P_V01_2024-02-23.pdf","OPS_WI_FU_Ausschluss","OPS","OPS-Ausschlüsse","8521.1","8521.1"
"DeQS_WI-NI-A_EJ-2025_QIDB-RR-P_V01_2024-02-23.pdf","OPS_WI_FU_Ausschluss","OPS","OPS-Ausschlüsse","8521.y","8521.y"
"DeQS_WI-NI-A_EJ-2025_QIDB-RR-P_V01_2024-02-23.pdf","OPS_WI_FU_Ausschluss","OPS","OPS-Ausschlüsse","8522.0","8522.0"
"DeQS_WI-NI-A_EJ-2025_QIDB-RR-P_V01_2024-02-23.pdf","OPS_WI_FU_Ausschluss","OPS","OPS-Ausschlüsse","8522.1","8522.1"
"DeQS_WI-NI-A_EJ-2025_QIDB-RR-P_V01_2024-02-23.pdf","OPS_WI_FU_Ausschluss","OPS","OPS-Ausschlüsse","8522.2","8522.2"
"DeQS_WI-NI-A_EJ-2025_QIDB-RR-P_V01_2024-02-23.pdf","OPS_WI_FU_Ausschluss","OPS","OPS-Ausschlüsse","8522.30","8522.30"
"DeQS_WI-NI-A_EJ-2025_QIDB-RR-P_V01_2024-02-23.pdf","OPS_WI_FU_Ausschluss","OPS","OPS-Ausschlüsse","8522.31","8522.31"
"DeQS_WI-NI-A_EJ-2025_QIDB-RR-P_V01_2024-02-23.pdf","OPS_WI_FU_Ausschluss","OPS","OPS-Ausschlüsse","8522.60","8522.60"
"DeQS_WI-NI-A_EJ-2025_QIDB-RR-P_V01_2024-02-23.pdf","OPS_WI_FU_Ausschluss","OPS","OPS-Ausschlüsse","8522.61","8522.61"
"DeQS_WI-NI-A_EJ-2025_QIDB-RR-P_V01_2024-02-23.pdf","OPS_WI_FU_Ausschluss","OPS","OPS-Ausschlüsse","8522.90","8522.90"
"DeQS_WI-NI-A_EJ-2025_QIDB-RR-P_V01_2024-02-23.pdf","OPS_WI_FU_Ausschluss","OPS","OPS-Ausschlüsse","8522.91","8522.91"
"DeQS_WI-NI-A_EJ-2025_QIDB-RR-P_V01_2024-02-23.pdf","OPS_WI_FU_Ausschluss","OPS","OPS-Ausschlüsse","8522.a0","8522.a0"
"DeQS_WI-NI-A_EJ-2025_QIDB-RR-P_V01_2024-02-23.pdf","OPS_WI_FU_Ausschluss","OPS","OPS-Ausschlüsse","8522.a1","8522.a1"
"DeQS_WI-NI-A_EJ-2025_QIDB-RR-P_V01_2024-02-23.pdf","OPS_WI_FU_Ausschluss","OPS","OPS-Ausschlüsse","8522.b0","8522.b0"
"DeQS_WI-NI-A_EJ-2025_QIDB-RR-P_V01_2024-02-23.pdf","OPS_WI_FU_Ausschluss","OPS","OPS-Ausschlüsse","8522.b1","8522.b1"
"DeQS_WI-NI-A_EJ-2025_QIDB-RR-P_V01_2024-02-23.pdf","OPS_WI_FU_Ausschluss","OPS","OPS-Ausschlüsse","8522.c0","8522.c0"
"DeQS_WI-NI-A_EJ-2025_QIDB-RR-P_V01_2024-02-23.pdf","OPS_WI_FU_Ausschluss","OPS","OPS-Ausschlüsse","8522.c1","8522.c1"
"DeQS_WI-NI-A_EJ-2025_QIDB-RR-P_V01_2024-02-23.pdf","OPS_WI_FU_Ausschluss","OPS","OPS-Ausschlüsse","8522.d0","8522.d0"
"DeQS_WI-NI-A_EJ-2025_QIDB-RR-P_V01_2024-02-23.pdf","OPS_WI_FU_Ausschluss","OPS","OPS-Ausschlüsse","8522.d1","8522.d1"
"DeQS_WI-NI-A_EJ-2025_QIDB-RR-P_V01_2024-02-23.pdf","OPS_WI_FU_Ausschluss","OPS","OPS-Ausschlüsse","8522.x","8522.x"
"DeQS_WI-NI-A_EJ-2025_QIDB-RR-P_V01_2024-02-23.pdf","OPS_WI_FU_Ausschluss","OPS","OPS-Ausschlüsse","8522.y","8522.y"
"DeQS_WI-NI-A_EJ-2025_QIDB-RR-P_V01_2024-02-23.pdf","OPS_WI_FU_Ausschluss","OPS","OPS-Ausschlüsse","8541.0","8541.0"
"DeQS_WI-NI-A_EJ-2025_QIDB-RR-P_V01_2024-02-23.pdf","OPS_WI_FU_Ausschluss","OPS","OPS-Ausschlüsse","8541.1","8541.1"
"DeQS_WI-NI-A_EJ-2025_QIDB-RR-P_V01_2024-02-23.pdf","OPS_WI_FU_Ausschluss","OPS","OPS-Ausschlüsse","8541.2","8541.2"
"DeQS_WI-NI-A_EJ-2025_QIDB-RR-P_V01_2024-02-23.pdf","OPS_WI_FU_Ausschluss","OPS","OPS-Ausschlüsse","8541.3","8541.3"
"DeQS_WI-NI-A_EJ-2025_QIDB-RR-P_V01_2024-02-23.pdf","OPS_WI_FU_Ausschluss","OPS","OPS-Ausschlüsse","8541.4","8541.4"
"DeQS_WI-NI-A_EJ-2025_QIDB-RR-P_V01_2024-02-23.pdf","OPS_WI_FU_Ausschluss","OPS","OPS-Ausschlüsse","8541.5","8541.5"
"DeQS_WI-NI-A_EJ-2025_QIDB-RR-P_V01_2024-02-23.pdf","OPS_WI_FU_Ausschluss","OPS","OPS-Ausschlüsse","8541.6","8541.6"
"DeQS_WI-NI-A_EJ-2025_QIDB-RR-P_V01_2024-02-23.pdf","OPS_WI_FU_Ausschluss","OPS","OPS-Ausschlüsse","8541.x","8541.x"
"DeQS_WI-NI-A_EJ-2025_QIDB-RR-P_V01_2024-02-23.pdf","OPS_WI_FU_Ausschluss","OPS","OPS-Ausschlüsse","8541.y","8541.y"
"DeQS_WI-NI-A_EJ-2025_QIDB-RR-P_V01_2024-02-23.pdf","OPS_WI_FU_Ausschluss","OPS","OPS-Ausschlüsse","8542.11","8542.11"
"DeQS_WI-NI-A_EJ-2025_QIDB-RR-P_V01_2024-02-23.pdf","OPS_WI_FU_Ausschluss","OPS","OPS-Ausschlüsse","8542.12","8542.12"
"DeQS_WI-NI-A_EJ-2025_QIDB-RR-P_V01_2024-02-23.pdf","OPS_WI_FU_Ausschluss","OPS","OPS-Ausschlüsse","8542.13","8542.13"
"DeQS_WI-NI-A_EJ-2025_QIDB-RR-P_V01_2024-02-23.pdf","OPS_WI_FU_Ausschluss","OPS","OPS-Ausschlüsse","8542.14","8542.14"
"DeQS_WI-NI-A_EJ-2025_QIDB-RR-P_V01_2024-02-23.pdf","OPS_WI_FU_Ausschluss","OPS","OPS-Ausschlüsse","8542.21","8542.21"
"DeQS_WI-NI-A_EJ-2025_QIDB-RR-P_V01_2024-02-23.pdf","OPS_WI_FU_Ausschluss","OPS","OPS-Ausschlüsse","8542.22","8542.22"
"DeQS_WI-NI-A_EJ-2025_QIDB-RR-P_V01_2024-02-23.pdf","OPS_WI_FU_Ausschluss","OPS","OPS-Ausschlüsse","8542.23","8542.23"
"DeQS_WI-NI-A_EJ-2025_QIDB-RR-P_V01_2024-02-23.pdf","OPS_WI_FU_Ausschluss","OPS","OPS-Ausschlüsse","8542.24","8542.24"
"DeQS_WI-NI-A_EJ-2025_QIDB-RR-P_V01_2024-02-23.pdf","OPS_WI_FU_Ausschluss","OPS","OPS-Ausschlüsse","8542.31","8542.31"
"DeQS_WI-NI-A_EJ-2025_QIDB-RR-P_V01_2024-02-23.pdf","OPS_WI_FU_Ausschluss","OPS","OPS-Ausschlüsse","8542.32","8542.32"
"DeQS_WI-NI-A_EJ-2025_QIDB-RR-P_V01_2024-02-23.pdf","OPS_WI_FU_Ausschluss","OPS","OPS-Ausschlüsse","8542.33","8542.33"
"DeQS_WI-NI-A_EJ-2025_QIDB-RR-P_V01_2024-02-23.pdf","OPS_WI_FU_Ausschluss","OPS","OPS-Ausschlüsse","8542.34","8542.34"
"DeQS_WI-NI-A_EJ-2025_QIDB-RR-P_V01_2024-02-23.pdf","OPS_WI_FU_Ausschluss","OPS","OPS-Ausschlüsse","8542.41","8542.41"
"DeQS_WI-NI-A_EJ-2025_QIDB-RR-P_V01_2024-02-23.pdf","OPS_WI_FU_Ausschluss","OPS","OPS-Ausschlüsse","8542.42","8542.42"
"DeQS_WI-NI-A_EJ-2025_QIDB-RR-P_V01_2024-02-23.pdf","OPS_WI_FU_Ausschluss","OPS","OPS-Ausschlüsse","8542.43","8542.43"
"DeQS_WI-NI-A_EJ-2025_QIDB-RR-P_V01_2024-02-23.pdf","OPS_WI_FU_Ausschluss","OPS","OPS-Ausschlüsse","8542.44","8542.44"
"DeQS_WI-NI-A_EJ-2025_QIDB-RR-P_V01_2024-02-23.pdf","OPS_WI_FU_Ausschluss","OPS","OPS-Ausschlüsse","8542.51","8542.51"
"DeQS_WI-NI-A_EJ-2025_QIDB-RR-P_V01_2024-02-23.pdf","OPS_WI_FU_Ausschluss","OPS","OPS-Ausschlüsse","8542.52","8542.52"
"DeQS_WI-NI-A_EJ-2025_QIDB-RR-P_V01_2024-02-23.pdf","OPS_WI_FU_Ausschluss","OPS","OPS-Ausschlüsse","8542.53","8542.53"
"DeQS_WI-NI-A_EJ-2025_QIDB-RR-P_V01_2024-02-23.pdf","OPS_WI_FU_Ausschluss","OPS","OPS-Ausschlüsse","8542.54","8542.54"
"DeQS_WI-NI-A_EJ-2025_QIDB-RR-P_V01_2024-02-23.pdf","OPS_WI_FU_Ausschluss","OPS","OPS-Ausschlüsse","8542.61","8542.61"
"DeQS_WI-NI-A_EJ-2025_QIDB-RR-P_V01_2024-02-23.pdf","OPS_WI_FU_Ausschluss","OPS","OPS-Ausschlüsse","8542.62","8542.62"
"DeQS_WI-NI-A_EJ-2025_QIDB-RR-P_V01_2024-02-23.pdf","OPS_WI_FU_Ausschluss","OPS","OPS-Ausschlüsse","8542.63","8542.63"
"DeQS_WI-NI-A_EJ-2025_QIDB-RR-P_V01_2024-02-23.pdf","OPS_WI_FU_Ausschluss","OPS","OPS-Ausschlüsse","8542.64","8542.64"
"DeQS_WI-NI-A_EJ-2025_QIDB-RR-P_V01_2024-02-23.pdf","OPS_WI_FU_Ausschluss","OPS","OPS-Ausschlüsse","8542.71","8542.71"
"DeQS_WI-NI-A_EJ-2025_QIDB-RR-P_V01_2024-02-23.pdf","OPS_WI_FU_Ausschluss","OPS","OPS-Ausschlüsse","8542.72","8542.72"
"DeQS_WI-NI-A_EJ-2025_QIDB-RR-P_V01_2024-02-23.pdf","OPS_WI_FU_Ausschluss","OPS","OPS-Ausschlüsse","8542.73","8542.73"
"DeQS_WI-NI-A_EJ-2025_QIDB-RR-P_V01_2024-02-23.pdf","OPS_WI_FU_Ausschluss","OPS","OPS-Ausschlüsse","8542.74","8542.74"
"DeQS_WI-NI-A_EJ-2025_QIDB-RR-P_V01_2024-02-23.pdf","OPS_WI_FU_Ausschluss","OPS","OPS-Ausschlüsse","8542.81","8542.81"
"DeQS_WI-NI-A_EJ-2025_QIDB-RR-P_V01_2024-02-23.pdf","OPS_WI_FU_Ausschluss","OPS","OPS-Ausschlüsse","8542.82","8542.82"
"DeQS_WI-NI-A_EJ-2025_QIDB-RR-P_V01_2024-02-23.pdf","OPS_WI_FU_Ausschluss","OPS","OPS-Ausschlüsse","8542.83","8542.83"
"DeQS_WI-NI-A_EJ-2025_QIDB-RR-P_V01_2024-02-23.pdf","OPS_WI_FU_Ausschluss","OPS","OPS-Ausschlüsse","8542.84","8542.84"
"DeQS_WI-NI-A_EJ-2025_QIDB-RR-P_V01_2024-02-23.pdf","OPS_WI_FU_Ausschluss","OPS","OPS-Ausschlüsse","8542.91","8542.91"
"DeQS_WI-NI-A_EJ-2025_QIDB-RR-P_V01_2024-02-23.pdf","OPS_WI_FU_Ausschluss","OPS","OPS-Ausschlüsse","8542.92","8542.92"
"DeQS_WI-NI-A_EJ-2025_QIDB-RR-P_V01_2024-02-23.pdf","OPS_WI_FU_Ausschluss","OPS","OPS-Ausschlüsse","8542.93","8542.93"
"DeQS_WI-NI-A_EJ-2025_QIDB-RR-P_V01_2024-02-23.pdf","OPS_WI_FU_Ausschluss","OPS","OPS-Ausschlüsse","8542.94","8542.94"
"DeQS_WI-NI-A_EJ-2025_QIDB-RR-P_V01_2024-02-23.pdf","OPS_WI_FU_Ausschluss","OPS","OPS-Ausschlüsse","8543.11","8543.11"
"DeQS_WI-NI-A_EJ-2025_QIDB-RR-P_V01_2024-02-23.pdf","OPS_WI_FU_Ausschluss","OPS","OPS-Ausschlüsse","8543.12","8543.12"
"DeQS_WI-NI-A_EJ-2025_QIDB-RR-P_V01_2024-02-23.pdf","OPS_WI_FU_Ausschluss","OPS","OPS-Ausschlüsse","8543.13","8543.13"
"DeQS_WI-NI-A_EJ-2025_QIDB-RR-P_V01_2024-02-23.pdf","OPS_WI_FU_Ausschluss","OPS","OPS-Ausschlüsse","8543.14","8543.14"
"DeQS_WI-NI-A_EJ-2025_QIDB-RR-P_V01_2024-02-23.pdf","OPS_WI_FU_Ausschluss","OPS","OPS-Ausschlüsse","8543.15","8543.15"
"DeQS_WI-NI-A_EJ-2025_QIDB-RR-P_V01_2024-02-23.pdf","OPS_WI_FU_Ausschluss","OPS","OPS-Ausschlüsse","8543.16","8543.16"
"DeQS_WI-NI-A_EJ-2025_QIDB-RR-P_V01_2024-02-23.pdf","OPS_WI_FU_Ausschluss","OPS","OPS-Ausschlüsse","8543.17","8543.17"
"DeQS_WI-NI-A_EJ-2025_QIDB-RR-P_V01_2024-02-23.pdf","OPS_WI_FU_Ausschluss","OPS","OPS-Ausschlüsse","8543.21","8543.21"
"DeQS_WI-NI-A_EJ-2025_QIDB-RR-P_V01_2024-02-23.pdf","OPS_WI_FU_Ausschluss","OPS","OPS-Ausschlüsse","8543.22","8543.22"
"DeQS_WI-NI-A_EJ-2025_QIDB-RR-P_V01_2024-02-23.pdf","OPS_WI_FU_Ausschluss","OPS","OPS-Ausschlüsse","8543.23","8543.23"
"DeQS_WI-NI-A_EJ-2025_QIDB-RR-P_V01_2024-02-23.pdf","OPS_WI_FU_Ausschluss","OPS","OPS-Ausschlüsse","8543.24","8543.24"
"DeQS_WI-NI-A_EJ-2025_QIDB-RR-P_V01_2024-02-23.pdf","OPS_WI_FU_Ausschluss","OPS","OPS-Ausschlüsse","8543.25","8543.25"
"DeQS_WI-NI-A_EJ-2025_QIDB-RR-P_V01_2024-02-23.pdf","OPS_WI_FU_Ausschluss","OPS","OPS-Ausschlüsse","8543.26","8543.26"
"DeQS_WI-NI-A_EJ-2025_QIDB-RR-P_V01_2024-02-23.pdf","OPS_WI_FU_Ausschluss","OPS","OPS-Ausschlüsse","8543.27","8543.27"
"DeQS_WI-NI-A_EJ-2025_QIDB-RR-P_V01_2024-02-23.pdf","OPS_WI_FU_Ausschluss","OPS","OPS-Ausschlüsse","8543.31","8543.31"
"DeQS_WI-NI-A_EJ-2025_QIDB-RR-P_V01_2024-02-23.pdf","OPS_WI_FU_Ausschluss","OPS","OPS-Ausschlüsse","8543.32","8543.32"
"DeQS_WI-NI-A_EJ-2025_QIDB-RR-P_V01_2024-02-23.pdf","OPS_WI_FU_Ausschluss","OPS","OPS-Ausschlüsse","8543.33","8543.33"
"DeQS_WI-NI-A_EJ-2025_QIDB-RR-P_V01_2024-02-23.pdf","OPS_WI_FU_Ausschluss","OPS","OPS-Ausschlüsse","8543.34","8543.34"
"DeQS_WI-NI-A_EJ-2025_QIDB-RR-P_V01_2024-02-23.pdf","OPS_WI_FU_Ausschluss","OPS","OPS-Ausschlüsse","8543.35","8543.35"
"DeQS_WI-NI-A_EJ-2025_QIDB-RR-P_V01_2024-02-23.pdf","OPS_WI_FU_Ausschluss","OPS","OPS-Ausschlüsse","8543.36","8543.36"
"DeQS_WI-NI-A_EJ-2025_QIDB-RR-P_V01_2024-02-23.pdf","OPS_WI_FU_Ausschluss","OPS","OPS-Ausschlüsse","8543.37","8543.37"
"DeQS_WI-NI-A_EJ-2025_QIDB-RR-P_V01_2024-02-23.pdf","OPS_WI_FU_Ausschluss","OPS","OPS-Ausschlüsse","8543.41","8543.41"
"DeQS_WI-NI-A_EJ-2025_QIDB-RR-P_V01_2024-02-23.pdf","OPS_WI_FU_Ausschluss","OPS","OPS-Ausschlüsse","8543.42","8543.42"
"DeQS_WI-NI-A_EJ-2025_QIDB-RR-P_V01_2024-02-23.pdf","OPS_WI_FU_Ausschluss","OPS","OPS-Ausschlüsse","8543.43","8543.43"
"DeQS_WI-NI-A_EJ-2025_QIDB-RR-P_V01_2024-02-23.pdf","OPS_WI_FU_Ausschluss","OPS","OPS-Ausschlüsse","8543.44","8543.44"
"DeQS_WI-NI-A_EJ-2025_QIDB-RR-P_V01_2024-02-23.pdf","OPS_WI_FU_Ausschluss","OPS","OPS-Ausschlüsse","8543.45","8543.45"
"DeQS_WI-NI-A_EJ-2025_QIDB-RR-P_V01_2024-02-23.pdf","OPS_WI_FU_Ausschluss","OPS","OPS-Ausschlüsse","8543.46","8543.46"
"DeQS_WI-NI-A_EJ-2025_QIDB-RR-P_V01_2024-02-23.pdf","OPS_WI_FU_Ausschluss","OPS","OPS-Ausschlüsse","8543.47","8543.47"
"DeQS_WI-NI-A_EJ-2025_QIDB-RR-P_V01_2024-02-23.pdf","OPS_WI_FU_Ausschluss","OPS","OPS-Ausschlüsse","8543.51","8543.51"
"DeQS_WI-NI-A_EJ-2025_QIDB-RR-P_V01_2024-02-23.pdf","OPS_WI_FU_Ausschluss","OPS","OPS-Ausschlüsse","8543.52","8543.52"
"DeQS_WI-NI-A_EJ-2025_QIDB-RR-P_V01_2024-02-23.pdf","OPS_WI_FU_Ausschluss","OPS","OPS-Ausschlüsse","8543.53","8543.53"
"DeQS_WI-NI-A_EJ-2025_QIDB-RR-P_V01_2024-02-23.pdf","OPS_WI_FU_Ausschluss","OPS","OPS-Ausschlüsse","8543.54","8543.54"
"DeQS_WI-NI-A_EJ-2025_QIDB-RR-P_V01_2024-02-23.pdf","OPS_WI_FU_Ausschluss","OPS","OPS-Ausschlüsse","8543.55","8543.55"
"DeQS_WI-NI-A_EJ-2025_QIDB-RR-P_V01_2024-02-23.pdf","OPS_WI_FU_Ausschluss","OPS","OPS-Ausschlüsse","8543.56","8543.56"
"DeQS_WI-NI-A_EJ-2025_QIDB-RR-P_V01_2024-02-23.pdf","OPS_WI_FU_Ausschluss","OPS","OPS-Ausschlüsse","8543.57","8543.57"
"DeQS_WI-NI-A_EJ-2025_QIDB-RR-P_V01_2024-02-23.pdf","OPS_WI_FU_Ausschluss","OPS","OPS-Ausschlüsse","8543.61","8543.61"
"DeQS_WI-NI-A_EJ-2025_QIDB-RR-P_V01_2024-02-23.pdf","OPS_WI_FU_Ausschluss","OPS","OPS-Ausschlüsse","8543.62","8543.62"
"DeQS_WI-NI-A_EJ-2025_QIDB-RR-P_V01_2024-02-23.pdf","OPS_WI_FU_Ausschluss","OPS","OPS-Ausschlüsse","8543.63","8543.63"
"DeQS_WI-NI-A_EJ-2025_QIDB-RR-P_V01_2024-02-23.pdf","OPS_WI_FU_Ausschluss","OPS","OPS-Ausschlüsse","8543.64","8543.64"
"DeQS_WI-NI-A_EJ-2025_QIDB-RR-P_V01_2024-02-23.pdf","OPS_WI_FU_Ausschluss","OPS","OPS-Ausschlüsse","8543.65","8543.65"
"DeQS_WI-NI-A_EJ-2025_QIDB-RR-P_V01_2024-02-23.pdf","OPS_WI_FU_Ausschluss","OPS","OPS-Ausschlüsse","8543.66","8543.66"
"DeQS_WI-NI-A_EJ-2025_QIDB-RR-P_V01_2024-02-23.pdf","OPS_WI_FU_Ausschluss","OPS","OPS-Ausschlüsse","8543.67","8543.67"
"DeQS_WI-NI-A_EJ-2025_QIDB-RR-P_V01_2024-02-23.pdf","OPS_WI_FU_Ausschluss","OPS","OPS-Ausschlüsse","8543.71","8543.71"
"DeQS_WI-NI-A_EJ-2025_QIDB-RR-P_V01_2024-02-23.pdf","OPS_WI_FU_Ausschluss","OPS","OPS-Ausschlüsse","8543.72","8543.72"
"DeQS_WI-NI-A_EJ-2025_QIDB-RR-P_V01_2024-02-23.pdf","OPS_WI_FU_Ausschluss","OPS","OPS-Ausschlüsse","8543.73","8543.73"
"DeQS_WI-NI-A_EJ-2025_QIDB-RR-P_V01_2024-02-23.pdf","OPS_WI_FU_Ausschluss","OPS","OPS-Ausschlüsse","8543.74","8543.74"
"DeQS_WI-NI-A_EJ-2025_QIDB-RR-P_V01_2024-02-23.pdf","OPS_WI_FU_Ausschluss","OPS","OPS-Ausschlüsse","8543.75","8543.75"
"DeQS_WI-NI-A_EJ-2025_QIDB-RR-P_V01_2024-02-23.pdf","OPS_WI_FU_Ausschluss","OPS","OPS-Ausschlüsse","8543.76","8543.76"
"DeQS_WI-NI-A_EJ-2025_QIDB-RR-P_V01_2024-02-23.pdf","OPS_WI_FU_Ausschluss","OPS","OPS-Ausschlüsse","8543.77","8543.77"
"DeQS_WI-NI-A_EJ-2025_QIDB-RR-P_V01_2024-02-23.pdf","OPS_WI_FU_Ausschluss","OPS","OPS-Ausschlüsse","8543.81","8543.81"
"DeQS_WI-NI-A_EJ-2025_QIDB-RR-P_V01_2024-02-23.pdf","OPS_WI_FU_Ausschluss","OPS","OPS-Ausschlüsse","8543.82","8543.82"
"DeQS_WI-NI-A_EJ-2025_QIDB-RR-P_V01_2024-02-23.pdf","OPS_WI_FU_Ausschluss","OPS","OPS-Ausschlüsse","8543.83","8543.83"
"DeQS_WI-NI-A_EJ-2025_QIDB-RR-P_V01_2024-02-23.pdf","OPS_WI_FU_Ausschluss","OPS","OPS-Ausschlüsse","8543.84","8543.84"
"DeQS_WI-NI-A_EJ-2025_QIDB-RR-P_V01_2024-02-23.pdf","OPS_WI_FU_Ausschluss","OPS","OPS-Ausschlüsse","8543.85","8543.85"
"DeQS_WI-NI-A_EJ-2025_QIDB-RR-P_V01_2024-02-23.pdf","OPS_WI_FU_Ausschluss","OPS","OPS-Ausschlüsse","8543.86","8543.86"
"DeQS_WI-NI-A_EJ-2025_QIDB-RR-P_V01_2024-02-23.pdf","OPS_WI_FU_Ausschluss","OPS","OPS-Ausschlüsse","8543.87","8543.87"
"DeQS_WI-NI-A_EJ-2025_QIDB-RR-P_V01_2024-02-23.pdf","OPS_WI_FU_Ausschluss","OPS","OPS-Ausschlüsse","8543.91","8543.91"
"DeQS_WI-NI-A_EJ-2025_QIDB-RR-P_V01_2024-02-23.pdf","OPS_WI_FU_Ausschluss","OPS","OPS-Ausschlüsse","8543.92","8543.92"
"DeQS_WI-NI-A_EJ-2025_QIDB-RR-P_V01_2024-02-23.pdf","OPS_WI_FU_Ausschluss","OPS","OPS-Ausschlüsse","8543.93","8543.93"
"DeQS_WI-NI-A_EJ-2025_QIDB-RR-P_V01_2024-02-23.pdf","OPS_WI_FU_Ausschluss","OPS","OPS-Ausschlüsse","8543.94","8543.94"
"DeQS_WI-NI-A_EJ-2025_QIDB-RR-P_V01_2024-02-23.pdf","OPS_WI_FU_Ausschluss","OPS","OPS-Ausschlüsse","8543.95","8543.95"
"DeQS_WI-NI-A_EJ-2025_QIDB-RR-P_V01_2024-02-23.pdf","OPS_WI_FU_Ausschluss","OPS","OPS-Ausschlüsse","8543.96","8543.96"
"DeQS_WI-NI-A_EJ-2025_QIDB-RR-P_V01_2024-02-23.pdf","OPS_WI_FU_Ausschluss","OPS","OPS-Ausschlüsse","8543.97","8543.97"
"DeQS_WI-NI-A_EJ-2025_QIDB-RR-P_V01_2024-02-23.pdf","OPS_WI_FU_Ausschluss","OPS","OPS-Ausschlüsse","8544.0","8544.0"
"DeQS_WI-NI-A_EJ-2025_QIDB-RR-P_V01_2024-02-23.pdf","OPS_WI_FU_Ausschluss","OPS","OPS-Ausschlüsse","8544.1","8544.1"
"DeQS_WI-NI-A_EJ-2025_QIDB-RR-P_V01_2024-02-23.pdf","OPS_WI_FU_Ausschluss","OPS","OPS-Ausschlüsse","8546.0","8546.0"
"DeQS_WI-NI-A_EJ-2025_QIDB-RR-P_V01_2024-02-23.pdf","OPS_WI_FU_Ausschluss","OPS","OPS-Ausschlüsse","8546.1","8546.1"
"DeQS_WI-NI-A_EJ-2025_QIDB-RR-P_V01_2024-02-23.pdf","OPS_WI_FU_Ausschluss","OPS","OPS-Ausschlüsse","8546.x","8546.x"
"DeQS_WI-NI-S_EJ-2025_QIDB-RR-P_V01_2024-02-23.pdf","ICD_WI_4MRGN","ICD","4MRGN-Kodierung","U81.50","U81.50"
"DeQS_WI-NI-S_EJ-2025_QIDB-RR-P_V01_2024-02-23.pdf","ICD_WI_4MRGN","ICD","4MRGN-Kodierung","U81.40","U81.40"
"DeQS_WI-NI-S_EJ-2025_QIDB-RR-P_V01_2024-02-23.pdf","ICD_WI_4MRGN","ICD","4MRGN-Kodierung","U81.41","U81.41"
"DeQS_WI-NI-S_EJ-2025_QIDB-RR-P_V01_2024-02-23.pdf","ICD_WI_4MRGN","ICD","4MRGN-Kodierung","U81.44","U81.44"
"DeQS_WI-NI-S_EJ-2025_QIDB-RR-P_V01_2024-02-23.pdf","ICD_WI_4MRGN","ICD","4MRGN-Kodierung","U81.48","U81.48"
"DeQS_WI-NI-S_EJ-2025_QIDB-RR-P_V01_2024-02-23.pdf","ICD_WI_4MRGN","ICD","4MRGN-Kodierung","U81.51","U81.51"
"DeQS_WI-NI-S_EJ-2025_QIDB-RR-P_V01_2024-02-23.pdf","ICD_WI_4MRGN","ICD","4MRGN-Kodierung","U81.43","U81.43"
"DeQS_WI-NI-S_EJ-2025_QIDB-RR-P_V01_2024-02-23.pdf","ICD_WI_4MRGN","ICD","4MRGN-Kodierung","U81.45","U81.45"
"DeQS_WI-NI-S_EJ-2025_QIDB-RR-P_V01_2024-02-23.pdf","ICD_WI_4MRGN","ICD","4MRGN-Kodierung","U81.42","U81.42"
"DeQS_WI-NI-S_EJ-2025_QIDB-RR-P_V01_2024-02-23.pdf","ICD_WI_4MRGN","ICD","4MRGN-Kodierung","U81.47","U81.47"
"DeQS_WI-NI-S_EJ-2025_QIDB-RR-P_V01_2024-02-23.pdf","ICD_WI_4MRGN","ICD","4MRGN-Kodierung","U81.46","U81.46"
"DeQS_WI-NI-S_EJ-2025_QIDB-RR-P_V01_2024-02-23.pdf","ICD_WI_FU_Ausschluss","ICD","ICD-Ausschlüsse","B20","B20"
"DeQS_WI-NI-S_EJ-2025_QIDB-RR-P_V01_2024-02-23.pdf","ICD_WI_FU_Ausschluss","ICD","ICD-Ausschlüsse","B21","B21"
"DeQS_WI-NI-S_EJ-2025_QIDB-RR-P_V01_2024-02-23.pdf","ICD_WI_FU_Ausschluss","ICD","ICD-Ausschlüsse","B22","B22"
"DeQS_WI-NI-S_EJ-2025_QIDB-RR-P_V01_2024-02-23.pdf","ICD_WI_FU_Ausschluss","ICD","ICD-Ausschlüsse","B23.0","B23.0"
"DeQS_WI-NI-S_EJ-2025_QIDB-RR-P_V01_2024-02-23.pdf","ICD_WI_FU_Ausschluss","ICD","ICD-Ausschlüsse","B23.8","B23.8"
"DeQS_WI-NI-S_EJ-2025_QIDB-RR-P_V01_2024-02-23.pdf","ICD_WI_FU_Ausschluss","ICD","ICD-Ausschlüsse","B24","B24"
"DeQS_WI-NI-S_EJ-2025_QIDB-RR-P_V01_2024-02-23.pdf","ICD_WI_FU_Ausschluss","ICD","ICD-Ausschlüsse","D80.0","D80.0"
"DeQS_WI-NI-S_EJ-2025_QIDB-RR-P_V01_2024-02-23.pdf","ICD_WI_FU_Ausschluss","ICD","ICD-Ausschlüsse","D80.1","D80.1"
"DeQS_WI-NI-S_EJ-2025_QIDB-RR-P_V01_2024-02-23.pdf","ICD_WI_FU_Ausschluss","ICD","ICD-Ausschlüsse","D80.2","D80.2"
"DeQS_WI-NI-S_EJ-2025_QIDB-RR-P_V01_2024-02-23.pdf","ICD_WI_FU_Ausschluss","ICD","ICD-Ausschlüsse","D80.3","D80.3"
"DeQS_WI-NI-S_EJ-2025_QIDB-RR-P_V01_2024-02-23.pdf","ICD_WI_FU_Ausschluss","ICD","ICD-Ausschlüsse","D80.4","D80.4"
"DeQS_WI-NI-S_EJ-2025_QIDB-RR-P_V01_2024-02-23.pdf","ICD_WI_FU_Ausschluss","ICD","ICD-Ausschlüsse","D80.5","D80.5"
"DeQS_WI-NI-S_EJ-2025_QIDB-RR-P_V01_2024-02-23.pdf","ICD_WI_FU_Ausschluss","ICD","ICD-Ausschlüsse","D80.6","D80.6"
"DeQS_WI-NI-S_EJ-2025_QIDB-RR-P_V01_2024-02-23.pdf","ICD_WI_FU_Ausschluss","ICD","ICD-Ausschlüsse","D80.7","D80.7"
"DeQS_WI-NI-S_EJ-2025_QIDB-RR-P_V01_2024-02-23.pdf","ICD_WI_FU_Ausschluss","ICD","ICD-Ausschlüsse","D80.8","D80.8"
"DeQS_WI-NI-S_EJ-2025_QIDB-RR-P_V01_2024-02-23.pdf","ICD_WI_FU_Ausschluss","ICD","ICD-Ausschlüsse","D80.9","D80.9"
"DeQS_WI-NI-S_EJ-2025_QIDB-RR-P_V01_2024-02-23.pdf","ICD_WI_FU_Ausschluss","ICD","ICD-Ausschlüsse","D81.0","D81.0"
"DeQS_WI-NI-S_EJ-2025_QIDB-RR-P_V01_2024-02-23.pdf","ICD_WI_FU_Ausschluss","ICD","ICD-Ausschlüsse","D81.1","D81.1"
"DeQS_WI-NI-S_EJ-2025_QIDB-RR-P_V01_2024-02-23.pdf","ICD_WI_FU_Ausschluss","ICD","ICD-Ausschlüsse","D81.2","D81.2"
"DeQS_WI-NI-S_EJ-2025_QIDB-RR-P_V01_2024-02-23.pdf","ICD_WI_FU_Ausschluss","ICD","ICD-Ausschlüsse","D81.3","D81.3"
"DeQS_WI-NI-S_EJ-2025_QIDB-RR-P_V01_2024-02-23.pdf","ICD_WI_FU_Ausschluss","ICD","ICD-Ausschlüsse","D81.4","D81.4"
"DeQS_WI-NI-S_EJ-2025_QIDB-RR-P_V01_2024-02-23.pdf","ICD_WI_FU_Ausschluss","ICD","ICD-Ausschlüsse","D81.5","D81.5"
"DeQS_WI-NI-S_EJ-2025_QIDB-RR-P_V01_2024-02-23.pdf","ICD_WI_FU_Ausschluss","ICD","ICD-Ausschlüsse","D81.6","D81.6"
"DeQS_WI-NI-S_EJ-2025_QIDB-RR-P_V01_2024-02-23.pdf","ICD_WI_FU_Ausschluss","ICD","ICD-Ausschlüsse","D81.7","D81.7"
"DeQS_WI-NI-S_EJ-2025_QIDB-RR-P_V01_2024-02-23.pdf","ICD_WI_FU_Ausschluss","ICD","ICD-Ausschlüsse","D81.8","D81.8"
"DeQS_WI-NI-S_EJ-2025_QIDB-RR-P_V01_2024-02-23.pdf","ICD_WI_FU_Ausschluss","ICD","ICD-Ausschlüsse","D81.9","D81.9"
"DeQS_WI-NI-S_EJ-2025_QIDB-RR-P_V01_2024-02-23.pdf","ICD_WI_FU_Ausschluss","ICD","ICD-Ausschlüsse","D82.0","D82.0"
"DeQS_WI-NI-S_EJ-2025_QIDB-RR-P_V01_2024-02-23.pdf","ICD_WI_FU_Ausschluss","ICD","ICD-Ausschlüsse","D82.1","D82.1"
"DeQS_WI-NI-S_EJ-2025_QIDB-RR-P_V01_2024-02-23.pdf","ICD_WI_FU_Ausschluss","ICD","ICD-Ausschlüsse","D82.2","D82.2"
"DeQS_WI-NI-S_EJ-2025_QIDB-RR-P_V01_2024-02-23.pdf","ICD_WI_FU_Ausschluss","ICD","ICD-Ausschlüsse","D82.3","D82.3"
"DeQS_WI-NI-S_EJ-2025_QIDB-RR-P_V01_2024-02-23.pdf","ICD_WI_FU_Ausschluss","ICD","ICD-Ausschlüsse","D82.4","D82.4"
"DeQS_WI-NI-S_EJ-2025_QIDB-RR-P_V01_2024-02-23.pdf","ICD_WI_FU_Ausschluss","ICD","ICD-Ausschlüsse","D82.8","D82.8"
"DeQS_WI-NI-S_EJ-2025_QIDB-RR-P_V01_2024-02-23.pdf","ICD_WI_FU_Ausschluss","ICD","ICD-Ausschlüsse","D82.9","D82.9"
"DeQS_WI-NI-S_EJ-2025_QIDB-RR-P_V01_2024-02-23.pdf","ICD_WI_FU_Ausschluss","ICD","ICD-Ausschlüsse","D83.0","D83.0"
"DeQS_WI-NI-S_EJ-2025_QIDB-RR-P_V01_2024-02-23.pdf","ICD_WI_FU_Ausschluss","ICD","ICD-Ausschlüsse","D83.1","D83.1"
"DeQS_WI-NI-S_EJ-2025_QIDB-RR-P_V01_2024-02-23.pdf","ICD_WI_FU_Ausschluss","ICD","ICD-Ausschlüsse","D83.2","D83.2"
"DeQS_WI-NI-S_EJ-2025_QIDB-RR-P_V01_2024-02-23.pdf","ICD_WI_FU_Ausschluss","ICD","ICD-Ausschlüsse","D83.8","D83.8"
"DeQS_WI-NI-S_EJ-2025_QIDB-RR-P_V01_2024-02-23.pdf","ICD_WI_FU_Ausschluss","ICD","ICD-Ausschlüsse","D83.9","D83.9"
"DeQS_WI-NI-S_EJ-2025_QIDB-RR-P_V01_2024-02-23.pdf","ICD_WI_FU_Ausschluss","ICD","ICD-Ausschlüsse","D84.0","D84.0"
"DeQS_WI-NI-S_EJ-2025_QIDB-RR-P_V01_2024-02-23.pdf","ICD_WI_FU_Ausschluss","ICD","ICD-Ausschlüsse","D84.1","D84.1"
"DeQS_WI-NI-S_EJ-2025_QIDB-RR-P_V01_2024-02-23.pdf","ICD_WI_FU_Ausschluss","ICD","ICD-Ausschlüsse","D84.8","D84.8"
"DeQS_WI-NI-S_EJ-2025_QIDB-RR-P_V01_2024-02-23.pdf","ICD_WI_FU_Ausschluss","ICD","ICD-Ausschlüsse","D84.9","D84.9"
"DeQS_WI-NI-S_EJ-2025_QIDB-RR-P_V01_2024-02-23.pdf","ICD_WI_FU_Ausschluss","ICD","ICD-Ausschlüsse","D89.0","D89.0"
"DeQS_WI-NI-S_EJ-2025_QIDB-RR-P_V01_2024-02-23.pdf","ICD_WI_FU_Ausschluss","ICD","ICD-Ausschlüsse","D89.1","D89.1"
"DeQS_WI-NI-S_EJ-2025_QIDB-RR-P_V01_2024-02-23.pdf","ICD_WI_FU_Ausschluss","ICD","ICD-Ausschlüsse","D89.2","D89.2"
"DeQS_WI-NI-S_EJ-2025_QIDB-RR-P_V01_2024-02-23.pdf","ICD_WI_FU_Ausschluss","ICD","ICD-Ausschlüsse","D89.3","D89.3"
"DeQS_WI-NI-S_EJ-2025_QIDB-RR-P_V01_2024-02-23.pdf","ICD_WI_FU_Ausschluss","ICD","ICD-Ausschlüsse","D89.8","D89.8"
"DeQS_WI-NI-S_EJ-2025_QIDB-RR-P_V01_2024-02-23.pdf","ICD_WI_FU_Ausschluss","ICD","ICD-Ausschlüsse","D89.9","D89.9"
"DeQS_WI-NI-S_EJ-2025_QIDB-RR-P_V01_2024-02-23.pdf","ICD_WI_FU_Ausschluss","ICD","ICD-Ausschlüsse","N18.5","N18.5"
"DeQS_WI-NI-S_EJ-2025_QIDB-RR-P_V01_2024-02-23.pdf","ICD_WI_FU_Ausschluss","ICD","ICD-Ausschlüsse","T21.20","T21.20"
"DeQS_WI-NI-S_EJ-2025_QIDB-RR-P_V01_2024-02-23.pdf","ICD_WI_FU_Ausschluss","ICD","ICD-Ausschlüsse","T21.21","T21.21"
"DeQS_WI-NI-S_EJ-2025_QIDB-RR-P_V01_2024-02-23.pdf","ICD_WI_FU_Ausschluss","ICD","ICD-Ausschlüsse","T21.22","T21.22"
"DeQS_WI-NI-S_EJ-2025_QIDB-RR-P_V01_2024-02-23.pdf","ICD_WI_FU_Ausschluss","ICD","ICD-Ausschlüsse","T21.23","T21.23"
"DeQS_WI-NI-S_EJ-2025_QIDB-RR-P_V01_2024-02-23.pdf","ICD_WI_FU_Ausschluss","ICD","ICD-Ausschlüsse","T21.24","T21.24"
"DeQS_WI-NI-S_EJ-2025_QIDB-RR-P_V01_2024-02-23.pdf","ICD_WI_FU_Ausschluss","ICD","ICD-Ausschlüsse","T21.25","T21.25"
"DeQS_WI-NI-S_EJ-2025_QIDB-RR-P_V01_2024-02-23.pdf","ICD_WI_FU_Ausschluss","ICD","ICD-Ausschlüsse","T21.29","T21.29"
"DeQS_WI-NI-S_EJ-2025_QIDB-RR-P_V01_2024-02-23.pdf","ICD_WI_FU_Ausschluss","ICD","ICD-Ausschlüsse","T21.30","T21.30"
"DeQS_WI-NI-S_EJ-2025_QIDB-RR-P_V01_2024-02-23.pdf","ICD_WI_FU_Ausschluss","ICD","ICD-Ausschlüsse","T21.31","T21.31"
"DeQS_WI-NI-S_EJ-2025_QIDB-RR-P_V01_2024-02-23.pdf","ICD_WI_FU_Ausschluss","ICD","ICD-Ausschlüsse","T21.32","T21.32"
"DeQS_WI-NI-S_EJ-2025_QIDB-RR-P_V01_2024-02-23.pdf","ICD_WI_FU_Ausschluss","ICD","ICD-Ausschlüsse","T21.33","T21.33"
"DeQS_WI-NI-S_EJ-2025_QIDB-RR-P_V01_2024-02-23.pdf","ICD_WI_FU_Ausschluss","ICD","ICD-Ausschlüsse","T21.34","T21.34"
"DeQS_WI-NI-S_EJ-2025_QIDB-RR-P_V01_2024-02-23.pdf","ICD_WI_FU_Ausschluss","ICD","ICD-Ausschlüsse","T21.35","T21.35"
"DeQS_WI-NI-S_EJ-2025_QIDB-RR-P_V01_2024-02-23.pdf","ICD_WI_FU_Ausschluss","ICD","ICD-Ausschlüsse","T21.39","T21.39"
"DeQS_WI-NI-S_EJ-2025_QIDB-RR-P_V01_2024-02-23.pdf","ICD_WI_FU_Ausschluss","ICD","ICD-Ausschlüsse","T21.60","T21.60"
"DeQS_WI-NI-S_EJ-2025_QIDB-RR-P_V01_2024-02-23.pdf","ICD_WI_FU_Ausschluss","ICD","ICD-Ausschlüsse","T21.61","T21.61"
"DeQS_WI-NI-S_EJ-2025_QIDB-RR-P_V01_2024-02-23.pdf","ICD_WI_FU_Ausschluss","ICD","ICD-Ausschlüsse","T21.62","T21.62"
"DeQS_WI-NI-S_EJ-2025_QIDB-RR-P_V01_2024-02-23.pdf","ICD_WI_FU_Ausschluss","ICD","ICD-Ausschlüsse","T21.63","T21.63"
"DeQS_WI-NI-S_EJ-2025_QIDB-RR-P_V01_2024-02-23.pdf","ICD_WI_FU_Ausschluss","ICD","ICD-Ausschlüsse","T21.64","T21.64"
"DeQS_WI-NI-S_EJ-2025_QIDB-RR-P_V01_2024-02-23.pdf","ICD_WI_FU_Ausschluss","ICD","ICD-Ausschlüsse","T21.65","T21.65"
"DeQS_WI-NI-S_EJ-2025_QIDB-RR-P_V01_2024-02-23.pdf","ICD_WI_FU_Ausschluss","ICD","ICD-Ausschlüsse","T21.69","T21.69"
"DeQS_WI-NI-S_EJ-2025_QIDB-RR-P_V01_2024-02-23.pdf","ICD_WI_FU_Ausschluss","ICD","ICD-Ausschlüsse","T21.70","T21.70"
"DeQS_WI-NI-S_EJ-2025_QIDB-RR-P_V01_2024-02-23.pdf","ICD_WI_FU_Ausschluss","ICD","ICD-Ausschlüsse","T21.71","T21.71"
"DeQS_WI-NI-S_EJ-2025_QIDB-RR-P_V01_2024-02-23.pdf","ICD_WI_FU_Ausschluss","ICD","ICD-Ausschlüsse","T21.72","T21.72"
"DeQS_WI-NI-S_EJ-2025_QIDB-RR-P_V01_2024-02-23.pdf","ICD_WI_FU_Ausschluss","ICD","ICD-Ausschlüsse","T21.73","T21.73"
"DeQS_WI-NI-S_EJ-2025_QIDB-RR-P_V01_2024-02-23.pdf","ICD_WI_FU_Ausschluss","ICD","ICD-Ausschlüsse","T21.74","T21.74"
"DeQS_WI-NI-S_EJ-2025_QIDB-RR-P_V01_2024-02-23.pdf","ICD_WI_FU_Ausschluss","ICD","ICD-Ausschlüsse","T21.75","T21.75"
"DeQS_WI-NI-S_EJ-2025_QIDB-RR-P_V01_2024-02-23.pdf","ICD_WI_FU_Ausschluss","ICD","ICD-Ausschlüsse","T21.79","T21.79"
"DeQS_WI-NI-S_EJ-2025_QIDB-RR-P_V01_2024-02-23.pdf","ICD_WI_FU_Ausschluss","ICD","ICD-Ausschlüsse","T21.80","T21.80"
"DeQS_WI-NI-S_EJ-2025_QIDB-RR-P_V01_2024-02-23.pdf","ICD_WI_FU_Ausschluss","ICD","ICD-Ausschlüsse","T21.81","T21.81"
"DeQS_WI-NI-S_EJ-2025_QIDB-RR-P_V01_2024-02-23.pdf","ICD_WI_FU_Ausschluss","ICD","ICD-Ausschlüsse","T21.82","T21.82"
"DeQS_WI-NI-S_EJ-2025_QIDB-RR-P_V01_2024-02-23.pdf","ICD_WI_FU_Ausschluss","ICD","ICD-Ausschlüsse","T21.83","T21.83"
"DeQS_WI-NI-S_EJ-2025_QIDB-RR-P_V01_2024-02-23.pdf","ICD_WI_FU_Ausschluss","ICD","ICD-Ausschlüsse","T21.84","T21.84"
"DeQS_WI-NI-S_EJ-2025_QIDB-RR-P_V01_2024-02-23.pdf","ICD_WI_FU_Ausschluss","ICD","ICD-Ausschlüsse","T21.85","T21.85"
"DeQS_WI-NI-S_EJ-2025_QIDB-RR-P_V01_2024-02-23.pdf","ICD_WI_FU_Ausschluss","ICD","ICD-Ausschlüsse","T21.89","T21.89"
"DeQS_WI-NI-S_EJ-2025_QIDB-RR-P_V01_2024-02-23.pdf","ICD_WI_FU_Ausschluss","ICD","ICD-Ausschlüsse","T21.90","T21.90"
"DeQS_WI-NI-S_EJ-2025_QIDB-RR-P_V01_2024-02-23.pdf","ICD_WI_FU_Ausschluss","ICD","ICD-Ausschlüsse","T21.91","T21.91"
"DeQS_WI-NI-S_EJ-2025_QIDB-RR-P_V01_2024-02-23.pdf","ICD_WI_FU_Ausschluss","ICD","ICD-Ausschlüsse","T21.92","T21.92"
"DeQS_WI-NI-S_EJ-2025_QIDB-RR-P_V01_2024-02-23.pdf","ICD_WI_FU_Ausschluss","ICD","ICD-Ausschlüsse","T21.93","T21.93"
"DeQS_WI-NI-S_EJ-2025_QIDB-RR-P_V01_2024-02-23.pdf","ICD_WI_FU_Ausschluss","ICD","ICD-Ausschlüsse","T21.94","T21.94"
"DeQS_WI-NI-S_EJ-2025_QIDB-RR-P_V01_2024-02-23.pdf","ICD_WI_FU_Ausschluss","ICD","ICD-Ausschlüsse","T21.95","T21.95"
"DeQS_WI-NI-S_EJ-2025_QIDB-RR-P_V01_2024-02-23.pdf","ICD_WI_FU_Ausschluss","ICD","ICD-Ausschlüsse","T21.99","T21.99"
"DeQS_WI-NI-S_EJ-2025_QIDB-RR-P_V01_2024-02-23.pdf","ICD_WI_FU_Ausschluss","ICD","ICD-Ausschlüsse","T22.20","T22.20"
"DeQS_WI-NI-S_EJ-2025_QIDB-RR-P_V01_2024-02-23.pdf","ICD_WI_FU_Ausschluss","ICD","ICD-Ausschlüsse","T22.21","T22.21"
"DeQS_WI-NI-S_EJ-2025_QIDB-RR-P_V01_2024-02-23.pdf","ICD_WI_FU_Ausschluss","ICD","ICD-Ausschlüsse","T22.22","T22.22"
"DeQS_WI-NI-S_EJ-2025_QIDB-RR-P_V01_2024-02-23.pdf","ICD_WI_FU_Ausschluss","ICD","ICD-Ausschlüsse","T22.23","T22.23"
"DeQS_WI-NI-S_EJ-2025_QIDB-RR-P_V01_2024-02-23.pdf","ICD_WI_FU_Ausschluss","ICD","ICD-Ausschlüsse","T22.30","T22.30"
"DeQS_WI-NI-S_EJ-2025_QIDB-RR-P_V01_2024-02-23.pdf","ICD_WI_FU_Ausschluss","ICD","ICD-Ausschlüsse","T22.31","T22.31"
"DeQS_WI-NI-S_EJ-2025_QIDB-RR-P_V01_2024-02-23.pdf","ICD_WI_FU_Ausschluss","ICD","ICD-Ausschlüsse","T22.32","T22.32"
"DeQS_WI-NI-S_EJ-2025_QIDB-RR-P_V01_2024-02-23.pdf","ICD_WI_FU_Ausschluss","ICD","ICD-Ausschlüsse","T22.33","T22.33"
"DeQS_WI-NI-S_EJ-2025_QIDB-RR-P_V01_2024-02-23.pdf","ICD_WI_FU_Ausschluss","ICD","ICD-Ausschlüsse","T22.60","T22.60"
"DeQS_WI-NI-S_EJ-2025_QIDB-RR-P_V01_2024-02-23.pdf","ICD_WI_FU_Ausschluss","ICD","ICD-Ausschlüsse","T22.61","T22.61"
"DeQS_WI-NI-S_EJ-2025_QIDB-RR-P_V01_2024-02-23.pdf","ICD_WI_FU_Ausschluss","ICD","ICD-Ausschlüsse","T22.62","T22.62"
"DeQS_WI-NI-S_EJ-2025_QIDB-RR-P_V01_2024-02-23.pdf","ICD_WI_FU_Ausschluss","ICD","ICD-Ausschlüsse","T22.63","T22.63"
"DeQS_WI-NI-S_EJ-2025_QIDB-RR-P_V01_2024-02-23.pdf","ICD_WI_FU_Ausschluss","ICD","ICD-Ausschlüsse","T22.70","T22.70"
"DeQS_WI-NI-S_EJ-2025_QIDB-RR-P_V01_2024-02-23.pdf","ICD_WI_FU_Ausschluss","ICD","ICD-Ausschlüsse","T22.71","T22.71"
"DeQS_WI-NI-S_EJ-2025_QIDB-RR-P_V01_2024-02-23.pdf","ICD_WI_FU_Ausschluss","ICD","ICD-Ausschlüsse","T22.72","T22.72"
"DeQS_WI-NI-S_EJ-2025_QIDB-RR-P_V01_2024-02-23.pdf","ICD_WI_FU_Ausschluss","ICD","ICD-Ausschlüsse","T22.73","T22.73"
"DeQS_WI-NI-S_EJ-2025_QIDB-RR-P_V01_2024-02-23.pdf","ICD_WI_FU_Ausschluss","ICD","ICD-Ausschlüsse","T22.80","T22.80"
"DeQS_WI-NI-S_EJ-2025_QIDB-RR-P_V01_2024-02-23.pdf","ICD_WI_FU_Ausschluss","ICD","ICD-Ausschlüsse","T22.81","T22.81"
"DeQS_WI-NI-S_EJ-2025_QIDB-RR-P_V01_2024-02-23.pdf","ICD_WI_FU_Ausschluss","ICD","ICD-Ausschlüsse","T22.82","T22.82"
"DeQS_WI-NI-S_EJ-2025_QIDB-RR-P_V01_2024-02-23.pdf","ICD_WI_FU_Ausschluss","ICD","ICD-Ausschlüsse","T22.83","T22.83"
"DeQS_WI-NI-S_EJ-2025_QIDB-RR-P_V01_2024-02-23.pdf","ICD_WI_FU_Ausschluss","ICD","ICD-Ausschlüsse","T22.90","T22.90"
"DeQS_WI-NI-S_EJ-2025_QIDB-RR-P_V01_2024-02-23.pdf","ICD_WI_FU_Ausschluss","ICD","ICD-Ausschlüsse","T22.91","T22.91"
"DeQS_WI-NI-S_EJ-2025_QIDB-RR-P_V01_2024-02-23.pdf","ICD_WI_FU_Ausschluss","ICD","ICD-Ausschlüsse","T22.92","T22.92"
"DeQS_WI-NI-S_EJ-2025_QIDB-RR-P_V01_2024-02-23.pdf","ICD_WI_FU_Ausschluss","ICD","ICD-Ausschlüsse","T22.93","T22.93"
"DeQS_WI-NI-S_EJ-2025_QIDB-RR-P_V01_2024-02-23.pdf","ICD_WI_FU_Ausschluss","ICD","ICD-Ausschlüsse","T23.20","T23.20"
"DeQS_WI-NI-S_EJ-2025_QIDB-RR-P_V01_2024-02-23.pdf","ICD_WI_FU_Ausschluss","ICD","ICD-Ausschlüsse","T23.21","T23.21"
"DeQS_WI-NI-S_EJ-2025_QIDB-RR-P_V01_2024-02-23.pdf","ICD_WI_FU_Ausschluss","ICD","ICD-Ausschlüsse","T23.3","T23.3"
"DeQS_WI-NI-S_EJ-2025_QIDB-RR-P_V01_2024-02-23.pdf","ICD_WI_FU_Ausschluss","ICD","ICD-Ausschlüsse","T23.60","T23.60"
"DeQS_WI-NI-S_EJ-2025_QIDB-RR-P_V01_2024-02-23.pdf","ICD_WI_FU_Ausschluss","ICD","ICD-Ausschlüsse","T23.61","T23.61"
"DeQS_WI-NI-S_EJ-2025_QIDB-RR-P_V01_2024-02-23.pdf","ICD_WI_FU_Ausschluss","ICD","ICD-Ausschlüsse","T23.7","T23.7"
"DeQS_WI-NI-S_EJ-2025_QIDB-RR-P_V01_2024-02-23.pdf","ICD_WI_FU_Ausschluss","ICD","ICD-Ausschlüsse","T24.20","T24.20"
"DeQS_WI-NI-S_EJ-2025_QIDB-RR-P_V01_2024-02-23.pdf","ICD_WI_FU_Ausschluss","ICD","ICD-Ausschlüsse","T24.21","T24.21"
"DeQS_WI-NI-S_EJ-2025_QIDB-RR-P_V01_2024-02-23.pdf","ICD_WI_FU_Ausschluss","ICD","ICD-Ausschlüsse","T24.3","T24.3"
"DeQS_WI-NI-S_EJ-2025_QIDB-RR-P_V01_2024-02-23.pdf","ICD_WI_FU_Ausschluss","ICD","ICD-Ausschlüsse","T24.60","T24.60"
"DeQS_WI-NI-S_EJ-2025_QIDB-RR-P_V01_2024-02-23.pdf","ICD_WI_FU_Ausschluss","ICD","ICD-Ausschlüsse","T24.61","T24.61"
"DeQS_WI-NI-S_EJ-2025_QIDB-RR-P_V01_2024-02-23.pdf","ICD_WI_FU_Ausschluss","ICD","ICD-Ausschlüsse","T24.7","T24.7"
"DeQS_WI-NI-S_EJ-2025_QIDB-RR-P_V01_2024-02-23.pdf","ICD_WI_FU_Ausschluss","ICD","ICD-Ausschlüsse","T25.20","T25.20"
"DeQS_WI-NI-S_EJ-2025_QIDB-RR-P_V01_2024-02-23.pdf","ICD_WI_FU_Ausschluss","ICD","ICD-Ausschlüsse","T25.21","T25.21"
"DeQS_WI-NI-S_EJ-2025_QIDB-RR-P_V01_2024-02-23.pdf","ICD_WI_FU_Ausschluss","ICD","ICD-Ausschlüsse","T25.3","T25.3"
"DeQS_WI-NI-S_EJ-2025_QIDB-RR-P_V01_2024-02-23.pdf","ICD_WI_FU_Ausschluss","ICD","ICD-Ausschlüsse","T25.60","T25.60"
"DeQS_WI-NI-S_EJ-2025_QIDB-RR-P_V01_2024-02-23.pdf","ICD_WI_FU_Ausschluss","ICD","ICD-Ausschlüsse","T25.61","T25.61"
"DeQS_WI-NI-S_EJ-2025_QIDB-RR-P_V01_2024-02-23.pdf","ICD_WI_FU_Ausschluss","ICD","ICD-Ausschlüsse","T25.7","T25.7"
"DeQS_WI-NI-S_EJ-2025_QIDB-RR-P_V01_2024-02-23.pdf","ICD_WI_FU_Ausschluss","ICD","ICD-Ausschlüsse","T29.20","T29.20"
"DeQS_WI-NI-S_EJ-2025_QIDB-RR-P_V01_2024-02-23.pdf","ICD_WI_FU_Ausschluss","ICD","ICD-Ausschlüsse","T29.21","T29.21"
"DeQS_WI-NI-S_EJ-2025_QIDB-RR-P_V01_2024-02-23.pdf","ICD_WI_FU_Ausschluss","ICD","ICD-Ausschlüsse","T29.3","T29.3"
"DeQS_WI-NI-S_EJ-2025_QIDB-RR-P_V01_2024-02-23.pdf","ICD_WI_FU_Ausschluss","ICD","ICD-Ausschlüsse","T29.60","T29.60"
"DeQS_WI-NI-S_EJ-2025_QIDB-RR-P_V01_2024-02-23.pdf","ICD_WI_FU_Ausschluss","ICD","ICD-Ausschlüsse","T29.61","T29.61"
"DeQS_WI-NI-S_EJ-2025_QIDB-RR-P_V01_2024-02-23.pdf","ICD_WI_FU_Ausschluss","ICD","ICD-Ausschlüsse","T29.7","T29.7"
"DeQS_WI-NI-S_EJ-2025_QIDB-RR-P_V01_2024-02-23.pdf","ICD_WI_FU_Ausschluss","ICD","ICD-Ausschlüsse","T86.00","T86.00"
"DeQS_WI-NI-S_EJ-2025_QIDB-RR-P_V01_2024-02-23.pdf","ICD_WI_FU_Ausschluss","ICD","ICD-Ausschlüsse","T86.01","T86.01"
"DeQS_WI-NI-S_EJ-2025_QIDB-RR-P_V01_2024-02-23.pdf","ICD_WI_FU_Ausschluss","ICD","ICD-Ausschlüsse","T86.02","T86.02"
"DeQS_WI-NI-S_EJ-2025_QIDB-RR-P_V01_2024-02-23.pdf","ICD_WI_FU_Ausschluss","ICD","ICD-Ausschlüsse","T86.05","T86.05"
"DeQS_WI-NI-S_EJ-2025_QIDB-RR-P_V01_2024-02-23.pdf","ICD_WI_FU_Ausschluss","ICD","ICD-Ausschlüsse","T86.06","T86.06"
"DeQS_WI-NI-S_EJ-2025_QIDB-RR-P_V01_2024-02-23.pdf","ICD_WI_FU_Ausschluss","ICD","ICD-Ausschlüsse","T86.07","T86.07"
"DeQS_WI-NI-S_EJ-2025_QIDB-RR-P_V01_2024-02-23.pdf","ICD_WI_FU_Ausschluss","ICD","ICD-Ausschlüsse","T86.09","T86.09"
"DeQS_WI-NI-S_EJ-2025_QIDB-RR-P_V01_2024-02-23.pdf","ICD_WI_FU_Ausschluss","ICD","ICD-Ausschlüsse","T86.10","T86.10"
"DeQS_WI-NI-S_EJ-2025_QIDB-RR-P_V01_2024-02-23.pdf","ICD_WI_FU_Ausschluss","ICD","ICD-Ausschlüsse","T86.11","T86.11"
"DeQS_WI-NI-S_EJ-2025_QIDB-RR-P_V01_2024-02-23.pdf","ICD_WI_FU_Ausschluss","ICD","ICD-Ausschlüsse","T86.12","T86.12"
"DeQS_WI-NI-S_EJ-2025_QIDB-RR-P_V01_2024-02-23.pdf","ICD_WI_FU_Ausschluss","ICD","ICD-Ausschlüsse","T86.19","T86.19"
"DeQS_WI-NI-S_EJ-2025_QIDB-RR-P_V01_2024-02-23.pdf","ICD_WI_FU_Ausschluss","ICD","ICD-Ausschlüsse","T86.2","T86.2"
"DeQS_WI-NI-S_EJ-2025_QIDB-RR-P_V01_2024-02-23.pdf","ICD_WI_FU_Ausschluss","ICD","ICD-Ausschlüsse","T86.3","T86.3"
"DeQS_WI-NI-S_EJ-2025_QIDB-RR-P_V01_2024-02-23.pdf","ICD_WI_FU_Ausschluss","ICD","ICD-Ausschlüsse","T86.40","T86.40"
"DeQS_WI-NI-S_EJ-2025_QIDB-RR-P_V01_2024-02-23.pdf","ICD_WI_FU_Ausschluss","ICD","ICD-Ausschlüsse","T86.41","T86.41"
"DeQS_WI-NI-S_EJ-2025_QIDB-RR-P_V01_2024-02-23.pdf","ICD_WI_FU_Ausschluss","ICD","ICD-Ausschlüsse","T86.49","T86.49"
"DeQS_WI-NI-S_EJ-2025_QIDB-RR-P_V01_2024-02-23.pdf","ICD_WI_FU_Ausschluss","ICD","ICD-Ausschlüsse","T86.81","T86.81"
"DeQS_WI-NI-S_EJ-2025_QIDB-RR-P_V01_2024-02-23.pdf","ICD_WI_FU_Ausschluss","ICD","ICD-Ausschlüsse","T86.82","T86.82"
"DeQS_WI-NI-S_EJ-2025_QIDB-RR-P_V01_2024-02-23.pdf","ICD_WI_FU_Ausschluss","ICD","ICD-Ausschlüsse","T87.4","T87.4"
"DeQS_WI-NI-S_EJ-2025_QIDB-RR-P_V01_2024-02-23.pdf","ICD_WI_FU_Ausschluss","ICD","ICD-Ausschlüsse","Z94.0","Z94.0"
"DeQS_WI-NI-S_EJ-2025_QIDB-RR-P_V01_2024-02-23.pdf","ICD_WI_FU_Ausschluss","ICD","ICD-Ausschlüsse","Z94.1","Z94.1"
"DeQS_WI-NI-S_EJ-2025_QIDB-RR-P_V01_2024-02-23.pdf","ICD_WI_FU_Ausschluss","ICD","ICD-Ausschlüsse","Z94.2","Z94.2"
"DeQS_WI-NI-S_EJ-2025_QIDB-RR-P_V01_2024-02-23.pdf","ICD_WI_FU_Ausschluss","ICD","ICD-Ausschlüsse","Z94.3","Z94.3"
"DeQS_WI-NI-S_EJ-2025_QIDB-RR-P_V01_2024-02-23.pdf","ICD_WI_FU_Ausschluss","ICD","ICD-Ausschlüsse","Z94.4","Z94.4"
"DeQS_WI-NI-S_EJ-2025_QIDB-RR-P_V01_2024-02-23.pdf","ICD_WI_FU_Ausschluss","ICD","ICD-Ausschlüsse","Z94.80","Z94.80"
"DeQS_WI-NI-S_EJ-2025_QIDB-RR-P_V01_2024-02-23.pdf","ICD_WI_FU_Ausschluss","ICD","ICD-Ausschlüsse","Z94.81","Z94.81"
"DeQS_WI-NI-S_EJ-2025_QIDB-RR-P_V01_2024-02-23.pdf","ICD_WI_FU_Ausschluss","ICD","ICD-Ausschlüsse","Z94.88","Z94.88"
"DeQS_WI-NI-S_EJ-2025_QIDB-RR-P_V01_2024-02-23.pdf","ICD_WI_FU_Ausschluss","ICD","ICD-Ausschlüsse","Z99.2","Z99.2"
"DeQS_WI-NI-S_EJ-2025_QIDB-RR-P_V01_2024-02-23.pdf","ICD_WI_MRSA","ICD","MRSA-Kodierung","U80.00","U80.00"
"DeQS_WI-NI-S_EJ-2025_QIDB-RR-P_V01_2024-02-23.pdf","OPS_ICD_WI_Zuordnung","OPS","Zulässige Kombinationen aus Infektions-ICD und Tracer-OPS","5349.3_T81.4","5349.3_T81.4"
"DeQS_WI-NI-S_EJ-2025_QIDB-RR-P_V01_2024-02-23.pdf","OPS_ICD_WI_Zuordnung","OPS","Zulässige Kombinationen aus Infektions-ICD und Tracer-OPS","5351.01_D73.3","5351.01_D73.3"
"DeQS_WI-NI-S_EJ-2025_QIDB-RR-P_V01_2024-02-23.pdf","OPS_ICD_WI_Zuordnung","OPS","Zulässige Kombinationen aus Infektions-ICD und Tracer-OPS","5351.01_I30.1","5351.01_I30.1"
"DeQS_WI-NI-S_EJ-2025_QIDB-RR-P_V01_2024-02-23.pdf","OPS_ICD_WI_Zuordnung","OPS","Zulässige Kombinationen aus Infektions-ICD und Tracer-OPS","5351.01_I33.0","5351.01_I33.0"
"DeQS_WI-NI-S_EJ-2025_QIDB-RR-P_V01_2024-02-23.pdf","OPS_ICD_WI_Zuordnung","OPS","Zulässige Kombinationen aus Infektions-ICD und Tracer-OPS","5351.01_I33.9","5351.01_I33.9"
"DeQS_WI-NI-S_EJ-2025_QIDB-RR-P_V01_2024-02-23.pdf","OPS_ICD_WI_Zuordnung","OPS","Zulässige Kombinationen aus Infektions-ICD und Tracer-OPS","5351.01_I38","5351.01_I38"
"DeQS_WI-NI-S_EJ-2025_QIDB-RR-P_V01_2024-02-23.pdf","OPS_ICD_WI_Zuordnung","OPS","Zulässige Kombinationen aus Infektions-ICD und Tracer-OPS","5351.01_I80.80","5351.01_I80.80"
"DeQS_WI-NI-S_EJ-2025_QIDB-RR-P_V01_2024-02-23.pdf","OPS_ICD_WI_Zuordnung","OPS","Zulässige Kombinationen aus Infektions-ICD und Tracer-OPS","5351.01_I80.81","5351.01_I80.81"
"DeQS_WI-NI-S_EJ-2025_QIDB-RR-P_V01_2024-02-23.pdf","OPS_ICD_WI_Zuordnung","OPS","Zulässige Kombinationen aus Infektions-ICD und Tracer-OPS","5351.01_I80.88","5351.01_I80.88"
"DeQS_WI-NI-S_EJ-2025_QIDB-RR-P_V01_2024-02-23.pdf","OPS_ICD_WI_Zuordnung","OPS","Zulässige Kombinationen aus Infektions-ICD und Tracer-OPS","5351.01_J85.3","5351.01_J85.3"
"DeQS_WI-NI-S_EJ-2025_QIDB-RR-P_V01_2024-02-23.pdf","OPS_ICD_WI_Zuordnung","OPS","Zulässige Kombinationen aus Infektions-ICD und Tracer-OPS","5351.01_J98.50","5351.01_J98.50"
"DeQS_WI-NI-S_EJ-2025_QIDB-RR-P_V01_2024-02-23.pdf","OPS_ICD_WI_Zuordnung","OPS","Zulässige Kombinationen aus Infektions-ICD und Tracer-OPS","5351.01_L02.2","5351.01_L02.2"
"DeQS_WI-NI-S_EJ-2025_QIDB-RR-P_V01_2024-02-23.pdf","OPS_ICD_WI_Zuordnung","OPS","Zulässige Kombinationen aus Infektions-ICD und Tracer-OPS","5351.01_L02.4","5351.01_L02.4"
"DeQS_WI-NI-S_EJ-2025_QIDB-RR-P_V01_2024-02-23.pdf","OPS_ICD_WI_Zuordnung","OPS","Zulässige Kombinationen aus Infektions-ICD und Tracer-OPS","5351.01_L03.10","5351.01_L03.10"
"DeQS_WI-NI-S_EJ-2025_QIDB-RR-P_V01_2024-02-23.pdf","OPS_ICD_WI_Zuordnung","OPS","Zulässige Kombinationen aus Infektions-ICD und Tracer-OPS","5351.01_L03.11","5351.01_L03.11"
"DeQS_WI-NI-S_EJ-2025_QIDB-RR-P_V01_2024-02-23.pdf","OPS_ICD_WI_Zuordnung","OPS","Zulässige Kombinationen aus Infektions-ICD und Tracer-OPS","5351.01_L03.3","5351.01_L03.3"
"DeQS_WI-NI-S_EJ-2025_QIDB-RR-P_V01_2024-02-23.pdf","OPS_ICD_WI_Zuordnung","OPS","Zulässige Kombinationen aus Infektions-ICD und Tracer-OPS","5351.01_M00.00","5351.01_M00.00"
"DeQS_WI-NI-S_EJ-2025_QIDB-RR-P_V01_2024-02-23.pdf","OPS_ICD_WI_Zuordnung","OPS","Zulässige Kombinationen aus Infektions-ICD und Tracer-OPS","5351.01_M00.01","5351.01_M00.01"
"DeQS_WI-NI-S_EJ-2025_QIDB-RR-P_V01_2024-02-23.pdf","OPS_ICD_WI_Zuordnung","OPS","Zulässige Kombinationen aus Infektions-ICD und Tracer-OPS","5351.01_M00.02","5351.01_M00.02"
"DeQS_WI-NI-S_EJ-2025_QIDB-RR-P_V01_2024-02-23.pdf","OPS_WI_Bypass","OPS","Bypass-Operationen im Verfahren QS WI","5361%","5361%"
"DeQS_WI-NI-S_EJ-2025_QIDB-RR-P_V01_2024-02-23.pdf","OPS_WI_Bypass","OPS","Bypass-Operationen im Verfahren QS WI","5362%","5362%"
"DeQS_WI-NI-S_EJ-2025_QIDB-RR-P_V01_2024-02-23.pdf","OPS_WI_Bypass","OPS","Bypass-Operationen im Verfahren QS WI","5393%","5393%"
"DeQS_WI-NI-S_EJ-2025_QIDB-RR-P_V01_2024-02-23.pdf","OPS_WI_Fachgebiet_GCH","OPS","Tracer-Eingriffe im Verfahren QS WI nach Fachgebiet: Gefäßchirurgie","5380.11","5380.11"
"DeQS_WI-NI-S_EJ-2025_QIDB-RR-P_V01_2024-02-23.pdf","OPS_WI_Fachgebiet_GCH","OPS","Tracer-Eingriffe im Verfahren QS WI nach Fachgebiet: Gefäßchirurgie","5380.12","5380.12"
"DeQS_WI-NI-S_EJ-2025_QIDB-RR-P_V01_2024-02-23.pdf","OPS_WI_Fachgebiet_GCH","OPS","Tracer-Eingriffe im Verfahren QS WI nach Fachgebiet: Gefäßchirurgie","5380.13","5380.13"
"DeQS_WI-NI-S_EJ-2025_QIDB-RR-P_V01_2024-02-23.pdf","OPS_WI_Fachgebiet_GCH","OPS","Tracer-Eingriffe im Verfahren QS WI nach Fachgebiet: Gefäßchirurgie","5380.1x","5380.1x"
"DeQS_WI-NI-S_EJ-2025_QIDB-RR-P_V01_2024-02-23.pdf","OPS_WI_Fachgebiet_GCH","OPS","Tracer-Eingriffe im Verfahren QS WI nach Fachgebiet: Gefäßchirurgie","5380.20","5380.20"
"DeQS_WI-NI-S_EJ-2025_QIDB-RR-P_V01_2024-02-23.pdf","OPS_WI_Fachgebiet_GCH","OPS","Tracer-Eingriffe im Verfahren QS WI nach Fachgebiet: Gefäßchirurgie","5380.21","5380.21"
"DeQS_WI-NI-S_EJ-2025_QIDB-RR-P_V01_2024-02-23.pdf","OPS_WI_Fachgebiet_GCH","OPS","Tracer-Eingriffe im Verfahren QS WI nach Fachgebiet: Gefäßchirurgie","5380.22","5380.22"
"DeQS_WI-NI-S_EJ-2025_QIDB-RR-P_V01_2024-02-23.pdf","OPS_WI_Fachgebiet_GCH","OPS","Tracer-Eingriffe im Verfahren QS WI nach Fachgebiet: Gefäßchirurgie","5380.23","5380.23"
"DeQS_WI-NI-S_EJ-2025_QIDB-RR-P_V01_2024-02-23.pdf","OPS_WI_Fachgebiet_GCH","OPS","Tracer-Eingriffe im Verfahren QS WI nach Fachgebiet: Gefäßchirurgie","5380.24","5380.24"
"DeQS_WI-NI-S_EJ-2025_QIDB-RR-P_V01_2024-02-23.pdf","OPS_WI_Fachgebiet_GCH","OPS","Tracer-Eingriffe im Verfahren QS WI nach Fachgebiet: Gefäßchirurgie","5380.25","5380.25"
"DeQS_WI-NI-S_EJ-2025_QIDB-RR-P_V01_2024-02-23.pdf","OPS_WI_Fachgebiet_GCH","OPS","Tracer-Eingriffe im Verfahren QS WI nach Fachgebiet: Gefäßchirurgie","5380.26","5380.26"
"DeQS_WI-NI-S_EJ-2025_QIDB-RR-P_V01_2024-02-23.pdf","OPS_WI_Fachgebiet_GCH","OPS","Tracer-Eingriffe im Verfahren QS WI nach Fachgebiet: Gefäßchirurgie","5380.27","5380.27"
"DeQS_WI-NI-S_EJ-2025_QIDB-RR-P_V01_2024-02-23.pdf","OPS_WI_Fachgebiet_GCH","OPS","Tracer-Eingriffe im Verfahren QS WI nach Fachgebiet: Gefäßchirurgie","5380.28","5380.28"
"DeQS_WI-NI-S_EJ-2025_QIDB-RR-P_V01_2024-02-23.pdf","OPS_WI_Fachgebiet_GCH","OPS","Tracer-Eingriffe im Verfahren QS WI nach Fachgebiet: Gefäßchirurgie","5380.2x","5380.2x"
"DeQS_WI-NI-S_EJ-2025_QIDB-RR-P_V01_2024-02-23.pdf","OPS_WI_Fachgebiet_GCH","OPS","Tracer-Eingriffe im Verfahren QS WI nach Fachgebiet: Gefäßchirurgie","5380.30","5380.30"
"DeQS_WI-NI-S_EJ-2025_QIDB-RR-P_V01_2024-02-23.pdf","OPS_WI_Fachgebiet_GCH","OPS","Tracer-Eingriffe im Verfahren QS WI nach Fachgebiet: Gefäßchirurgie","5380.31","5380.31"
"DeQS_WI-NI-S_EJ-2025_QIDB-RR-P_V01_2024-02-23.pdf","OPS_WI_Fachgebiet_GCH","OPS","Tracer-Eingriffe im Verfahren QS WI nach Fachgebiet: Gefäßchirurgie","5380.32","5380.32"
"DeQS_WI-NI-S_EJ-2025_QIDB-RR-P_V01_2024-02-23.pdf","OPS_WI_Fachgebiet_GCH","OPS","Tracer-Eingriffe im Verfahren QS WI nach Fachgebiet: Gefäßchirurgie","5380.33","5380.33"
"DeQS_WI-NI-S_EJ-2025_QIDB-RR-P_V01_2024-02-23.pdf","OPS_WI_Fachgebiet_GCH","OPS","Tracer-Eingriffe im Verfahren QS WI nach Fachgebiet: Gefäßchirurgie","5380.34","5380.34"
"DeQS_WI-NI-S_EJ-2025_QIDB-RR-P_V01_2024-02-23.pdf","OPS_WI_Fachgebiet_GCH","OPS","Tracer-Eingriffe im Verfahren QS WI nach Fachgebiet: Gefäßchirurgie","5380.35","5380.35"
"DeQS_WI-NI-S_EJ-2025_QIDB-RR-P_V01_2024-02-23.pdf","OPS_WI_Fachgebiet_GCH","OPS","Tracer-Eingriffe im Verfahren QS WI nach Fachgebiet: Gefäßchirurgie","5380.3x","5380.3x"
"DeQS_WI-NI-S_EJ-2025_QIDB-RR-P_V01_2024-02-23.pdf","OPS_WI_Fachgebiet_GCH","OPS","Tracer-Eingriffe im Verfahren QS WI nach Fachgebiet: Gefäßchirurgie","5380.40","5380.40"
"DeQS_WI-NI-S_EJ-2025_QIDB-RR-P_V01_2024-02-23.pdf","OPS_WI_Fachgebiet_GCH","OPS","Tracer-Eingriffe im Verfahren QS WI nach Fachgebiet: Gefäßchirurgie","5380.41","5380.41"
"DeQS_WI-NI-S_EJ-2025_QIDB-RR-P_V01_2024-02-23.pdf","OPS_WI_Fachgebiet_GCH","OPS","Tracer-Eingriffe im Verfahren QS WI nach Fachgebiet: Gefäßchirurgie","5380.42","5380.42"
"DeQS_WI-NI-S_EJ-2025_QIDB-RR-P_V01_2024-02-23.pdf","OPS_WI_Fachgebiet_GCH","OPS","Tracer-Eingriffe im Verfahren QS WI nach Fachgebiet: Gefäßchirurgie","5380.43","5380.43"
"DeQS_WI-NI-S_EJ-2025_QIDB-RR-P_V01_2024-02-23.pdf","OPS_WI_Fachgebiet_GCH","OPS","Tracer-Eingriffe im Verfahren QS WI nach Fachgebiet: Gefäßchirurgie","5380.4x","5380.4x"
"DeQS_WI-NI-S_EJ-2025_QIDB-RR-P_V01_2024-02-23.pdf","OPS_WI_Fachgebiet_GCH","OPS","Tracer-Eingriffe im Verfahren QS WI nach Fachgebiet: Gefäßchirurgie","5380.51","5380.51"
"DeQS_WI-NI-S_EJ-2025_QIDB-RR-P_V01_2024-02-23.pdf","OPS_WI_Fachgebiet_GCH","OPS","Tracer-Eingriffe im Verfahren QS WI nach Fachgebiet: Gefäßchirurgie","5380.52","5380.52"
"DeQS_WI-NI-S_EJ-2025_QIDB-RR-P_V01_2024-02-23.pdf","OPS_WI_Fachgebiet_GCH","OPS","Tracer-Eingriffe im Verfahren QS WI nach Fachgebiet: Gefäßchirurgie","5380.53","5380.53"
"DeQS_WI-NI-S_EJ-2025_QIDB-RR-P_V01_2024-02-23.pdf","OPS_WI_Fachgebiet_GCH","OPS","Tracer-Eingriffe im Verfahren QS WI nach Fachgebiet: Gefäßchirurgie","5380.54","5380.54"
"DeQS_WI-NI-S_EJ-2025_QIDB-RR-P_V01_2024-02-23.pdf","OPS_WI_Fachgebiet_GCH","OPS","Tracer-Eingriffe im Verfahren QS WI nach Fachgebiet: Gefäßchirurgie","5380.55","5380.55"
"DeQS_WI-NI-S_EJ-2025_QIDB-RR-P_V01_2024-02-23.pdf","OPS_WI_Fachgebiet_GCH","OPS","Tracer-Eingriffe im Verfahren QS WI nach Fachgebiet: Gefäßchirurgie","5380.56","5380.56"
"DeQS_WI-NI-S_EJ-2025_QIDB-RR-P_V01_2024-02-23.pdf","OPS_WI_Fachgebiet_GCH","OPS","Tracer-Eingriffe im Verfahren QS WI nach Fachgebiet: Gefäßchirurgie","5380.5x","5380.5x"
"DeQS_WI-NI-S_EJ-2025_QIDB-RR-P_V01_2024-02-23.pdf","OPS_WI_Fachgebiet_GCH","OPS","Tracer-Eingriffe im Verfahren QS WI nach Fachgebiet: Gefäßchirurgie","5380.60","5380.60"
"DeQS_WI-NI-S_EJ-2025_QIDB-RR-P_V01_2024-02-23.pdf","OPS_WI_Fachgebiet_GCH","OPS","Tracer-Eingriffe im Verfahren QS WI nach Fachgebiet: Gefäßchirurgie","5380.61","5380.61"
"DeQS_WI-NI-S_EJ-2025_QIDB-RR-P_V01_2024-02-23.pdf","OPS_WI_Fachgebiet_GCH","OPS","Tracer-Eingriffe im Verfahren QS WI nach Fachgebiet: Gefäßchirurgie","5380.62","5380.62"
"DeQS_WI-NI-S_EJ-2025_QIDB-RR-P_V01_2024-02-23.pdf","OPS_WI_Fachgebiet_GCH","OPS","Tracer-Eingriffe im Verfahren QS WI nach Fachgebiet: Gefäßchirurgie","5380.63","5380.63"
"DeQS_WI-NI-S_EJ-2025_QIDB-RR-P_V01_2024-02-23.pdf","OPS_WI_Fachgebiet_GCH","OPS","Tracer-Eingriffe im Verfahren QS WI nach Fachgebiet: Gefäßchirurgie","5380.64","5380.64"
"DeQS_WI-NI-S_EJ-2025_QIDB-RR-P_V01_2024-02-23.pdf","OPS_WI_Fachgebiet_GCH","OPS","Tracer-Eingriffe im Verfahren QS WI nach Fachgebiet: Gefäßchirurgie","5380.65","5380.65"
"DeQS_WI-NI-S_EJ-2025_QIDB-RR-P_V01_2024-02-23.pdf","OPS_WI_Fachgebiet_GCH","OPS","Tracer-Eingriffe im Verfahren QS WI nach Fachgebiet: Gefäßchirurgie","5380.66","5380.66"
"DeQS_WI-NI-S_EJ-2025_QIDB-RR-P_V01_2024-02-23.pdf","OPS_WI_Fachgebiet_GCH","OPS","Tracer-Eingriffe im Verfahren QS WI nach Fachgebiet: Gefäßchirurgie","5380.67","5380.67"
"DeQS_WI-NI-S_EJ-2025_QIDB-RR-P_V01_2024-02-23.pdf","OPS_WI_Fachgebiet_GCH","OPS","Tracer-Eingriffe im Verfahren QS WI nach Fachgebiet: Gefäßchirurgie","5380.6x","5380.6x"
"DeQS_WI-NI-S_EJ-2025_QIDB-RR-P_V01_2024-02-23.pdf","OPS_WI_Fachgebiet_GCH","OPS","Tracer-Eingriffe im Verfahren QS WI nach Fachgebiet: Gefäßchirurgie","5380.70","5380.70"
"DeQS_WI-NI-S_EJ-2025_QIDB-RR-P_V01_2024-02-23.pdf","OPS_WI_Fachgebiet_GCH","OPS","Tracer-Eingriffe im Verfahren QS WI nach Fachgebiet: Gefäßchirurgie","5380.71","5380.71"
"DeQS_WI-NI-S_EJ-2025_QIDB-RR-P_V01_2024-02-23.pdf","OPS_WI_Fachgebiet_GCH","OPS","Tracer-Eingriffe im Verfahren QS WI nach Fachgebiet: Gefäßchirurgie","5380.72","5380.72"
"DeQS_WI-NI-S_EJ-2025_QIDB-RR-P_V01_2024-02-23.pdf","OPS_WI_Fachgebiet_GCH","OPS","Tracer-Eingriffe im Verfahren QS WI nach Fachgebiet: Gefäßchirurgie","5380.73","5380.73"
"DeQS_WI-NI-S_EJ-2025_QIDB-RR-P_V01_2024-02-23.pdf","OPS_WI_Fachgebiet_GCH","OPS","Tracer-Eingriffe im Verfahren QS WI nach Fachgebiet: Gefäßchirurgie","5380.7x","5380.7x"
"DeQS_WI-NI-S_EJ-2025_QIDB-RR-P_V01_2024-02-23.pdf","OPS_WI_Fachgebiet_GCH","OPS","Tracer-Eingriffe im Verfahren QS WI nach Fachgebiet: Gefäßchirurgie","5380.80","5380.80"
"DeQS_WI-NI-S_EJ-2025_QIDB-RR-P_V01_2024-02-23.pdf","OPS_WI_Fachgebiet_GCH","OPS","Tracer-Eingriffe im Verfahren QS WI nach Fachgebiet: Gefäßchirurgie","5380.81","5380.81"
"DeQS_WI-NI-S_EJ-2025_QIDB-RR-P_V01_2024-02-23.pdf","OPS_WI_Fachgebiet_GCH","OPS","Tracer-Eingriffe im Verfahren QS WI nach Fachgebiet: Gefäßchirurgie","5380.82","5380.82"
"DeQS_WI-NI-S_EJ-2025_QIDB-RR-P_V01_2024-02-23.pdf","OPS_WI_Fachgebiet_GCH","OPS","Tracer-Eingriffe im Verfahren QS WI nach Fachgebiet: Gefäßchirurgie","5380.83","5380.83"
"DeQS_WI-NI-S_EJ-2025_QIDB-RR-P_V01_2024-02-23.pdf","OPS_WI_Fachgebiet_GCH","OPS","Tracer-Eingriffe im Verfahren QS WI nach Fachgebiet: Gefäßchirurgie","5380.84","5380.84"
"DeQS_WI-NI-S_EJ-2025_QIDB-RR-P_V01_2024-02-23.pdf","OPS_WI_Fachgebiet_GCH","OPS","Tracer-Eingriffe im Verfahren QS WI nach Fachgebiet: Gefäßchirurgie","5380.85","5380.85"
"DeQS_WI-NI-S_EJ-2025_QIDB-RR-P_V01_2024-02-23.pdf","OPS_WI_Fachgebiet_GCH","OPS","Tracer-Eingriffe im Verfahren QS WI nach Fachgebiet: Gefäßchirurgie","5380.86","5380.86"
"DeQS_WI-NI-S_EJ-2025_QIDB-RR-P_V01_2024-02-23.pdf","OPS_WI_Fachgebiet_GCH","OPS","Tracer-Eingriffe im Verfahren QS WI nach Fachgebiet: Gefäßchirurgie","5380.87","5380.87"
"DeQS_WI-NI-S_EJ-2025_QIDB-RR-P_V01_2024-02-23.pdf","OPS_WI_Fachgebiet_GCH","OPS","Tracer-Eingriffe im Verfahren QS WI nach Fachgebiet: Gefäßchirurgie","5380.8x","5380.8x"
"DeQS_WI-NI-S_EJ-2025_QIDB-RR-P_V01_2024-02-23.pdf","OPS_WI_Fachgebiet_GCH","OPS","Tracer-Eingriffe im Verfahren QS WI nach Fachgebiet: Gefäßchirurgie","5380.91","5380.91"
"DeQS_WI-NI-S_EJ-2025_QIDB-RR-P_V01_2024-02-23.pdf","OPS_WI_Fachgebiet_GCH","OPS","Tracer-Eingriffe im Verfahren QS WI nach Fachgebiet: Gefäßchirurgie","5380.92","5380.92"
"DeQS_WI-NI-S_EJ-2025_QIDB-RR-P_V01_2024-02-23.pdf","OPS_WI_Fachgebiet_GCH","OPS","Tracer-Eingriffe im Verfahren QS WI nach Fachgebiet: Gefäßchirurgie","5380.93","5380.93"
"DeQS_WI-NI-S_EJ-2025_QIDB-RR-P_V01_2024-02-23.pdf","OPS_WI_Fachgebiet_GCH","OPS","Tracer-Eingriffe im Verfahren QS WI nach Fachgebiet: Gefäßchirurgie","5380.94","5380.94"
"DeQS_WI-NI-S_EJ-2025_QIDB-RR-P_V01_2024-02-23.pdf","OPS_WI_Fachgebiet_GCH","OPS","Tracer-Eingriffe im Verfahren QS WI nach Fachgebiet: Gefäßchirurgie","5380.95","5380.95"
"DeQS_WI-NI-S_EJ-2025_QIDB-RR-P_V01_2024-02-23.pdf","OPS_WI_Fachgebiet_GCH","OPS","Tracer-Eingriffe im Verfahren QS WI nach Fachgebiet: Gefäßchirurgie","5380.96","5380.96"
"DeQS_WI-NI-S_EJ-2025_QIDB-RR-P_V01_2024-02-23.pdf","OPS_WI_Fachgebiet_GCH","OPS","Tracer-Eingriffe im Verfahren QS WI nach Fachgebiet: Gefäßchirurgie","5380.97","5380.97"
"DeQS_WI-NI-S_EJ-2025_QIDB-RR-P_V01_2024-02-23.pdf","OPS_WI_Fachgebiet_GCH","OPS","Tracer-Eingriffe im Verfahren QS WI nach Fachgebiet: Gefäßchirurgie","5380.98","5380.98"
"DeQS_WI-NI-S_EJ-2025_QIDB-RR-P_V01_2024-02-23.pdf","OPS_WI_Fachgebiet_GCH","OPS","Tracer-Eingriffe im Verfahren QS WI nach Fachgebiet: Gefäßchirurgie","5380.99","5380.99"
"DeQS_WI-NI-S_EJ-2025_QIDB-RR-P_V01_2024-02-23.pdf","OPS_WI_Fachgebiet_GCH","OPS","Tracer-Eingriffe im Verfahren QS WI nach Fachgebiet: Gefäßchirurgie","5380.9a","5380.9a"
"DeQS_WI-NI-S_EJ-2025_QIDB-RR-P_V01_2024-02-23.pdf","OPS_WI_Fachgebiet_GCH","OPS","Tracer-Eingriffe im Verfahren QS WI nach Fachgebiet: Gefäßchirurgie","5380.9b","5380.9b"
"DeQS_WI-NI-S_EJ-2025_QIDB-RR-P_V01_2024-02-23.pdf","OPS_WI_Fachgebiet_GCH","OPS","Tracer-Eingriffe im Verfahren QS WI nach Fachgebiet: Gefäßchirurgie","5380.9c","5380.9c"
"DeQS_WI-NI-S_EJ-2025_QIDB-RR-P_V01_2024-02-23.pdf","OPS_WI_Fachgebiet_GCH","OPS","Tracer-Eingriffe im Verfahren QS WI nach Fachgebiet: Gefäßchirurgie","5380.9d","5380.9d"
"DeQS_WI-NI-S_EJ-2025_QIDB-RR-P_V01_2024-02-23.pdf","OPS_WI_Fachgebiet_GCH","OPS","Tracer-Eingriffe im Verfahren QS WI nach Fachgebiet: Gefäßchirurgie","5380.9e","5380.9e"
"DeQS_WI-NI-S_EJ-2025_QIDB-RR-P_V01_2024-02-23.pdf","OPS_WI_Fachgebiet_GCH","OPS","Tracer-Eingriffe im Verfahren QS WI nach Fachgebiet: Gefäßchirurgie","5380.9f","5380.9f"
"DeQS_WI-NI-S_EJ-2025_QIDB-RR-P_V01_2024-02-23.pdf","OPS_WI_Fachgebiet_GCH","OPS","Tracer-Eingriffe im Verfahren QS WI nach Fachgebiet: Gefäßchirurgie","5380.9g","5380.9g"
"DeQS_WI-NI-S_EJ-2025_QIDB-RR-P_V01_2024-02-23.pdf","OPS_WI_Fachgebiet_GCH","OPS","Tracer-Eingriffe im Verfahren QS WI nach Fachgebiet: Gefäßchirurgie","5380.9h","5380.9h"
"DeQS_WI-NI-S_EJ-2025_QIDB-RR-P_V01_2024-02-23.pdf","OPS_WI_Fachgebiet_GCH","OPS","Tracer-Eingriffe im Verfahren QS WI nach Fachgebiet: Gefäßchirurgie","5380.9j","5380.9j"
"DeQS_WI-NI-S_EJ-2025_QIDB-RR-P_V01_2024-02-23.pdf","OPS_WI_Fachgebiet_GCH","OPS","Tracer-Eingriffe im Verfahren QS WI nach Fachgebiet: Gefäßchirurgie","5380.9k","5380.9k"
"DeQS_WI-NI-S_EJ-2025_QIDB-RR-P_V01_2024-02-23.pdf","OPS_WI_Fachgebiet_GCH","OPS","Tracer-Eingriffe im Verfahren QS WI nach Fachgebiet: Gefäßchirurgie","5381.11","5381.11"
"DeQS_WI-NI-S_EJ-2025_QIDB-RR-P_V01_2024-02-23.pdf","OPS_WI_Fachgebiet_GCH","OPS","Tracer-Eingriffe im Verfahren QS WI nach Fachgebiet: Gefäßchirurgie","5381.12","5381.12"
"DeQS_WI-NI-S_EJ-2025_QIDB-RR-P_V01_2024-02-23.pdf","OPS_WI_Fachgebiet_GCH","OPS","Tracer-Eingriffe im Verfahren QS WI nach Fachgebiet: Gefäßchirurgie","5381.13","5381.13"
"DeQS_WI-NI-S_EJ-2025_QIDB-RR-P_V01_2024-02-23.pdf","OPS_WI_Fachgebiet_GCH","OPS","Tracer-Eingriffe im Verfahren QS WI nach Fachgebiet: Gefäßchirurgie","5381.1x","5381.1x"
"DeQS_WI-NI-S_EJ-2025_QIDB-RR-P_V01_2024-02-23.pdf","OPS_WI_Fachgebiet_GCH","OPS","Tracer-Eingriffe im Verfahren QS WI nach Fachgebiet: Gefäßchirurgie","5381.20","5381.20"
"DeQS_WI-NI-S_EJ-2025_QIDB-RR-P_V01_2024-02-23.pdf","OPS_WI_Fachgebiet_GCH","OPS","Tracer-Eingriffe im Verfahren QS WI nach Fachgebiet: Gefäßchirurgie","5381.24","5381.24"
"DeQS_WI-NI-S_EJ-2025_QIDB-RR-P_V01_2024-02-23.pdf","OPS_WI_Fachgebiet_GCH","OPS","Tracer-Eingriffe im Verfahren QS WI nach Fachgebiet: Gefäßchirurgie","5381.28","5381.28"
"DeQS_WI-NI-S_EJ-2025_QIDB-RR-P_V01_2024-02-23.pdf","OPS_WI_Fachgebiet_GCH","OPS","Tracer-Eingriffe im Verfahren QS WI nach Fachgebiet: Gefäßchirurgie","5381.2x","5381.2x"
"DeQS_WI-NI-S_EJ-2025_QIDB-RR-P_V01_2024-02-23.pdf","OPS_WI_Fachgebiet_GCH","OPS","Tracer-Eingriffe im Verfahren QS WI nach Fachgebiet: Gefäßchirurgie","5381.30","5381.30"
"DeQS_WI-NI-S_EJ-2025_QIDB-RR-P_V01_2024-02-23.pdf","OPS_WI_Fachgebiet_GCH","OPS","Tracer-Eingriffe im Verfahren QS WI nach Fachgebiet: Gefäßchirurgie","5381.31","5381.31"
"DeQS_WI-NI-S_EJ-2025_QIDB-RR-P_V01_2024-02-23.pdf","OPS_WI_Fachgebiet_GCH","OPS","Tracer-Eingriffe im Verfahren QS WI nach Fachgebiet: Gefäßchirurgie","5381.32","5381.32"
"DeQS_WI-NI-S_EJ-2025_QIDB-RR-P_V01_2024-02-23.pdf","OPS_WI_Fachgebiet_GCH","OPS","Tracer-Eingriffe im Verfahren QS WI nach Fachgebiet: Gefäßchirurgie","5381.33","5381.33"
"DeQS_WI-NI-S_EJ-2025_QIDB-RR-P_V01_2024-02-23.pdf","OPS_WI_Fachgebiet_GCH","OPS","Tracer-Eingriffe im Verfahren QS WI nach Fachgebiet: Gefäßchirurgie","5381.35","5381.35"
"DeQS_WI-NI-S_EJ-2025_QIDB-RR-P_V01_2024-02-23.pdf","OPS_WI_Fachgebiet_GCH","OPS","Tracer-Eingriffe im Verfahren QS WI nach Fachgebiet: Gefäßchirurgie","5381.3x","5381.3x"
"DeQS_WI-NI-S_EJ-2025_QIDB-RR-P_V01_2024-02-23.pdf","OPS_WI_Fachgebiet_GCH","OPS","Tracer-Eingriffe im Verfahren QS WI nach Fachgebiet: Gefäßchirurgie","5381.40","5381.40"
"DeQS_WI-NI-S_EJ-2025_QIDB-RR-P_V01_2024-02-23.pdf","OPS_WI_Fachgebiet_GCH","OPS","Tracer-Eingriffe im Verfahren QS WI nach Fachgebiet: Gefäßchirurgie","5381.41","5381.41"
"DeQS_WI-NI-S_EJ-2025_QIDB-RR-P_V01_2024-02-23.pdf","OPS_WI_Fachgebiet_GCH","OPS","Tracer-Eingriffe im Verfahren QS WI nach Fachgebiet: Gefäßchirurgie","5381.42","5381.42"
"DeQS_WI-NI-S_EJ-2025_QIDB-RR-P_V01_2024-02-23.pdf","OPS_WI_Fachgebiet_GCH","OPS","Tracer-Eingriffe im Verfahren QS WI nach Fachgebiet: Gefäßchirurgie","5381.43","5381.43"
"DeQS_WI-NI-S_EJ-2025_QIDB-RR-P_V01_2024-02-23.pdf","OPS_WI_Fachgebiet_GCH","OPS","Tracer-Eingriffe im Verfahren QS WI nach Fachgebiet: Gefäßchirurgie","5381.4x","5381.4x"
"DeQS_WI-NI-S_EJ-2025_QIDB-RR-P_V01_2024-02-23.pdf","OPS_WI_Fachgebiet_GCH","OPS","Tracer-Eingriffe im Verfahren QS WI nach Fachgebiet: Gefäßchirurgie","5381.51","5381.51"
"DeQS_WI-NI-S_EJ-2025_QIDB-RR-P_V01_2024-02-23.pdf","OPS_WI_Fachgebiet_GCH","OPS","Tracer-Eingriffe im Verfahren QS WI nach Fachgebiet: Gefäßchirurgie","5381.52","5381.52"
"DeQS_WI-NI-S_EJ-2025_QIDB-RR-P_V01_2024-02-23.pdf","OPS_WI_Fachgebiet_GCH","OPS","Tracer-Eingriffe im Verfahren QS WI nach Fachgebiet: Gefäßchirurgie","5381.53","5381.53"
"DeQS_WI-NI-S_EJ-2025_QIDB-RR-P_V01_2024-02-23.pdf","OPS_WI_Fachgebiet_GCH","OPS","Tracer-Eingriffe im Verfahren QS WI nach Fachgebiet: Gefäßchirurgie","5381.54","5381.54"
"DeQS_WI-NI-S_EJ-2025_QIDB-RR-P_V01_2024-02-23.pdf","OPS_WI_Fachgebiet_GCH","OPS","Tracer-Eingriffe im Verfahren QS WI nach Fachgebiet: Gefäßchirurgie","5381.55","5381.55"
"DeQS_WI-NI-S_EJ-2025_QIDB-RR-P_V01_2024-02-23.pdf","OPS_WI_Fachgebiet_GCH","OPS","Tracer-Eingriffe im Verfahren QS WI nach Fachgebiet: Gefäßchirurgie","5381.56","5381.56"
"DeQS_WI-NI-S_EJ-2025_QIDB-RR-P_V01_2024-02-23.pdf","OPS_WI_Fachgebiet_GCH_Implantat","OPS","","OPS-Kodes","OPS-Kodes"
"DeQS_WI-NI-S_EJ-2025_QIDB-RR-P_V01_2024-02-23.pdf","OPS_WI_Fachgebiet_GCH_Implantat","OPS","","die die Verwendung eines Transplantats bei gefäßchirurgischen Tracereingriffen darstellen","diedieVerwendungeinesTransplantatsbeigefäßchirurgischenTracereingriffendarstellen"
"DeQS_WI-NI-S_EJ-2025_QIDB-RR-P_V01_2024-02-23.pdf","OPS_WI_FU_Ausschluss","OPS","OPS-Ausschlüsse","5981","5981"
"DeQS_WI-NI-S_EJ-2025_QIDB-RR-P_V01_2024-02-23.pdf","OPS_WI_FU_Ausschluss","OPS","OPS-Ausschlüsse","5982.0","5982.0"
"DeQS_WI-NI-S_EJ-2025_QIDB-RR-P_V01_2024-02-23.pdf","OPS_WI_FU_Ausschluss","OPS","OPS-Ausschlüsse","5982.1","5982.1"
"DeQS_WI-NI-S_EJ-2025_QIDB-RR-P_V01_2024-02-23.pdf","OPS_WI_FU_Ausschluss","OPS","OPS-Ausschlüsse","5982.2","5982.2"
"DeQS_WI-NI-S_EJ-2025_QIDB-RR-P_V01_2024-02-23.pdf","OPS_WI_FU_Ausschluss","OPS","OPS-Ausschlüsse","5982.x","5982.x"
"DeQS_WI-NI-S_EJ-2025_QIDB-RR-P_V01_2024-02-23.pdf","OPS_WI_FU_Ausschluss","OPS","OPS-Ausschlüsse","5982.y","5982.y"
"DeQS_WI-NI-S_EJ-2025_QIDB-RR-P_V01_2024-02-23.pdf","OPS_WI_FU_Ausschluss","OPS","OPS-Ausschlüsse","8520.0","8520.0"
"DeQS_WI-NI-S_EJ-2025_QIDB-RR-P_V01_2024-02-23.pdf","OPS_WI_FU_Ausschluss","OPS","OPS-Ausschlüsse","8520.1","8520.1"
"DeQS_WI-NI-S_EJ-2025_QIDB-RR-P_V01_2024-02-23.pdf","OPS_WI_FU_Ausschluss","OPS","OPS-Ausschlüsse","8520.y","8520.y"
"DeQS_WI-NI-S_EJ-2025_QIDB-RR-P_V01_2024-02-23.pdf","OPS_WI_FU_Ausschluss","OPS","OPS-Ausschlüsse","8521.0","8521.0"
"DeQS_WI-NI-S_EJ-2025_QIDB-RR-P_V01_2024-02-23.pdf","OPS_WI_FU_Ausschluss","OPS","OPS-Ausschlüsse","8521.1","8521.1"
"DeQS_WI-NI-S_EJ-2025_QIDB-RR-P_V01_2024-02-23.pdf","OPS_WI_FU_Ausschluss","OPS","OPS-Ausschlüsse","8521.y","8521.y"
"DeQS_WI-NI-S_EJ-2025_QIDB-RR-P_V01_2024-02-23.pdf","OPS_WI_FU_Ausschluss","OPS","OPS-Ausschlüsse","8522.0","8522.0"
"DeQS_WI-NI-S_EJ-2025_QIDB-RR-P_V01_2024-02-23.pdf","OPS_WI_FU_Ausschluss","OPS","OPS-Ausschlüsse","8522.1","8522.1"
"DeQS_WI-NI-S_EJ-2025_QIDB-RR-P_V01_2024-02-23.pdf","OPS_WI_FU_Ausschluss","OPS","OPS-Ausschlüsse","8522.2","8522.2"
"DeQS_WI-NI-S_EJ-2025_QIDB-RR-P_V01_2024-02-23.pdf","OPS_WI_FU_Ausschluss","OPS","OPS-Ausschlüsse","8522.30","8522.30"
"DeQS_WI-NI-S_EJ-2025_QIDB-RR-P_V01_2024-02-23.pdf","OPS_WI_FU_Ausschluss","OPS","OPS-Ausschlüsse","8522.31","8522.31"
"DeQS_WI-NI-S_EJ-2025_QIDB-RR-P_V01_2024-02-23.pdf","OPS_WI_FU_Ausschluss","OPS","OPS-Ausschlüsse","8522.60","8522.60"
"DeQS_WI-NI-S_EJ-2025_QIDB-RR-P_V01_2024-02-23.pdf","OPS_WI_FU_Ausschluss","OPS","OPS-Ausschlüsse","8522.61","8522.61"
"DeQS_WI-NI-S_EJ-2025_QIDB-RR-P_V01_2024-02-23.pdf","OPS_WI_FU_Ausschluss","OPS","OPS-Ausschlüsse","8522.90","8522.90"
"DeQS_WI-NI-S_EJ-2025_QIDB-RR-P_V01_2024-02-23.pdf","OPS_WI_FU_Ausschluss","OPS","OPS-Ausschlüsse","8522.91","8522.91"
"DeQS_WI-NI-S_EJ-2025_QIDB-RR-P_V01_2024-02-23.pdf","OPS_WI_FU_Ausschluss","OPS","OPS-Ausschlüsse","8522.a0","8522.a0"
"DeQS_WI-NI-S_EJ-2025_QIDB-RR-P_V01_2024-02-23.pdf","OPS_WI_FU_Ausschluss","OPS","OPS-Ausschlüsse","8522.a1","8522.a1"
"DeQS_WI-NI-S_EJ-2025_QIDB-RR-P_V01_2024-02-23.pdf","OPS_WI_FU_Ausschluss","OPS","OPS-Ausschlüsse","8522.b0","8522.b0"
"DeQS_WI-NI-S_EJ-2025_QIDB-RR-P_V01_2024-02-23.pdf","OPS_WI_FU_Ausschluss","OPS","OPS-Ausschlüsse","8522.b1","8522.b1"
"DeQS_WI-NI-S_EJ-2025_QIDB-RR-P_V01_2024-02-23.pdf","OPS_WI_FU_Ausschluss","OPS","OPS-Ausschlüsse","8522.c0","8522.c0"
"DeQS_WI-NI-S_EJ-2025_QIDB-RR-P_V01_2024-02-23.pdf","OPS_WI_FU_Ausschluss","OPS","OPS-Ausschlüsse","8522.c1","8522.c1"
"DeQS_WI-NI-S_EJ-2025_QIDB-RR-P_V01_2024-02-23.pdf","OPS_WI_FU_Ausschluss","OPS","OPS-Ausschlüsse","8522.d0","8522.d0"
"DeQS_WI-NI-S_EJ-2025_QIDB-RR-P_V01_2024-02-23.pdf","OPS_WI_FU_Ausschluss","OPS","OPS-Ausschlüsse","8522.d1","8522.d1"
"DeQS_WI-NI-S_EJ-2025_QIDB-RR-P_V01_2024-02-23.pdf","OPS_WI_FU_Ausschluss","OPS","OPS-Ausschlüsse","8522.x","8522.x"
"DeQS_WI-NI-S_EJ-2025_QIDB-RR-P_V01_2024-02-23.pdf","OPS_WI_FU_Ausschluss","OPS","OPS-Ausschlüsse","8522.y","8522.y"
"DeQS_WI-NI-S_EJ-2025_QIDB-RR-P_V01_2024-02-23.pdf","OPS_WI_FU_Ausschluss","OPS","OPS-Ausschlüsse","8541.0","8541.0"
"DeQS_WI-NI-S_EJ-2025_QIDB-RR-P_V01_2024-02-23.pdf","OPS_WI_FU_Ausschluss","OPS","OPS-Ausschlüsse","8541.1","8541.1"
"DeQS_WI-NI-S_EJ-2025_QIDB-RR-P_V01_2024-02-23.pdf","OPS_WI_FU_Ausschluss","OPS","OPS-Ausschlüsse","8541.2","8541.2"
"DeQS_WI-NI-S_EJ-2025_QIDB-RR-P_V01_2024-02-23.pdf","OPS_WI_FU_Ausschluss","OPS","OPS-Ausschlüsse","8541.3","8541.3"
"DeQS_WI-NI-S_EJ-2025_QIDB-RR-P_V01_2024-02-23.pdf","OPS_WI_FU_Ausschluss","OPS","OPS-Ausschlüsse","8541.4","8541.4"
"DeQS_WI-NI-S_EJ-2025_QIDB-RR-P_V01_2024-02-23.pdf","OPS_WI_FU_Ausschluss","OPS","OPS-Ausschlüsse","8541.5","8541.5"
"DeQS_WI-NI-S_EJ-2025_QIDB-RR-P_V01_2024-02-23.pdf","OPS_WI_FU_Ausschluss","OPS","OPS-Ausschlüsse","8541.6","8541.6"
"DeQS_WI-NI-S_EJ-2025_QIDB-RR-P_V01_2024-02-23.pdf","OPS_WI_FU_Ausschluss","OPS","OPS-Ausschlüsse","8541.x","8541.x"
"DeQS_WI-NI-S_EJ-2025_QIDB-RR-P_V01_2024-02-23.pdf","OPS_WI_FU_Ausschluss","OPS","OPS-Ausschlüsse","8541.y","8541.y"
"DeQS_WI-NI-S_EJ-2025_QIDB-RR-P_V01_2024-02-23.pdf","OPS_WI_FU_Ausschluss","OPS","OPS-Ausschlüsse","8542.11","8542.11"
"DeQS_WI-NI-S_EJ-2025_QIDB-RR-P_V01_2024-02-23.pdf","OPS_WI_FU_Ausschluss","OPS","OPS-Ausschlüsse","8542.12","8542.12"
"DeQS_WI-NI-S_EJ-2025_QIDB-RR-P_V01_2024-02-23.pdf","OPS_WI_FU_Ausschluss","OPS","OPS-Ausschlüsse","8542.13","8542.13"
"DeQS_WI-NI-S_EJ-2025_QIDB-RR-P_V01_2024-02-23.pdf","OPS_WI_FU_Ausschluss","OPS","OPS-Ausschlüsse","8542.14","8542.14"
"DeQS_WI-NI-S_EJ-2025_QIDB-RR-P_V01_2024-02-23.pdf","OPS_WI_FU_Ausschluss","OPS","OPS-Ausschlüsse","8542.21","8542.21"
"DeQS_WI-NI-S_EJ-2025_QIDB-RR-P_V01_2024-02-23.pdf","OPS_WI_FU_Ausschluss","OPS","OPS-Ausschlüsse","8542.22","8542.22"
"DeQS_WI-NI-S_EJ-2025_QIDB-RR-P_V01_2024-02-23.pdf","OPS_WI_FU_Ausschluss","OPS","OPS-Ausschlüsse","8542.23","8542.23"
"DeQS_WI-NI-S_EJ-2025_QIDB-RR-P_V01_2024-02-23.pdf","OPS_WI_FU_Ausschluss","OPS","OPS-Ausschlüsse","8542.24","8542.24"
"DeQS_WI-NI-S_EJ-2025_QIDB-RR-P_V01_2024-02-23.pdf","OPS_WI_FU_Ausschluss","OPS","OPS-Ausschlüsse","8542.31","8542.31"
"DeQS_WI-NI-S_EJ-2025_QIDB-RR-P_V01_2024-02-23.pdf","OPS_WI_FU_Ausschluss","OPS","OPS-Ausschlüsse","8542.32","8542.32"
"DeQS_WI-NI-S_EJ-2025_QIDB-RR-P_V01_2024-02-23.pdf","OPS_WI_FU_Ausschluss","OPS","OPS-Ausschlüsse","8542.33","8542.33"
"DeQS_WI-NI-S_EJ-2025_QIDB-RR-P_V01_2024-02-23.pdf","OPS_WI_FU_Ausschluss","OPS","OPS-Ausschlüsse","8542.34","8542.34"
"DeQS_WI-NI-S_EJ-2025_QIDB-RR-P_V01_2024-02-23.pdf","OPS_WI_FU_Ausschluss","OPS","OPS-Ausschlüsse","8542.41","8542.41"
"DeQS_WI-NI-S_EJ-2025_QIDB-RR-P_V01_2024-02-23.pdf","OPS_WI_FU_Ausschluss","OPS","OPS-Ausschlüsse","8542.42","8542.42"
"DeQS_WI-NI-S_EJ-2025_QIDB-RR-P_V01_2024-02-23.pdf","OPS_WI_FU_Ausschluss","OPS","OPS-Ausschlüsse","8542.43","8542.43"
"DeQS_WI-NI-S_EJ-2025_QIDB-RR-P_V01_2024-02-23.pdf","OPS_WI_FU_Ausschluss","OPS","OPS-Ausschlüsse","8542.44","8542.44"
"DeQS_WI-NI-S_EJ-2025_QIDB-RR-P_V01_2024-02-23.pdf","OPS_WI_FU_Ausschluss","OPS","OPS-Ausschlüsse","8542.51","8542.51"
"DeQS_WI-NI-S_EJ-2025_QIDB-RR-P_V01_2024-02-23.pdf","OPS_WI_FU_Ausschluss","OPS","OPS-Ausschlüsse","8542.52","8542.52"
"DeQS_WI-NI-S_EJ-2025_QIDB-RR-P_V01_2024-02-23.pdf","OPS_WI_FU_Ausschluss","OPS","OPS-Ausschlüsse","8542.53","8542.53"
"DeQS_WI-NI-S_EJ-2025_QIDB-RR-P_V01_2024-02-23.pdf","OPS_WI_FU_Ausschluss","OPS","OPS-Ausschlüsse","8542.54","8542.54"
"DeQS_WI-NI-S_EJ-2025_QIDB-RR-P_V01_2024-02-23.pdf","OPS_WI_FU_Ausschluss","OPS","OPS-Ausschlüsse","8542.61","8542.61"
"DeQS_WI-NI-S_EJ-2025_QIDB-RR-P_V01_2024-02-23.pdf","OPS_WI_FU_Ausschluss","OPS","OPS-Ausschlüsse","8542.62","8542.62"
"DeQS_WI-NI-S_EJ-2025_QIDB-RR-P_V01_2024-02-23.pdf","OPS_WI_FU_Ausschluss","OPS","OPS-Ausschlüsse","8542.63","8542.63"
"DeQS_WI-NI-S_EJ-2025_QIDB-RR-P_V01_2024-02-23.pdf","OPS_WI_FU_Ausschluss","OPS","OPS-Ausschlüsse","8542.64","8542.64"
"DeQS_WI-NI-S_EJ-2025_QIDB-RR-P_V01_2024-02-23.pdf","OPS_WI_FU_Ausschluss","OPS","OPS-Ausschlüsse","8542.71","8542.71"
"DeQS_WI-NI-S_EJ-2025_QIDB-RR-P_V01_2024-02-23.pdf","OPS_WI_FU_Ausschluss","OPS","OPS-Ausschlüsse","8542.72","8542.72"
"DeQS_WI-NI-S_EJ-2025_QIDB-RR-P_V01_2024-02-23.pdf","OPS_WI_FU_Ausschluss","OPS","OPS-Ausschlüsse","8542.73","8542.73"
"DeQS_WI-NI-S_EJ-2025_QIDB-RR-P_V01_2024-02-23.pdf","OPS_WI_FU_Ausschluss","OPS","OPS-Ausschlüsse","8542.74","8542.74"
"DeQS_WI-NI-S_EJ-2025_QIDB-RR-P_V01_2024-02-23.pdf","OPS_WI_FU_Ausschluss","OPS","OPS-Ausschlüsse","8542.81","8542.81"
"DeQS_WI-NI-S_EJ-2025_QIDB-RR-P_V01_2024-02-23.pdf","OPS_WI_FU_Ausschluss","OPS","OPS-Ausschlüsse","8542.82","8542.82"
"DeQS_WI-NI-S_EJ-2025_QIDB-RR-P_V01_2024-02-23.pdf","OPS_WI_FU_Ausschluss","OPS","OPS-Ausschlüsse","8542.83","8542.83"
"DeQS_WI-NI-S_EJ-2025_QIDB-RR-P_V01_2024-02-23.pdf","OPS_WI_FU_Ausschluss","OPS","OPS-Ausschlüsse","8542.84","8542.84"
"DeQS_WI-NI-S_EJ-2025_QIDB-RR-P_V01_2024-02-23.pdf","OPS_WI_FU_Ausschluss","OPS","OPS-Ausschlüsse","8542.91","8542.91"
"DeQS_WI-NI-S_EJ-2025_QIDB-RR-P_V01_2024-02-23.pdf","OPS_WI_FU_Ausschluss","OPS","OPS-Ausschlüsse","8542.92","8542.92"
"DeQS_WI-NI-S_EJ-2025_QIDB-RR-P_V01_2024-02-23.pdf","OPS_WI_FU_Ausschluss","OPS","OPS-Ausschlüsse","8542.93","8542.93"
"DeQS_WI-NI-S_EJ-2025_QIDB-RR-P_V01_2024-02-23.pdf","OPS_WI_FU_Ausschluss","OPS","OPS-Ausschlüsse","8542.94","8542.94"
"DeQS_WI-NI-S_EJ-2025_QIDB-RR-P_V01_2024-02-23.pdf","OPS_WI_FU_Ausschluss","OPS","OPS-Ausschlüsse","8543.11","8543.11"
"DeQS_WI-NI-S_EJ-2025_QIDB-RR-P_V01_2024-02-23.pdf","OPS_WI_FU_Ausschluss","OPS","OPS-Ausschlüsse","8543.12","8543.12"
"DeQS_WI-NI-S_EJ-2025_QIDB-RR-P_V01_2024-02-23.pdf","OPS_WI_FU_Ausschluss","OPS","OPS-Ausschlüsse","8543.13","8543.13"
"DeQS_WI-NI-S_EJ-2025_QIDB-RR-P_V01_2024-02-23.pdf","OPS_WI_FU_Ausschluss","OPS","OPS-Ausschlüsse","8543.14","8543.14"
"DeQS_WI-NI-S_EJ-2025_QIDB-RR-P_V01_2024-02-23.pdf","OPS_WI_FU_Ausschluss","OPS","OPS-Ausschlüsse","8543.15","8543.15"
"DeQS_WI-NI-S_EJ-2025_QIDB-RR-P_V01_2024-02-23.pdf","OPS_WI_FU_Ausschluss","OPS","OPS-Ausschlüsse","8543.16","8543.16"
"DeQS_WI-NI-S_EJ-2025_QIDB-RR-P_V01_2024-02-23.pdf","OPS_WI_FU_Ausschluss","OPS","OPS-Ausschlüsse","8543.17","8543.17"
"DeQS_WI-NI-S_EJ-2025_QIDB-RR-P_V01_2024-02-23.pdf","OPS_WI_FU_Ausschluss","OPS","OPS-Ausschlüsse","8543.21","8543.21"
"DeQS_WI-NI-S_EJ-2025_QIDB-RR-P_V01_2024-02-23.pdf","OPS_WI_FU_Ausschluss","OPS","OPS-Ausschlüsse","8543.22","8543.22"
"DeQS_WI-NI-S_EJ-2025_QIDB-RR-P_V01_2024-02-23.pdf","OPS_WI_FU_Ausschluss","OPS","OPS-Ausschlüsse","8543.23","8543.23"
"DeQS_WI-NI-S_EJ-2025_QIDB-RR-P_V01_2024-02-23.pdf","OPS_WI_FU_Ausschluss","OPS","OPS-Ausschlüsse","8543.24","8543.24"
"DeQS_WI-NI-S_EJ-2025_QIDB-RR-P_V01_2024-02-23.pdf","OPS_WI_FU_Ausschluss","OPS","OPS-Ausschlüsse","8543.25","8543.25"
"DeQS_WI-NI-S_EJ-2025_QIDB-RR-P_V01_2024-02-23.pdf","OPS_WI_FU_Ausschluss","OPS","OPS-Ausschlüsse","8543.26","8543.26"
"DeQS_WI-NI-S_EJ-2025_QIDB-RR-P_V01_2024-02-23.pdf","OPS_WI_FU_Ausschluss","OPS","OPS-Ausschlüsse","8543.27","8543.27"
"DeQS_WI-NI-S_EJ-2025_QIDB-RR-P_V01_2024-02-23.pdf","OPS_WI_FU_Ausschluss","OPS","OPS-Ausschlüsse","8543.31","8543.31"
"DeQS_WI-NI-S_EJ-2025_QIDB-RR-P_V01_2024-02-23.pdf","OPS_WI_FU_Ausschluss","OPS","OPS-Ausschlüsse","8543.32","8543.32"
"DeQS_WI-NI-S_EJ-2025_QIDB-RR-P_V01_2024-02-23.pdf","OPS_WI_FU_Ausschluss","OPS","OPS-Ausschlüsse","8543.33","8543.33"
"DeQS_WI-NI-S_EJ-2025_QIDB-RR-P_V01_2024-02-23.pdf","OPS_WI_FU_Ausschluss","OPS","OPS-Ausschlüsse","8543.34","8543.34"
"DeQS_WI-NI-S_EJ-2025_QIDB-RR-P_V01_2024-02-23.pdf","OPS_WI_FU_Ausschluss","OPS","OPS-Ausschlüsse","8543.35","8543.35"
"DeQS_WI-NI-S_EJ-2025_QIDB-RR-P_V01_2024-02-23.pdf","OPS_WI_FU_Ausschluss","OPS","OPS-Ausschlüsse","8543.36","8543.36"
"DeQS_WI-NI-S_EJ-2025_QIDB-RR-P_V01_2024-02-23.pdf","OPS_WI_FU_Ausschluss","OPS","OPS-Ausschlüsse","8543.37","8543.37"
"DeQS_WI-NI-S_EJ-2025_QIDB-RR-P_V01_2024-02-23.pdf","OPS_WI_FU_Ausschluss","OPS","OPS-Ausschlüsse","8543.41","8543.41"
"DeQS_WI-NI-S_EJ-2025_QIDB-RR-P_V01_2024-02-23.pdf","OPS_WI_FU_Ausschluss","OPS","OPS-Ausschlüsse","8543.42","8543.42"
"DeQS_WI-NI-S_EJ-2025_QIDB-RR-P_V01_2024-02-23.pdf","OPS_WI_FU_Ausschluss","OPS","OPS-Ausschlüsse","8543.43","8543.43"
"DeQS_WI-NI-S_EJ-2025_QIDB-RR-P_V01_2024-02-23.pdf","OPS_WI_FU_Ausschluss","OPS","OPS-Ausschlüsse","8543.44","8543.44"
"DeQS_WI-NI-S_EJ-2025_QIDB-RR-P_V01_2024-02-23.pdf","OPS_WI_FU_Ausschluss","OPS","OPS-Ausschlüsse","8543.45","8543.45"
"DeQS_WI-NI-S_EJ-2025_QIDB-RR-P_V01_2024-02-23.pdf","OPS_WI_FU_Ausschluss","OPS","OPS-Ausschlüsse","8543.46","8543.46"
"DeQS_WI-NI-S_EJ-2025_QIDB-RR-P_V01_2024-02-23.pdf","OPS_WI_FU_Ausschluss","OPS","OPS-Ausschlüsse","8543.47","8543.47"
"DeQS_WI-NI-S_EJ-2025_QIDB-RR-P_V01_2024-02-23.pdf","OPS_WI_FU_Ausschluss","OPS","OPS-Ausschlüsse","8543.51","8543.51"
"DeQS_WI-NI-S_EJ-2025_QIDB-RR-P_V01_2024-02-23.pdf","OPS_WI_FU_Ausschluss","OPS","OPS-Ausschlüsse","8543.52","8543.52"
"DeQS_WI-NI-S_EJ-2025_QIDB-RR-P_V01_2024-02-23.pdf","OPS_WI_FU_Ausschluss","OPS","OPS-Ausschlüsse","8543.53","8543.53"
"DeQS_WI-NI-S_EJ-2025_QIDB-RR-P_V01_2024-02-23.pdf","OPS_WI_FU_Ausschluss","OPS","OPS-Ausschlüsse","8543.54","8543.54"
"DeQS_WI-NI-S_EJ-2025_QIDB-RR-P_V01_2024-02-23.pdf","OPS_WI_FU_Ausschluss","OPS","OPS-Ausschlüsse","8543.55","8543.55"
"DeQS_WI-NI-S_EJ-2025_QIDB-RR-P_V01_2024-02-23.pdf","OPS_WI_FU_Ausschluss","OPS","OPS-Ausschlüsse","8543.56","8543.56"
"DeQS_WI-NI-S_EJ-2025_QIDB-RR-P_V01_2024-02-23.pdf","OPS_WI_FU_Ausschluss","OPS","OPS-Ausschlüsse","8543.57","8543.57"
"DeQS_WI-NI-S_EJ-2025_QIDB-RR-P_V01_2024-02-23.pdf","OPS_WI_FU_Ausschluss","OPS","OPS-Ausschlüsse","8543.61","8543.61"
"DeQS_WI-NI-S_EJ-2025_QIDB-RR-P_V01_2024-02-23.pdf","OPS_WI_FU_Ausschluss","OPS","OPS-Ausschlüsse","8543.62","8543.62"
"DeQS_WI-NI-S_EJ-2025_QIDB-RR-P_V01_2024-02-23.pdf","OPS_WI_FU_Ausschluss","OPS","OPS-Ausschlüsse","8543.63","8543.63"
"DeQS_WI-NI-S_EJ-2025_QIDB-RR-P_V01_2024-02-23.pdf","OPS_WI_FU_Ausschluss","OPS","OPS-Ausschlüsse","8543.64","8543.64"
"DeQS_WI-NI-S_EJ-2025_QIDB-RR-P_V01_2024-02-23.pdf","OPS_WI_FU_Ausschluss","OPS","OPS-Ausschlüsse","8543.65","8543.65"
"DeQS_WI-NI-S_EJ-2025_QIDB-RR-P_V01_2024-02-23.pdf","OPS_WI_FU_Ausschluss","OPS","OPS-Ausschlüsse","8543.66","8543.66"
"DeQS_WI-NI-S_EJ-2025_QIDB-RR-P_V01_2024-02-23.pdf","OPS_WI_FU_Ausschluss","OPS","OPS-Ausschlüsse","8543.67","8543.67"
"DeQS_WI-NI-S_EJ-2025_QIDB-RR-P_V01_2024-02-23.pdf","OPS_WI_FU_Ausschluss","OPS","OPS-Ausschlüsse","8543.71","8543.71"
"DeQS_WI-NI-S_EJ-2025_QIDB-RR-P_V01_2024-02-23.pdf","OPS_WI_FU_Ausschluss","OPS","OPS-Ausschlüsse","8543.72","8543.72"
"DeQS_WI-NI-S_EJ-2025_QIDB-RR-P_V01_2024-02-23.pdf","OPS_WI_FU_Ausschluss","OPS","OPS-Ausschlüsse","8543.73","8543.73"
"DeQS_WI-NI-S_EJ-2025_QIDB-RR-P_V01_2024-02-23.pdf","OPS_WI_FU_Ausschluss","OPS","OPS-Ausschlüsse","8543.74","8543.74"
"DeQS_WI-NI-S_EJ-2025_QIDB-RR-P_V01_2024-02-23.pdf","OPS_WI_FU_Ausschluss","OPS","OPS-Ausschlüsse","8543.75","8543.75"
"DeQS_WI-NI-S_EJ-2025_QIDB-RR-P_V01_2024-02-23.pdf","OPS_WI_FU_Ausschluss","OPS","OPS-Ausschlüsse","8543.76","8543.76"
"DeQS_WI-NI-S_EJ-2025_QIDB-RR-P_V01_2024-02-23.pdf","OPS_WI_FU_Ausschluss","OPS","OPS-Ausschlüsse","8543.77","8543.77"
"DeQS_WI-NI-S_EJ-2025_QIDB-RR-P_V01_2024-02-23.pdf","OPS_WI_FU_Ausschluss","OPS","OPS-Ausschlüsse","8543.81","8543.81"
"DeQS_WI-NI-S_EJ-2025_QIDB-RR-P_V01_2024-02-23.pdf","OPS_WI_FU_Ausschluss","OPS","OPS-Ausschlüsse","8543.82","8543.82"
"DeQS_WI-NI-S_EJ-2025_QIDB-RR-P_V01_2024-02-23.pdf","OPS_WI_FU_Ausschluss","OPS","OPS-Ausschlüsse","8543.83","8543.83"
"DeQS_WI-NI-S_EJ-2025_QIDB-RR-P_V01_2024-02-23.pdf","OPS_WI_FU_Ausschluss","OPS","OPS-Ausschlüsse","8543.84","8543.84"
"DeQS_WI-NI-S_EJ-2025_QIDB-RR-P_V01_2024-02-23.pdf","OPS_WI_FU_Ausschluss","OPS","OPS-Ausschlüsse","8543.85","8543.85"
"DeQS_WI-NI-S_EJ-2025_QIDB-RR-P_V01_2024-02-23.pdf","OPS_WI_FU_Ausschluss","OPS","OPS-Ausschlüsse","8543.86","8543.86"
"DeQS_WI-NI-S_EJ-2025_QIDB-RR-P_V01_2024-02-23.pdf","OPS_WI_FU_Ausschluss","OPS","OPS-Ausschlüsse","8543.87","8543.87"
"DeQS_WI-NI-S_EJ-2025_QIDB-RR-P_V01_2024-02-23.pdf","OPS_WI_FU_Ausschluss","OPS","OPS-Ausschlüsse","8543.91","8543.91"
"DeQS_WI-NI-S_EJ-2025_QIDB-RR-P_V01_2024-02-23.pdf","OPS_WI_FU_Ausschluss","OPS","OPS-Ausschlüsse","8543.92","8543.92"
"DeQS_WI-NI-S_EJ-2025_QIDB-RR-P_V01_2024-02-23.pdf","OPS_WI_FU_Ausschluss","OPS","OPS-Ausschlüsse","8543.93","8543.93"
"DeQS_WI-NI-S_EJ-2025_QIDB-RR-P_V01_2024-02-23.pdf","OPS_WI_FU_Ausschluss","OPS","OPS-Ausschlüsse","8543.94","8543.94"
"DeQS_WI-NI-S_EJ-2025_QIDB-RR-P_V01_2024-02-23.pdf","OPS_WI_FU_Ausschluss","OPS","OPS-Ausschlüsse","8543.95","8543.95"
"DeQS_WI-NI-S_EJ-2025_QIDB-RR-P_V01_2024-02-23.pdf","OPS_WI_FU_Ausschluss","OPS","OPS-Ausschlüsse","8543.96","8543.96"
"DeQS_WI-NI-S_EJ-2025_QIDB-RR-P_V01_2024-02-23.pdf","OPS_WI_FU_Ausschluss","OPS","OPS-Ausschlüsse","8543.97","8543.97"
"DeQS_WI-NI-S_EJ-2025_QIDB-RR-P_V01_2024-02-23.pdf","OPS_WI_FU_Ausschluss","OPS","OPS-Ausschlüsse","8544.0","8544.0"
"DeQS_WI-NI-S_EJ-2025_QIDB-RR-P_V01_2024-02-23.pdf","OPS_WI_FU_Ausschluss","OPS","OPS-Ausschlüsse","8544.1","8544.1"
"DeQS_WI-NI-S_EJ-2025_QIDB-RR-P_V01_2024-02-23.pdf","OPS_WI_FU_Ausschluss","OPS","OPS-Ausschlüsse","8546.0","8546.0"
"DeQS_WI-NI-S_EJ-2025_QIDB-RR-P_V01_2024-02-23.pdf","OPS_WI_FU_Ausschluss","OPS","OPS-Ausschlüsse","8546.1","8546.1"
"DeQS_WI-NI-S_EJ-2025_QIDB-RR-P_V01_2024-02-23.pdf","OPS_WI_FU_Ausschluss","OPS","OPS-Ausschlüsse","8546.x","8546.x"
